1433,0.01,CC1=NC=C(C=C1)OC2=C(C=C(C=C2)NC3=NC=NC4=C3C=C(C=C4)C=CCNC(=O)COC)C
1982,0,CC1=CC2=C(C=C1C)N(C(=N2)NCCCO)CC(=O)C3=CC(=C(C(=C3)C(C)(C)C)O)C(C)(C)C.Br
435903,0.12,CN1CCC(C(C1)O)C2=C(C=C(C3=C2OC(=CC3=O)C4=CC=CC=C4Cl)O)O
493040,0,C1CNCCN(C1)S(=O)(=O)C2=CC=CC3=C2C=CN=C3
493040,0,C1COCCN1C2=CC(=O)C3=C(O2)C(=CC=C3)C4=CC=CC=C4
493040,0,C1=CC=C2C(=C1)C(=CC3=CC=CN3)C(=O)N2
493040,0,C1=CC(=C(C=C1C=CC2=CC(=CC(=C2)O)O)O)O
493040,0,CC(C)(C)N1C2=NC=NC(=C2C(=N1)C3=CC=C(C=C3)Cl)N
493040,0,C1=CC(=CC=C1C2=NC(=C(N2)C3=CC=NC=C3)C4=CC=C(C=C4)F)O
493040,0,CC1=C(C=C(C=C1)NC(=O)C2=CC=C(C=C2)CN3CCN(CC3)C)NC4=NC=CC(=N4)C5=CN=CC=C5
493040,0,CC(C1CCC(CC1)C(=O)NC2=CC=NC=C2)N
493040,0,CN(C)C1=CC=C(C2=CC=CC=C21)N
493040,0,COC1=C(C=C2C(=C1)N=CN=C2NC3=CC(=C(C=C3)F)Cl)OCCCN4CCOCC4
493040,0,CS(=O)C1=CC=C(C=C1)C2=NC(=C(N2)C3=CC=NC=C3)C4=CC=C(C=C4)F
493040,0,COCCOC1=C(C=C2C(=C1)C(=NC=N2)NC3=CC=CC(=C3)C#C)OCCOC
493040,0,C1=CC=C2C(=C1)C(=O)NC3=CC=CC=C3N2
493040,0,CS(=O)(=O)CCNCC1=CC=C(O1)C2=CC3=C(C=C2)N=CN=C3NC4=CC(=C(C=C4)OCC5=CC(=CC=C5)F)Cl
493040,0,CC(CCC(=O)O)(C1=CC(=C(C=C1)O)N)C2=CC(=C(C=C2)O)N
493040,0,C1=CC=C2C(=C1)C(=CN2)C=C3C4=CC=CC=C4NC3=O
493040,0,CCCN1C(=NC(=C1C2=NC(=NC=C2)NC3CCCCC3)C4=CC(=C(C=C4)Cl)Cl)C5CCNCC5
493040,0,COC1=CC=CC(=C1)NC2=NC=NC3=CC=CC=C32
493040,0,C1=CC=C2C(=C1)N=C(S2)NC(=O)CC3=CC=CS3
493040,0,CC1=CC(=C(C=C1)C)NC(=O)C2=CC(=NC3=CC=CC=C32)C4=CC=CO4
493040,0,C1=CC=C2C(=C1)NC(=N2)C(=NO)C3=NC4=CC=CC=C4N3
493040,0,C1=C(C=NC2=C1NC(=O)N2)Br
493040,0,C1=CC2=C(C=C1Cl)N=NC3=NN=NN23
493040,0,COC1=C2C=CC=C3C2=C(C=C1)C(=NN3)C4=CC(=C(C=C4)OC)OC
493040,0,CC(C)OC1=CC=C(C=C1)NC(=O)N2CCN(CC2)C3=NC=NC4=CC(=C(C=C43)OC)OCCCN5CCCCC5
493040,0,C1=CC(=C(C(=C1)Cl)C2=C3C=CC(=NN3C=NC2=O)SC4=C(C=C(C=C4)F)F)Cl
493040,0,CC1=C(C(=CC=C1)Cl)NC(=O)C2=CN=C(S2)NC3=CC(=NC(=N3)C)N4CCN(CC4)CCO
493040,0,C1C(=O)NN=C2N1C3=CC=CC=C3OC2
493040,0,CN1CCC(CC1)COC2=C(C=C3C(=C2)N=CN=C3NC4=C(C=C(C=C4)Br)F)OC
493040,0,CNC(=O)C1=CC=CC=C1SC2=CC3=C(C=C2)C(=NN3)C=CC4=CC=CC=N4
493040,0,CCN(CC)CCNC(=O)C1=C(NC(=C1C)C=C2C3=C(C=CC(=C3)F)NC2=O)C
493040,0,CCOC(=O)C1=C(N(C2=C1C=C(C3=CC=CC=C32)O)C4=CC=C(C=C4)I)C
493040,0,C1C2=CC=CC=C2C3=C1C=NN3
493040,0,COC1=CC2=C(C=C1)NC=C2C=C3C4=CC=CC=C4NC3=O
493040,0,CN(C)CC(COC1=CC=C(C=C1)NC2=NC=CC(=N2)NC3=C(C=CC(=C3)Cl)Cl)O
493040,0,C1OC2=C(O1)C=C(C=C2)C3=C(NC(=N3)C4=CC=C(C=C4)C(=O)N)C5=CC=CC=N5
493040,0,CCOC1=CC(=C(C=C1)C=C2C(=O)N=C(S2)N)O
493040,0,CN(CC1=CC(=C(C2=C1C=CC=N2)O)Cl)C3CCCCC3
493040,0,C1C2=C(C3=CC=CC=C3NC1=O)NC4=C2C=C(C=C4)[N+](=O)[O-]
493040,0,C1=CC=C2C(=C1)C(=CN2)C=NNC(=O)CCC(=O)NC3=C(C=CC(=C3)C(F)(F)F)Cl
493040,0,CC(C)(C1=CC(=C(C(=C1)I)O)Br)C2=CC(=C(C(=C2)I)O)Br
493040,0,CCN(CC)CCOC1=CC=C(C=C1)NC2=NC=C3C=C(C(=O)N(C3=N2)C)C4=C(C=CC=C4Cl)Cl
493040,0,CC1=C(C(=O)N(C2=NC(=NC=C12)NC3=NC=C(C=C3)N4CCNCC4)C5CCCC5)C(=O)C
493040,0,C1=CC(=C(C(=C1)F)C(=O)N2C(=NC(=N2)NC3=CC=C(C=C3)S(=O)(=O)N)N)F
493040,0,CC(C)(C)C1=NC2=C(N1)C3=C(C=C(C=C3)F)C4=C2C=CNC4=O
493040,0,CC1=CC(=NN1)NC2=CC(=NC(=N2)SC3=CC=C(C=C3)NC(=O)C4CC4)N5CCN(CC5)C
493040,0,C1=CC(=CC(=C1)F)CNC2=NC=NC3=C2NC=N3
493040,0,C1CCN(C1)CCCCNC(=O)NC2=C(C(=NS2)OCC3=C(C=C(C=C3F)Br)F)C(=O)N
493040,0,CC(C1CCC(CC1)C(=O)NC2=C3C=CNC3=NC=C2)N
493040,0,C1=C(C=NC2=NNC(=C21)N)Br
493040,0,CN1C=C(C2=C1C=CC(=C2)OC)C3=CC4=NC=CN=C4N3
493040,0,CN(C)CC1CCN2C=C(C3=CC=CC=C32)C4=C(C5=CN(CCO1)C6=CC=CC=C65)C(=O)NC4=O
493040,0,COC1=C(C=C2C(=C1)C(=NC=N2)NC3=CC=C(C=C3)NC(=O)C4=CC=CC=C4)OCCCN5CCOCC5
493040,0,C1CCC(C(C1)N)NC2=NC(=C(C=C2)C(=O)N)NC3=CC(=CC=C3)Cl
493040,0,CC1=CC2=C(N1)C=CC(=C2F)OC3=NC=NC4=CC(=C(C=C43)OC)OCCCN5CCCC5
493040,0,CNC(=O)C1=CC=CC=C1NC2=NC(=NC=C2Cl)NC3=C(C=C(C=C3)N4CCOCC4)OC
493040,0,CC(=O)NCCNC(=O)C1=CC2=C(C=C1)NC3=C(C=CC(=C3)C4=CC(=C(C=C4)O)OC)C(=O)N2
493040,0,CC1=C(SC(=N1)NC)C2=NC(=NC=C2)NC3=CC=C(C=C3)N4CCNCC4
493040,0,CC1=C(C=C(C=C1)NC2=NC=CC(=N2)N(C)C3=CC4=NN(C(=C4C=C3)C)C)S(=O)(=O)N
493040,0,CN1CCN(CC1)C2=NC3=CC=CC=C3C(=N2)C4=C(C(=O)NC4=O)C5=CNC6=CC=CC=C65
493040,0,COC1=C(C=CC(=C1)C2=CC3=C(C=C2)C(=O)NC4=C(N3)C=CC(=C4)[N+](=O)[O-])O
493040,0,C1=CC=C(C(=C1)C2=CC3=C(C4=C(N3)C=CC(=C4)O)C5=C2C(=O)NC5=O)Cl
493040,0,CN(C)CCCNC(=O)C1=CC2=C(C=C1)NC3=C(C=CC(=C3)C4=CC(=C(C=C4)O)OC)C(=O)N2
493040,0,C1CNC2=NC=NC(=C2N=C1C3=CC=CC=C3)N
493040,0,CCN1C(=C(SC1=O)C2=NC(=NC=C2)NC3=CC(=CC=C3)OC)C
493040,0,CC1(C(=O)NC2=C(O1)C=CC(=N2)NC3=NC(=NC=C3F)NC4=CC(=C(C(=C4)OC)OC)OC)C
493040,0,CCN(CCCOC1=CC2=C(C=C1)C(=NC=N2)NC3=NNC(=C3)CC(=O)NC4=CC(=CC=C4)F)CCOP(=O)(O)O
493040,0,CC1=CNC2=NC=CC(=C12)OC3=C(C=C(C=C3F)NC4=CC(=NC(=N4)N)Cl)F
493040,0,COC1=CC=CC(=C1)CNC(=O)C2=CC=C(C=C2)C3=CC=NC=C3
493040,0,C1=CC=C2C(=C1)N=C(O2)NC3=CC=C(C=C3)C4=CN=C(C5=C4C=C(S5)C(=O)N)N
493040,0,COC1=CC=C(C=C1)COC2=C(C=C(C=C2)CC3=CN=C(N=C3N)N)OC
493040,0,C1C2=CN=C(N=C2C3=C(C=C(C=C3)Cl)C(=N1)C4=C(C=CC=C4F)F)NC5=CC=C(C=C5)C(=O)O
493040,0,CN(C1=C(C=CC=N1)CNC2=NC(=NC=C2C(F)(F)F)NC3=CC4=C(C=C3)NC(=O)C4)S(=O)(=O)C
493040,0,C1CNC(=O)C2=C1NC(=C2)C3=CC=NC=C3
493040,0,CC1=CC(=CC=C1)NC(=O)NC2=CC=C(C=C2)C3=CSC4=C3C(=NC=C4C#CCNC)N
493040,0,CCOC1=C(C(=CC(=N1)C(=O)NCC2=CC=C(C=C2)S(=O)(=O)C)N)C#N
493040,0,CCOC1=C(C(=CC(=N1)C(=O)NCC2=CC=CC=C2S(=O)(=O)N)N)C#N
493040,0,C1CN(CCN1)C2=NC3=CC=CC=C3C(=N2)C4=C(C(=O)NC4=O)C5=CNC6=CC=CC=C65
493040,0,CC(C)(C#N)C1=CC=C(C=C1)N2C3=C4C=C(C=CC4=NC=C3N(C2=O)C)C5=CC6=CC=CC=C6N=C5
493040,0,C1=CC2=C(C(=O)NN2C=C1)Br
493040,0,C1C(C(C(=O)C(=C1C2=CC=CC=C2)C#N)C(=O)C3=CC=CC=C3)C4=CC=C(C=C4)Cl
493040,0,C1CC2=C(C=CS2)C3=C1C=NN3
493040,0,CC(=O)C1=C(C(=O)N(N=C1C2=CC=CC=C2)C)N
493040,0,C1C2=C(NC1=O)N=CC(=C2)C3=CC=CC=C3
493040,0,CCN(CCCOC1=CC2=C(C=C1)C(=NC=N2)NC3=NNC(=C3)CC(=O)NC4=CC(=CC=C4)F)CCO
493040,0,CC(C)S(=O)(=O)C1=CC=CC=C1NC2=NC(=NC=C2Cl)NC3=C(C=C(C=C3)N4CCC(CC4)N5CCN(CC5)C)OC
493040,0,CCC1=C2N=C(C=C(N2N=C1)NCC3=C[N+](=CC=C3)[O-])N4CCCCC4CCO
493040,0,CC1=NC=CN2C1=NC(=C2C3=NC(=NC=C3)NCC(C)(C)CO)C4=C(C=C(C=C4)F)F
493040,0,CC1=NC=CN2C1=NC(=C2C3=NC(=NC=C3)NCC(C)(C)O)C4=C(C=C(C=C4)F)F
493040,0,CCCNC(=O)C1=CC=C(C=C1)NC2=NC3=C(C=CN3)C(=N2)NCC(F)(F)F
493040,0,CC1=C(C=CC2=C3C4=CC(=C(C=C4N=CC3=C(N=C12)N)OC)OC)N
493040,0,C1=CC2=C(C=CC(=C2)CN3C4=NC(=CN=C4N=N3)C5=CN(N=C5)CCO)N=C1
493040,0,C1CCC(C1)C(CC#N)N2C=C(C=N2)C3=C4C=CNC4=NC=N3
493040,0,C1=CC=C(C=C1)C2=CC=CC3=NC=CN32
493040,0,COCOC1=C(C(=CC=C1)OCOC)C2=C(C=C(C=C2)NS(=O)(=O)C)C(=O)OC
493040,0,C1=CC(=CC=C1C2=CN=CC3=C2C=C(S3)C(=O)N)Br
493040,0,CN1CCN(CC1)C2=CC=C(C=C2)NC3=NC(=C(S3)C(=O)C4=C(C=CC=C4Cl)Cl)N
493040,0,C1=CN=CC2=C1C=C(S2)C(=O)N
493040,0,CC1=C2C=C(C=CC2=NN1)C3=CC(=CN=C3)OCC(CC4=CC(=CC=C4)Cl)N
493040,0,CN1CCN(CC1)C2=CC=C(C=C2)C(=O)NC3=NNC4=C3CN(C4)C(=O)C(C5=CC=CC=C5)OC
493040,0,C1C2=C(C=CC=C2Br)C(=O)N1
493040,0,C1=CC=C(C=C1)C2=C3C=CNC3=NC=C2
493040,0,C1CCN(CC1)C2=NC=NC3=C2C(=CN3)C4=CC=CC=C4
493040,0,C1=CC=C2C(=C1)C(=CN2)CC(COC3=CN=CC(=C3)C4=CC5=C(C=C4)C=NC=C5)N
493040,0,CC1=CC(=CC=C1)NC2=NC(=CN=C2C(=O)N)NC3CCCCC3N
493040,0,CCOC(=O)C1=C(N2C3=CC(=C(C=C3NC(=O)C2=N1)[N+](=O)[O-])NC(=O)C)C
493040,0,C1=CC=C(C(=C1)C(=O)O)NC2=NC(=NC=C2)NC3=CC(=CC=C3)F
493040,0,C1=CC=C(C(=C1)C(=O)O)NC2=NC(=NC=C2)NC3=CC=C(C=C3)[N+](=O)[O-]
493040,0,C1=CC=C(C(=C1)C(=O)O)NC2=NC(=NC=C2)NC3=CC4=C(C=C3)C=NN4
493040,0,CCNC1=NC(=C(S1)C2=NC(=NC=C2)NC3=CC=C(C=C3)N4CCN(CC4)C(=O)C)C
493040,0,C1C=CC2C1C(NC3=C2C4=CC=CC=C4C=C3)C5=CC(=CC=C5)NC(=O)C6=CC=C(C=C6)F
493040,0,C1COCCN1CCCCOC2=CC3=C(CC4=C3NN=C4C5=CN=C(C=C5)C#N)C=C2
493040,0,CCC1=C(NC2=NC=CN=C12)C3=CC=C(C=C3)C(C)(C)O
493040,0,COC1=C(C(=CC=C1)F)C2=NCC3=CN=C(N=C3C4=C2C=C(C=C4)Cl)NC5=CC(=C(C=C5)C(=O)O)OC
493040,0,C1=CC=C2C(=C1)C(=CC=N2)NC(=O)NC3=NC=CN=C3
493040,0,C1=CC(=C(C=C1Cl)Cl)C2=C(C=C(N2)C3=NC(=NC=C3)N)C(=O)N
493040,0,C1=CC(=C(C=C1Cl)F)C2=C(C=C(N2)C3=NC(=NC=C3)N)C(=O)N
493040,0,CC(C)(C1=NC(=CC=C1)N2C3=NC(=NC=C3C(=O)N2CC=C)NC4=CC=C(C=C4)N5CCN(CC5)C)O
493040,0,C1=CN=C2C(=CC(=CC2=C1NC(=O)NC3=NC=CN=C3)F)F
493040,0,C1CCC(C1)N2C3=NC=NC(=C3C(=N2)C4=CN=C5C(=C4)C=CN5)N
493040,0,COC1=CC2=C(C=C1)NC(=O)C2=CC3=CN=CN3
493040,0,C1=CC(=CC(=C1)Cl)NC(=O)NC2=NC=C(S2)CCNC3=NC=NC4=C3SC=C4
493040,0,CCCC(=O)NC1=CC=CC(=C1)C2=NC3=C(C=C(C=C3)OCCN4CCCC4)C(=N2)NC5=CC6=C(C=C5)NN=C6
493040,0,C1CC1NC2=NC(=NC3=C2SC=C3)NC4=CC(=C(C=C4)N5CCOCC5)Cl
493040,0,CN1CCN(CC1)C2=CC(=C(C=C2)C(=O)NC3=NNC4=C3C=C(C=C4)CC5=CC(=CC(=C5)F)F)NC6CCOCC6
493040,0,CCCC(=O)NC1=NNC2=C1C=C(C=C2)C3=CN(N=N3)CC4=CC=CC=C4
493040,0,C1=CC2=C(C=C1C3=CC(=NO3)CO)C=NN2
493040,0,C1=CC(=CC(=C1)NC(=O)C2=C3C(=CC=C2)SN=C3N)CNC(=O)NC4=CC(=CC=C4)F
493040,0,CN(C)CC(=O)N1CCC2=CC(=C(C=C21)NC3=NC4=C(C=CN4)C(=N3)NC5=C(C(=CC=C5)F)C(=O)N)OC
493040,0,C1C2COCC2CN1C3=CC4=C(C=CN=C4C=C3)NC(=O)NC5=NC=CN=C5
493040,0,CCN(CC)CCNC1=CC=C(C2=CC=CC=C21)O
493040,0,C1=CC(=CC(=C1)F)NC(=O)NC2=CC=C(C=C2)NC(=O)C3=C4C(=NC=NN4C=C3)N
493040,0,C1CN(CC=C1C2=CNC3=C2C=CC=N3)C(=O)NCCC4=CC=CS4
493040,0,COC1=C(C=CC(=C1)C2=CC3=C(C=C2)C(=O)NC4=C(N3)C(=CC=C4)O)O
493040,0,C1=CC(=CC(=C1)F)NC(=O)NC2=CC=C(C=C2)C3=CSC4=C3C(=NC=C4C5=CN(N=C5)CCO)N
493040,0,C1=CC(=CC=C1C2=CSC3=C2C(=NC=C3C4=CN(N=C4)CCO)N)NC(=O)NC5=CC=C(C=C5)OC(F)F
493040,0,CC(C)(CN1C=C(C=N1)C2=CN=C(C3=C2SC=C3C4=CC=C(C=C4)NC(=O)NC5=CC=C(C=C5)OC)N)O
493040,0,C1=CC=C2C(=C1)C=C(S2)C3=CC(=CC4=C3NN=C4)C5=CN(C6=CN=C(N=C65)N)CCCN
493040,0,C1CN(CC2=C1C=CC=C2C(=O)NC3=NC4=CC=CC=C4S3)C5=NC(=C(S5)C6=CC=C(C=C6)CO)C(=O)O
493040,0,CN1CCN(CC1)C2=NC=C(C=C2)C3=CC4=C(NCCN4CC5=C(C=CC(=C5)Cl)C(F)(F)F)N=C3
493040,0,CC1=C(C=CC(=C1)OCC2=CC(=C(C=C2)Cl)Cl)CN3CC(C3)C(=O)O
493040,0,C1C(CN1CC2=C(C=C(C=C2)OCC3=CC=CC=C3)Cl)C(=O)O
493040,0,CCCCC#CC1=CC=C(C=C1)CN2CC(C2)C(=O)O
493040,0,CC1=C(C=CC=C1NC(=O)C2=CC=C(C=C2)C(C)(C)C)C3=CN(C(=O)C(=C3)NC4=NC=C(C=C4)C(=O)N5CCOCC5)C
493040,0,CCN(CC)CCNC(=O)C1=CC(=CC=C1)N2C(=CC(=N2)C(C)(C)C)NC(=O)NC3=CC=CC4=CC=CC=C43
493040,0,CC(C)(C)C1=NN(C(=C1)NC(=O)NC2=CC=CC3=CC=CC=C32)C4=CC=CC(=C4)C(=O)NCCCO
493040,0,C1CC(CCC1NC2=NC(=CC(=N2)Cl)C3=CNC4=C3C=CC=N4)O
493040,0,C1CC(CCC1N)NC2=NC(=CC(=N2)Cl)C3=CNC4=C3C=CC=N4
493040,0,C1=CC(=CC=C1C2=CNC3=NC=CC(=C23)Cl)C(=O)N
493040,0,C1CCC(CC1)NC2=NC(=CC(=N2)Cl)C3=CNC4=C3C=CC=N4
493040,0,CN(C)C1CCC(CC1)NC2=NC(=CC(=N2)Cl)C3=CNC4=C3C=CC=N4
493040,0,C1CCC(CC1)NC2=CC(=NC(=N2)C3=CNC4=C3C=CC=N4)Cl
493040,0,CC(C)(C)NC1=NC=NC2=C1C(=CN2)C3=CC=CC=C3
493040,0,C1=CC2=C(NC=C2C3=CC(=NC(=N3)N)Cl)N=C1
493040,0,C1CC(CCC1NC2=CC(=NC(=N2)C3=CNC4=C3C=CC=N4)Cl)O
493040,0,C1CC(CC(C1)NC2=NC(=CC(=N2)Cl)C3=CNC4=C3C=CC=N4)N
493040,0,CC(C)(CN)CNC1=NC(=CC(=C1)C2=CNC3=C2C=CC=N3)Cl
493040,0,C1=CC2=C(NC=C2C3=CC(=NC(=C3)Cl)NCCN)N=C1
493040,0,CS(=O)(=O)NCCNC1=NC(=CC(=C1)C2=CNC3=C2C=CC=N3)Cl
493040,0,CN(C)C1CCCC(C1)NC2=NC(=CC(=N2)Cl)C3=CNC4=C3C=CC=N4
493040,0,CC(C)CNC1CCC(CC1)NC2=NC(=CC(=N2)Cl)C3=CNC4=C3C=CC=N4
493040,0,CC(C)(CN)CNC1=NC(=CC(=C1)C2=CNC3=C2C=CC=N3)F
493040,0,CC(=O)NC1CCCC(C1)NC2=NC(=CC(=N2)Cl)C3=CNC4=C3C=CC=N4
493040,0,CNCC(=O)NC1CCC(CC1)NC2=NC(=CC(=N2)Cl)C3=CNC4=C3C=CC=N4
493040,0,CN(C)CC(=O)NC1CCC(CC1)NC2=NC(=CC(=N2)Cl)C3=CNC4=C3C=CC=N4
493040,0,C1CCC(C(C1)N)NC2=NC(=CC(=N2)Cl)C3=CNC4=C3C=CC=N4
493040,0,C1=CC2=C(NC=C2C3=CC(=NC=N3)Cl)N=C1
493040,0,CCCC(=O)NC1=NC(=CC(=C1)C2=CNC3=C2C=CC=N3)Cl
493040,0,C1=CC(=C(C(=C1)F)C(=O)NC2=NC(=CC(=C2)C3=CNC4=C3C=CC=N4)Cl)F
493040,0,C1CC(CC(C1)O)NC2=CC(=NC(=N2)C3=CNC4=C3C=CC=N4)Cl
493040,0,C1CC(CCC1N)NC2=CC(=NC(=N2)C3=CNC4=C3C=CC=N4)Cl
493040,0,CS(=O)(=O)NC1CCC(CC1)NC2=CC(=NC(=N2)C3=CNC4=C3C=CC=N4)Cl
493040,0,CCCCC(=O)NC1=NC(=CC(=C1)C2=CNC3=C2C=CC=N3)Cl
493040,0,C1=CC=C(C=C1)C(=O)NC2=NC(=CC(=C2)C3=CNC4=C3C=CC=N4)Cl
493040,0,C1OC2=C(O1)C=C(C=C2)C3=C4N=CC(=C(N4N=C3)N)C5=CC=C(C=C5)NC(=O)NC6=CC=CC(=C6)C(F)(F)F
493040,0,CC1=CC(=CC=C1)NC(=O)NC2=CC=C(C=C2)C3=CSC4=C3C(=NC=C4C#CCCCCCCCCN)N
493040,0,COC1=CC=C(C=C1)NC(=O)NC2=CC=C(C=C2)C3=CSC4=C3C(=NC=C4C5=CN(N=C5)CC(CO)O)N
493040,0,CCN(CC)CCCNC(=O)C1=CN=C(C2=C1SC=C2C3=CC=C(C=C3)NC(=O)NC4=CC=CC(=C4)C)N
493040,0,CC1=CC(=C(C=C1)F)NC(=O)NC2=CC=C(C=C2)C3=COC4=C3C(=NC=C4C#CCN5CCOCC5)N
493040,0,CN1C=C(C=N1)C2=CN=C(C3=C2SC=C3C4=CC=C(C=C4)NC(=O)NC5=CC(=CC=C5)F)N
493040,0,CCN(CC)CCCNC(=O)C1=CN=C(C2=C1SC=C2C3=CC=C(C=C3)NC(=O)NC4=CC(=CC=C4)F)N
493040,0,CC1=CC(=CC=C1)NC(=O)NC2=CC=C(C=C2)C3=CSC4=C3C(=NC=C4C5=CN(N=C5)CC(C)O)N
493040,0,C1=CC(=CC(=C1)NC(=O)NC2=CC=C(C=C2)C3=C(C4=NC=CN=C4C=C3)N)C(F)(F)F
493040,0,CC1=C(C=CC(=C1)NC2=NC=C(C(=N2)NC3C4CC(C3C(=O)N)C=C4)F)N5CCN(CC5)C
493040,0,CN1CCN(CC1)C2=CC=C(C=C2)NC3=NC=C(C(=N3)NC4=CC5=C(C=C4)NN=C5)Cl
493040,0,C1=CC(=CC(=C1)F)NC(=O)NC2=CC=C(C=C2)C3=CC4=C(C=C3)C=NN4
493040,0,CC1=CC(=O)NN=C1C2=CC=C(C=C2)NC(=O)NC3=CC(=CC=C3)Cl
493040,0,CC1=CC(=O)NN=C1C2=CC=C(C=C2)NC(=O)NC3=C(C=CC(=C3)C(F)(F)F)F
493040,0,C1=CC(=CC(=C1)NC(=O)NC2=CC=C(C=C2)C3=NNC(=O)C=C3)C(F)(F)F
493040,0,C1=CC(=CC(=C1)NC(=O)NC2=CC(=CC=C2)F)C3=CC4=C(C=C3)C=NN4
493040,0,CC1=C2C=C(C=CC2=NN1)C3=CC(=CN=C3)OCCN
493040,0,CC1=C2C=C(C=CC2=NN1)C3=CC(=CN=C3)OCC(CC4=CC(=C(C=C4)Cl)Cl)N
493040,0,CC1=CC=CC=C1C2=C(N=NN2CC3=CC=CC=C3)C4=CC5=C(C=C4)NN=C5N
493040,0,CC(C)(C)CCOC1=CC(=CC2=C1C(=NN2)N)C3=CC=C(C=C3)C(=O)N
493040,0,COC1=C(C=C(C=C1)C(=O)NC2=NNC3=C2C=C(C=C3)C4=CN(N=N4)CC5=CC=CC=C5)OC
493040,0,C1=CC=C(C=C1)CN2C=C(N=N2)C3=CC4=C(C=C3)NN=C4NC(=O)C5=C(C=CC(=C5)F)F
493040,0,C1=CC=C(C=C1)CN2C=C(N=N2)C3=CC4=C(C=C3)NN=C4NC(=O)C5=CC(=CC=C5)F
493040,0,COC1=CC(=CC(=C1)C(=O)NC2=NNC3=C2C=C(C=C3)C4=CN(N=N4)CC5=CC=CC=C5)OC
493040,0,COC1=CC=CC(=C1)C(=O)NC2=NNC3=C2C=C(C=C3)C4=CN(N=N4)CC5=CC=CC=C5
493040,0,CN(C)CC(=O)NC1=NNC2=C1C=C(C=C2)C3=CN(N=N3)CC4=CC=CC=C4
493040,0,C1=CC=C(C=C1)CN2C=C(N=N2)C3=CC4=C(C=C3)NN=C4NC(=O)C5=CC=C(C=C5)C#N
493040,0,C1=CC=C(C=C1)CN2C=C(N=N2)C3=CC4=C(C=C3)NN=C4NC(=O)C5=CC=CC(=C5)C#N
493040,0,C1=CC=C(C=C1)CN2C=C(N=N2)C3=CC4=C(C=C3)NN=C4NC(=O)C5=CC=C(C=C5)F
493040,0,C1=CC=C(C=C1)CN2C=C(N=N2)C3=CC4=C(C=C3)NN=C4NC(=O)C5=CC(=CC=C5)Cl
493040,0,C1=CC=C(C=C1)CN2C=C(N=N2)C3=CC4=C(C=C3)NN=C4NC(=O)C5=CC=C(C=C5)Cl
493040,0,CN(C)C1=CC=C(C=C1)C(=O)NC2=NNC3=C2C=C(C=C3)C4=CN(N=N4)CC5=CC=CC=C5
493040,0,C1=CC=C(C=C1)C(CN)NC(=O)C2=CC=C(C=C2)C3=CC=NC=C3
493040,0,CC(C1=CC(=CC=C1)OC)NC(=O)C2=CC=C(C=C2)C3=CC=NC=C3
493040,0,C1=CC=C(C=C1)CNC2=C(C=CC(=C2)C3=CC=NC=C3)C#N
493040,0,C1C2=C(C=CC=C2C(=O)N1)C3=CC=CS3
493040,0,C1=CC=C(C=C1)C(CCO)NC(=O)C2=CC=C(C=C2)C3=CC=NC=C3
493040,0,CCCOC1=CC=CC(=C1)C(C)NC(=O)C2=CC=C(C=C2)C3=C(C=NC=C3)F
493040,0,COC1=CC=CC(=C1)CNC(=O)C2=CN=C(N=C2)C3=CC=NC=C3
493040,0,CNS(=O)(=O)C1=CC=CC=C1NC2=NC(=NC=C2Cl)NC3=CC(=C(C(=C3)OC)OC)OC
493040,0,CCN1CCN(CC1)C2=CC=C(C=C2)NC3=NC=C(C(=N3)NC4=CC5=C(C=C4)NN=C5)Cl
493040,0,CN1C=C(C=N1)NC2=NC=C(C(=N2)NC3=CC=CC=C3C(=O)N)Br
493040,0,CN1C=C(C=N1)NC2=NC=C(C(=N2)NC3=CC=CC=C3C(=O)N)Cl
493040,0,C1=CC=C(C(=C1)C(=O)O)NC2=NC=NC(=N2)NC3=CC=C(C=C3)F
493040,0,C1=CC=C(C(=C1)C(=O)O)NC2=NC=NC(=N2)NC3=CC4=C(C=C3)C=NN4
493040,0,C1=CC=C(C(=C1)C(=O)O)NC2=NC=NC(=N2)NC3=CC(=CC=C3)F
493040,0,CCCNC(=O)C1=CC=C(C=C1)NC2=NC(=C3C=CNC3=N2)CC
493040,0,CCCNC(=O)C1=CC=C(C=C1)NC2=NC(=C3C=CNC3=N2)CCC(F)(F)F
493040,0,COC1=CC=C(C=C1)N2C=CC3=CN=C(N=C32)NC4=CC(=C(C(=C4)OC)OC)OC
493040,0,C1CCC(CC1)NC2=C(C=C(C=C2)S(=O)(=O)NC(=O)C3=CC=C(C=C3)C4=CC=C(C=C4)F)N
493040,0,C1=CC=C2C(=C1)C(=CN2)CC(C(=O)NC3=CN=CC(=C3)C=CC4=CC=NC=C4)N
493040,0,COC1=C(C=CC(=C1)C2=CC3=C(C=C2)C(=O)NC4=C(N3)C=CC(=C4)C(=O)NCC5=CC(=CC=C5)F)O
493040,0,COC1=CC(=CC(=C1OC)OC)C2=CC3=C(C=C2)NC4=C(C=CC(=C4)C5=CC=CC=C5NS(=O)(=O)C)C(=O)N3
493040,0,C1=CC(=CN=C1)C2=CC3=CC(=NC=C3C=C2)NCCO
493040,0,CC(=O)NCC(=O)N1C2CCC1C3=C2C=CC(=C3)NC4=NC=C(C(=N4)NC5CCC5)C(F)(F)F
493040,0,CC(C)(CNC1=NC=CC(=N1)C2=C(N=C3N2C=CN=C3OC)C4=CC=C(C=C4)F)CO
493040,0,CC(C)COC1=NC=CN2C1=NC(=C2C3=NC(=NC=C3)NCC(C)(C)CO)C4=CC=C(C=C4)F
493040,0,CC(=O)C1=CC=CC(=C1)C2=CN=C3C(=C2)C=CN3
493040,0,COC1=CC=CC=C1C2=NC(=NC=C2)NC3=CC(=CC=C3)S(=O)(=O)C
493040,0,COCC#CC1=C2CC3=C(NN=C3C2=CC=C1)C4=CC=CS4
493040,0,CC(C1=CC=CC=C1F)NC2=CN=CC(=N2)N3C=NC4=C3C=C(C=C4)C#N
493040,0,C1=CC2=C(C=C1C#N)N(C(=N2)N)C3=NC=CS3
493040,0,C1CCC2=C(C1)N=C(S2)N3C4=C(C=CC(=C4)C#N)N=C3N
493040,0,COC1=CC=CC=C1CN=C(N)NC2=NC=CC(=N2)C3=CC=CS3
493040,0,CCN(CCN)C(=O)C1=CC(=CC=C1)N2C(=CC(=N2)C(C)(C)C)NC(=O)NC3=CC=CC4=CC=CC=C43
493040,0,CC(C)C(CO)NC(=O)C1=CC(=CC=C1)N2C(=CC(=N2)C(C)(C)C)NC(=O)NC3=CC=CC4=CC=CC=C43
493040,0,CC(C)(C)C1=NN(C(=C1)NC(=O)C(=O)C2=CC=CC3=CC=CC=C32)C4=CC=C(C=C4)OCCC(=O)N
493040,0,CC(C)N(CCCN)C(=O)C1=CC(=CC=C1)N2C(=CC(=N2)C(C)(C)C)NC(=O)NC3=CC=CC4=CC=CC=C43
493040,0,CC(C)(C)C1=NN(C(=C1)NC(=O)C(=O)C2=CC=CC3=CC=CC=C32)C4=CC=C(C=C4)OCC(=O)N
493040,0,CC(C)(C)C1=NN(C(=C1)NC(=O)NC2=CC=CC3=CC=CC=C32)C4=CC=CC(=C4)C(=O)NCCCCN(C)C
493040,0,CC(C)(C)C1=NN(C(=C1)NC(=O)C(=O)C2=CC=CC3=CC=CC=C32)C4=CC=C(C=C4)OCC(=O)NCCO
493040,0,CC(C)(C)C1=NN(C(=C1)NC(=O)NC2=CC=CC3=CC=CC=C32)C4=CC=CC(=C4)C(=O)N(C)CCCN(C)C
493040,0,CC(C)(C)C1=NN(C(=C1)NC(=O)NC2=CC=CC3=CC=CC=C32)C4=CC=CC(=C4)C(=O)N(C)CCN
493040,0,CC(C)(C)C1=NN(C(=C1)NC(=O)NC2=CC=CC3=CC=CC=C32)C4=CC=CC(=C4)C(=O)NCCOCCO
493040,0,CC(C)(C)C1=NN(C(=C1)NC(=O)NC2=CC=CC3=CC=CC=C32)C4=CC=CC(=C4)C(=O)NCCCCO
493040,0,CC(C)(C)C1=NN(C(=C1)NC(=O)NC2=CC=CC3=CC=CC=C32)C4=CC=CC(=C4)C(=O)N(CCN)CCO
493040,0,CCN(CCN(C)C)C(=O)C1=CC(=CC=C1)N2C(=CC(=N2)C(C)(C)C)NC(=O)NC3=CC=CC4=CC=CC=C43
493040,0,CC(C)(C)C1=NN(C(=C1)NC(=O)C(=O)C2=CC=CC3=CC=CC=C32)C4=CC(=CC=C4)OCC(=O)O
493040,0,CC(C)(C)C1=NN(C(=C1)NC(=O)C(=O)C2=CC=CC3=CC=CC=C32)C4=CC(=CC=C4)OCC(=O)NCCO
493040,0,CC(C)(C)C1=NN(C(=C1)NC(=O)C(=O)C2=CC=CC3=CC=CC=C32)C4=CC=C(C=C4)OCC(=O)O
493040,0,CC(C)(C)C1=NN(C(=C1)NC(=O)C(=O)C2=CC=CC3=CC=CC=C32)C4=CC=C(C=C4)OCCC(=O)O
493040,0,CC(C)(C)C1=NN(C(=C1)NC(=O)NC2=CC=CC3=CC=CC=C32)C4=CC=CC(=C4)C(=O)NCCCCC(=O)O
493040,0,CC(C)(C)C1=NN(C(=C1)NC(=O)NC2=CC=CC3=CC=CC=C32)C4=CC=CC(=C4)C(=O)N(C)CCC#N
493040,0,C1=CN(C=C1)CCCOC2=C3C(=C(C=C2)C4=CC=C(C=C4)NC(=O)NC5=CC(=CC=C5)Cl)C(=NN3)N
493040,0,CN1C=C(C2=C1C=CC(=C2)OC)C3=CC4=NC(=CN=C4N3)Br
493040,0,CN1C=C(C2=C1C=CC(=C2)F)C3=CC4=NC(=CN=C4N3)Br
493040,0,CN1C=C(C2=CC=CC=C21)C3=CC4=NC(=CN=C4N3)Br
493040,0,CN(C)C1=CC=C(C=C1)C2=CC(=NC(=N2)NS(=O)(=O)C3=CC=C(C=C3)N)C4=CC=C(C=C4)[N+](=O)[O-]
493040,0,C1=CC(=NC(=C1)NC(=O)NC2=C3C=CC(=CC3=NC=C2)Cl)C(F)(F)F
493040,0,C1=CC(=NC(=C1)NC(=O)NC2=C3C=C(C=CC3=NC=C2)Cl)C(F)(F)F
493040,0,C1=CC(=NC(=C1)NC(=O)NC2=C3C=CC(=CC3=NC=C2)C(F)(F)F)C#N
493040,0,COC1=CC2=NC=CC(=C2C=C1)NC(=O)NC3=CC=CC(=N3)C(F)(F)F
493040,0,CC1=CC2=C(C=CN=C2C=C1)NC(=O)NC3=CC=CC(=N3)C(F)(F)F
493040,0,C1=CC(=NC(=C1)NC(=O)NC2=C3C=C(C=CC3=NC=C2)F)C(F)(F)F
493040,0,CCC1=CC2=C(C=CN=C2C=C1)NC(=O)NC3=CC=CC(=N3)C(F)(F)F
493040,0,C1=CC(=NC(=C1)NC(=O)NC2=C3C=CC(=CC3=NC=C2)OC(F)F)C(F)(F)F
493040,0,CCC1=CC2=NC=CC(=C2C=C1)NC(=O)NC3=CC=CC(=N3)C(F)(F)F
493040,0,C1=CC(=NC(=C1)NC(=O)NC2=C3C=C(C(=CC3=NC=C2)F)F)C(F)(F)F
493040,0,C1=CC(=NC(=C1)NC(=O)NC2=CC=NC3=C(C=CC(=C23)F)F)C(F)(F)F
493040,0,C1=CC2=C(C=CN=C2C(=C1)F)NC(=O)NC3=CC=CC(=N3)C(F)(F)F
493040,0,CC#CC1=CC2=C(C=CN=C2C=C1)NC(=O)NC3=CC=CC(=N3)C(F)(F)F
493040,0,CCCC1=CC2=C(C=CN=C2C=C1)NC(=O)NC3=CC=CC(=N3)C(F)(F)F
493040,0,CC(C1=CC(=CC=C1)OC)NC(=O)C2=CN=C(N=C2)C3=CC=NC=C3
493040,0,CS(=O)(=O)N(CC1=CC2=C(C=C1)NC(=O)C3=CC=CN32)C4CC4
493040,0,CCC1CC(CC1C2=NC=C3N2C4=C(NC=C4)N=C3)NS(=O)(=O)C5CC5
493040,0,CC1CCN(CC1C2=NC=C3N2C4=C(NC=C4)N=C3)C(=O)CC#N
493040,0,CC(C1=CC(=CC=C1)OC)NC(=O)C2=CC=C(S2)C3=CC=NC=C3
493040,0,CC1=C(SC(=N1)C2=CC=NC=C2)C(=O)NC(C)C3=CC(=CC=C3)OC
493040,0,CCOC(=O)CC1=NC2=C(C=CC=C2N1)N
493040,0,C1C(CN1CC2=C(C=C(C=C2)OCC3=CC(=CC=C3)C(F)(F)F)Cl)C(=O)O
493040,0,C1C(CN1CC2=CC=C(C=C2)OCC3=CC(=CC=C3)C(F)(F)F)C(=O)O
493040,0,CC1=CN=C(S1)NC2=NC(=NC=C2Br)NC(C)C
493040,0,CC(C)C(C)NC1=NC=C(C(=N1)NC2=NC=CS2)Cl
493040,0,CC1=CC=C(C=C1)C2=CC3=C(C=CC(=C3N2)C(=O)N)NCCN
493040,0,C#CC1=CN(C2=NC=NC(=C12)N)C3CCCC3
493040,0,C1COCC1N2C=C(C3=C(N=CN=C32)N)C4=CC=C(C=C4)OC5=CC=C(C=C5)CO
493040,0,CCN(C1=CC=C(C=C1)NC2=NC3=C(C(=N2)NC4CC4)NC=N3)C(=O)C
493040,0,CCCNC(=O)C1=CC=C(C=C1)NC2=NC3=C(C(=N2)NCC(F)(F)F)SC=C3
493040,0,CC1=CC(=CC=C1)C2=C3C(=CC=C2)ON=C3N
493040,0,CC(C)CC1=C2C=CNC2=NC(=N1)NC3=CC(=C(C=C3)N4CCOCC4)Cl
493040,0,CCC1=C2C=CNC2=NC(=N1)NC3=CC(=C(C=C3)N4CCOCC4)Cl
493040,0,C1=CC=C2C(=C1)C3=C(C2=NO)C=C(C=C3)NS(=O)(=O)C4=CC(=CC=C4)Br
493040,0,CN1CCN(CC1)C2=CC(=C(C=C2)C(=O)NC3=NNC4=C3C=C(C=C4)CC5=CC(=CC(=C5)F)F)OC
493040,0,CCCC(=O)NC1=NNC2=C1C=C(C=C2)C3=C(C(=CC=C3)F)F
493040,0,CCOCC(C)OC1=CC=CC2=C1C(=NN2)N
493040,0,CS(=O)(=O)C1=CC=CC(=C1)C(=O)NC2=NC3=CC=CC=C3N2CCCO
493040,0,C1=CC=C(C=C1)C2=NC(=NC=N2)NC3=CC(=C(C=C3)O)CN
493040,0,CN1C2=CC=CC=C2C=C1C(=O)NC3=C(C=C(C=C3)C4=CSC5=C4C(=NC=C5C=CC(=O)NCCN(C)C)N)OC
493040,0,C1=CC=C(C=C1)N2C(=C3C=CC(=CC3=N2)N)C(=O)O
493040,0,C1=CNC(=C1)C=C2C3=C(C=C(C=C3)C4=CC=C(C=C4)O)NC2=O
493040,0,CS(=O)(=O)NC1=CC=C(C=C1)NC2=CC3=C(C=C2)NN=C3N
493040,0,CC1=CC(=NC=C1)NC2=NC(=NC(=C2)C)C3=CC=CC=C3
493040,0,CCN1CCN(CC1)C2=CC=C(C=C2)NC3=NC=C(C(=N3)NC4=CC5=C(C=C4)NN=C5)C#N
493040,0,C1=CC(=CC=C1C2=NC3=C(N2)C=C(C=C3)O)SC4=CC=C(C=C4)C5=NC6=C(N5)C=C(C=C6)O
493040,0,COC(=O)C1=C(N=C2N1C=CC=C2)N
493040,0,CC1=CC=C(S1)C2=C(C(=O)NC(=C2)C3=C(C=CC(=C3)Br)O)C#N
493040,0,CC(=O)C1=CC=CC(=C1)C2=NN3C=CN=C3C=C2
493040,0,C1=CC=C(C=C1)N2C=CC3=CN=C(N=C32)NC4=CC(=CC=C4)S(=O)(=O)N
493040,0,CC1=C(C=CC(=C1)C2=C3C=CNC3=NC=N2)F
493040,0,CCC1=C(NC2=NC=CN=C12)C3=CC=C(C=C3)C(=O)C
493040,0,CC1=CC=C(C=C1)C2=CC3=NC(=CN=C3N2)Br
493040,0,C1=CC(=CN=C1)C2=CC=C(C=C2)CC(=O)NC3=CC=C(C=C3)SC(F)F
493040,0,C1=CC=C(C=C1)C2=NC=C3N2C(=NC=C3)N
493040,0,CC1=CC(=C(C=C1)F)NC(=O)NC2=CC=C(C=C2)C3=C4C(=C(C=C3)OCCCN5C=CC=C5)NN=C4N
493040,0,CC1=CC(=O)NN=C1C2=CC(=C(C=C2)NC(=O)NC3=C(C=CC(=C3)C(F)(F)F)F)Cl
493040,0,C1=CC=C(C=C1)C2=CC=CC=C2NC(=O)NC3=NC4=C(C=CC=C4S3)O
493040,0,CN1C2=C(C=C(C=C2)N)C(C3=C1C=CC(=C3)N)C4=CC=CC=C4
493040,0,CN(C)C1=CC=C(C=C1)NC2=NNC(=C2)C3=CSC(=C3)Br
493040,0,CCCC(=O)NC1=NNC2=NN=C(C=C21)C3=C(C(=CC=C3)F)F
493040,0,CC(C)NC1=C(C(=O)NN1)C=C2C=C3C=CC=CC3=N2
493040,0,COC1=C(C(=CC=C1)OC)CNC2=NC(=NC3=C2C=C(C=C3)Cl)NC4CCCCC4
493040,0,C1COCCN1C2=CC=C(C=C2)OCCC3=CC4=C(C=C3)NC5=C(C=CC(=C5)C6=CN(C7=C6C=CN=C7)CC8=CC(=C(C(=C8)F)F)F)C(=O)N4
493040,0,CCCCNC1=NC(=C(S1)C(=O)C2=CC=CC=C2)N
493040,0,CC1=CC=C(C=C1)NCC2=CN=C(C=C2)C3=CC=C(C=C3)F
493040,0,CC1=C2C=C(N=CC2=NN1)C3=CC(=CN=C3)OCC(CC4=CC(=CC=C4)C(F)(F)F)N
493040,0,CC1=C2C(=O)C3=C(C=C(C=C3)C(C)C)NC2=NC=C1
493040,0,CC1=NC2=CC(=NN2C(=C1)C(=O)N)C(C)(C)C
493040,0,CC(C)C1=CC(=O)NC2=C1C(=O)NN2
493040,0,C1CC2=C(CC1C3=CC=CC=C3)C=NN2
493040,0,C1CNC2(CCN(CC2)C(=O)CC3=CC=C(C=C3)OC(F)(F)F)C4=C1C5=CC=CC=C5N4
493040,0,C1CNC(=O)C2=C(N1)C(=CS2)C(=O)O
493040,0,CC1=CC(=NN1)NC2=NC(=CC(=N2)Cl)NCC3=CC=CC=C3
493040,0,CCCCNC(=O)C1=CN(C(=O)C2=CC(=C(C=C21)OC)OC)C(CC)CC
493040,0,CC1=CN2CC(=O)NN=C2C=C1
493040,0,CC12C(C(CC(O1)N3C4=CC=CC=C4C5=C6C(=C7C8=CC=CC=C8N2C7=C53)CNC6=O)NC)OC
493040,0,CC1=CN=C(C=C1)NC2=NC3=C(N2)C=C(C=C3)[N+](=O)[O-]
493040,0,CC1=NN(C2=C1C(=O)C3=C(N2OCC(C)C)C=CC(=C3)Cl)C
493040,0,CCC(=O)NC1=CC(=C(C=C1)C(=O)N2CCNCC2)O
493040,0,CC(C)(C)C1=CC=C(C=C1)C(=O)NC2=CC=CC(=C2CO)C3=CN(C(=O)C(=C3)NC4=NC=C(C=C4)C(=O)N5CCOCC5)C
493040,0,CC1=CC(=NN1)NC2=CC(=NC(=N2)C=CC3=CC=CC=C3)N4CCN(CC4)C
493040,0,CN1C(=O)C(=C(N=C1NCC(CC2=CC=CC=C2)N)C3=CC=NC=C3)C4=CC5=CC=CC=C5C=C4
493040,0,C1CC(C2=C(C1)N=C(C=C2)C3C4=C(C=CC(=C4)C#N)NC3=O)O
493040,0,C1=CC(=CC(=C1)O)C2=C3C(=CC=C2)ON=C3N
493040,0,C1C2=C(C=C(C=C2)Br)C3=C1C=NN3
493040,0,C1=CC(=CC(=C1)Cl)NC(=O)NC2=NC(=CS2)CCNC3=NC=NC4=C3SC=C4
493040,0,C=CCC1=C2C(=CC=C1)C(=NO)C=C(O2)C3=CC=CC=C3
493040,0,C12=C(NN=C1N=C(S2)Cl)N
493040,0,C1=CC2=NC=C(C=C2C=C1C3=CC=NC=C3)O
493040,0,C1CN(CC2=C1NC3=C2C=C(C=C3Cl)Cl)C(=O)NC4=CC=C(C=C4)[N+](=O)[O-]
493040,0,CC1=NN(C2=C1C(=C(S2)C(=O)N)N)C
493040,0,CCN1C2=C(C=CC(=C2)N)C3=C(C1(C4=CC=CC=C4)O)C=C(C=C3)N
493040,0,CC(C)OC1=NNC(=C1)NC2=NC(=NC=C2Cl)NC(C)C3=NC=C(C=C3)F
493040,0,C1=CC2=NC(=CN2C=C1C(=O)N)C3=CC=C(O3)[N+](=O)[O-]
493040,0,CCN1C2=C(C=NC=C2C(=O)N3CCC(C3)N)N=C1C4=NON=C4N
493040,0,C1=CC=C(C=C1)C=CC2=NN3C=CN=C3C=C2
493040,0,CN1C=C(C2=C1C=CC(=C2)C#N)C3=CC4=NC(=CN=C4N3)Br
493040,0,C1=CC2=CN=C(C=C2C=C1Br)NC3=NC=NC=C3
493040,0,CN1CCN(CC1)C2=CC3=C(C=C2)N=C(N3)C4=C(C5=C(C=CC=C5F)NC4=O)N
493040,0,CC1=C2C(=NN1)NC3=CC(=C(C=C3C(=N2)C4=CC=CC=C4Cl)F)OC
493040,0,CC1=CC(=O)C2=C(O1)C=C(C(=C2OC)C3=NC4=CC=CC=C4N3)O
493040,0,C1COCCN1CC2=CN=C(C=C2)C3=C(NC4=C3C=C(C=C4)C#N)O
493040,0,C1=CC2=C(C=C1Cl)C3=NC=NN3C(=O)N2
493040,0,CC1=NN(C2=C1C3=C(S2)C(=O)NC=N3)C
493040,0,C1=CC=C(C=C1)NC(=O)NN=CC2=CC(=C(C(=C2)Br)O)Br
493040,0,C1=CC2=C(C=CC=C2O)C(=C1)NC(=O)NC3=NC=CN=C3
493040,0,CCCCN(CCC#N)C(=O)C1=CC2=C(C=C1)N=C(N2)C3=NNC4=CC=CC=C43
493040,0,CC1=CC(=O)NC2=NNC(=C12)C3=CC=CC(=C3)C4=CC=C(C=C4)Cl
493040,0,CC1=CC(=O)NC2=NNC(=C12)C3=CC(=CC=C3)C(F)(F)F
493040,0,CCOC1=CC=CC=C1C2=CC(=CC=C2)C3=C4C(=CC(=O)NC4=NN3)C
493040,0,CC1=CC(=O)NC2=NNC(=C12)C3=CC=CC(=C3)C4=CC=C(C=C4)C#N
493040,0,CC(=O)OCCN1C2=C(C(=CC(=O)N2)C(F)(F)F)C(=N1)C3=CC(=CC=C3)Br
624829,8,CC12C(CC(O1)N3C4=CC=CC=C4C5=C6C(=C7C8=CC=CC=C8N2C7=C53)CNC6=O)(CO)O
624829,3.5,CC1=C2C=C(C=CC2=NN1)C3=CC(=CN=C3)OCC(CC4=CC=CC=C4)N
624829,1.9,CCCS(=O)(=O)NC1=C(C(=C(C=C1)F)C(=O)C2=CNC3=C2C=C(C=N3)Cl)F
624829,0.13,COC1=CC2=C(C=CN=C2C=C1OCCCN3CCOCC3)OC4=C(C=C(C=C4)NC(=O)C5(CC5)C(=O)NC6=CC=C(C=C6)F)F
624829,6.3,CC(C)N1C2=NC=NC(=C2C(=N1)C3=CC4=C(N3)C=CC(=C4)O)N
738799,3.4,CC(C)N1C=NC2=C(N=C(N=C21)NC3CCC(CC3)N)NCC4=C(C=CC(=C4)Cl)O
738799,10,CCC(CO)NC1=NC(=C2C(=N1)N(C=N2)C(C)C)NCC3=C(C=CC(=C3)Cl)O
738799,4.1,CC(C)N1C=NC2=C(N=C(N=C21)NCC(C)(C)O)NCC3=C(C=CC(=C3)Cl)O
738799,2.1,CCC(C(C)O)NC1=NC(=C2C(=N1)N(C=N2)C(C)C)NCC3=C(C=CC(=C3)Cl)O
738799,1.8,CC(C)N1C=NC2=C(N=C(N=C21)NC(C)C(C)(C)O)NCC3=C(C=CC(=C3)Cl)O
738799,2.5,CCC(C(C)O)NC1=NC(=C2C(=N1)N(C=N2)C(C)C)NCC3=C(C=CC(=C3)F)O
738799,6.6,CCC(CO)NC1=NC(=C2C(=N1)N(C=N2)C(C)C)NCC3=C(C=CC(=C3)F)O
1061648,0,COC(=O)C(CC1=CC=C(C=C1)O)NC(=O)C2=NC3=C(C=C(C=C3)C4=CC(=CC=C4)Cl)C(=C2)C(=O)O
1283616,0.71,CNC(=O)C1=CC2=C(NN=C2C=C1)CC3=CC4=C(C=C3)N(N=C4)C
1283620,0.025,CN1C=C(C=N1)C2=CC=C(C=C2)CC3=C4C=C(C=CC4=NN3)C(=O)N5CC(C5)(F)F
1283620,0.076,CC(C)(CN1C=C(C=N1)C2=CC=C(C=C2)CC3=C4C=C(C=CC4=NN3)C(=O)NC)O
1283620,0.27,CN1C=C(C=N1)C2=CC=C(C=C2)CC3=C4C=C(C=CC4=NN3)C(=O)N
1283620,0.082,CN1C=C(C=N1)C2=CC=C(C=C2)CC3=C4C=C(C=CC4=NN3)N5CCCC5=O
1283620,1.9,CC1=CC(=CC=C1)CC2=C3C=C(C=CC3=NN2)C(=O)NC
1283620,1.5,CN1C=C(C=N1)C2=CC=C(C=C2)CC3=C4C=C(C=CC4=NN3)C5=NC=CC(=C5)N
1283620,0.71,CN1C=C(C=N1)C2=CC=C(C=C2)CC3=C4C=C(C=CC4=NN3)NS(=O)(=O)C
1283620,0.053,CN1C=C(C=N1)C2=CC=C(C=C2)CC3=C4C=C(C=CC4=NN3)C(=O)N5CCC(C5)O
1283620,0.14,CN1C=C(C=N1)C2=CC=C(C=C2)CC3=C4C=C(C=CC4=NN3)C(=O)N5CCNCC5
1283620,0.043,CN1C2=C(C=C(C=C2)CC3=C4C=C(C=CC4=NN3)C(=O)N5CCC(C5)O)C=N1
1283620,0.094,CN1C=C(C=N1)C2=CC=C(C=C2)CC3=C4C=C(C=CC4=NN3)C(=O)N5CC(C5)O
1283620,0.055,CNC(=O)C1=CC2=C(NN=C2C=C1)CC3=CC=C(C=C3)C4=CN(N=C4)C
1283620,2,CNC(=O)C1=CC2=C(NN=C2C=C1)CC3=CC4=C(C=C3)C=NN4C
1283620,0.005,CN1C=C(C=N1)C2=CC=C(C=C2)CC3=C4C=C(C=CC4=NN3)C(=O)N5CCCC5
1283620,0.009,CN1C=C(C=N1)C2=CC=C(C=C2)CC3=C4C=C(C=CC4=NN3)C(=O)N5CC(C5)OC
1283620,0.1,CN1C=C(C=N1)C2=CC=C(C=C2)CC3=C4C=C(C=CC4=NN3)C(=O)NC5CC5
1283620,0.013,CN1C=C(C=N1)C2=CC=C(C=C2)CC3=C4C=C(C=CC4=NN3)C(=O)N5CCCCC5
1283620,0.11,CC(=O)NC1=CC2=C(NN=C2C=C1)CC3=CC=C(C=C3)C4=CN(N=C4)C
1283620,0.16,CN1C2=C(C=C(C=C2)CC3=C4C=C(C=CC4=NN3)C(=O)N5CC(C5)O)C=N1
1283620,0.027,CN1C=C(C=N1)C2=CC=C(C=C2)CC3=C4C=C(C=CC4=NN3)C(=O)N5CCC(C5)(F)F
1283620,0.313,CN1C=C(C=N1)C2=CC=C(C=C2)CC3=C4C=C(C=CC4=NN3)S(=O)(=O)NC5CC5
1283620,1.9,CN1C=CN=C1C2=CC3=C(NN=C3C=C2)CC4=CC=C(C=C4)C5=CN(N=C5)C
1283620,0.2,CN1C=C(N=C1)C2=CC3=C(NN=C3C=C2)CC4=CC=C(C=C4)C5=CN(N=C5)C
1283620,0.056,CN1C2=C(C=C(C=C2)CC3=C4C=C(C=CC4=NN3)C(=O)N5CCC(C5)(F)F)C=N1
1283620,0.011,CN1C=C(C=N1)C2=CC=C(C=C2)CC3=C4C=C(C=CC4=NN3)C(=O)N5CCOCC5
1283620,0.018,CN1C2=C(C=C(C=C2)CC3=C4C=C(C=CC4=NN3)C(=O)N5CC(C5)OC)C=N1
1283622,0.68,CC(=O)NCCNC1=CC2=C(NN=C2C=C1)CC3=CC=C(C=C3)C4=CN(N=C4)C
1283622,2.5,CNC(=O)C1=CC2=C(NN=C2C=C1)CC3=CC(=C(C=C3)OC)OC
1283622,0.84,CC(C)CC1=C2C=C(C=CC2=NN1)C(=O)NC
1295749,0.0425,C1CNC(=O)C12CCN(CC2)C3=C(C(=NC=C3C4=CC5=C(C=C4)C(=NN5)N)N)Cl
1295749,0.0053,CN1C=C(C=N1)C2=CC=C(C=C2)C3=CN=C(C(=C3N4CCC5(CC4)C(=O)NC(=O)N5)Cl)N
1295749,0.0052,CN1C2=C(CS1(=O)=O)C=C(C=C2)C3=CN=C(C(=C3N4CCC5(CC4)CNC(=O)O5)Cl)N
1295749,0.0128,CN1C=C(C=N1)C2=CC=C(C=C2)C3=CN=C(C(=C3N4CCC5(CC4)CNC(=O)O5)Cl)N
1295749,0.036,CN1C2=C(C=C(C=C2)C3=CN=C(C(=C3N4CCC5(CC4)CNC(=O)O5)Cl)N)C=N1
1295749,0.0087,CN1C=C(C=N1)C2=CC=C(C=C2)C3=CN=C(C(=C3N4CCC5(CCNC5=O)CC4)Cl)N
1295749,0.0011,CN1C2=C(CS1(=O)=O)C=C(C=C2)C3=CN=C(C(=C3N4CCC5(CCNC5=O)CC4)Cl)N
1295749,0.0118,CN1C2=C(C=C(C=C2)C3=CN=C(C(=C3N4CCC5(CCNC5=O)CC4)Cl)N)C=N1
1295749,0.0127,CN1C=C(C=N1)C2=CC=C(C=C2)C3=CN=C(C(=C3N4CCC5(CC4)CNC(=O)O5)C(F)(F)F)N
1295749,0.0021,CN1C=C(C=N1)C2=CC=C(C=C2)C3=CN=C(C(=C3N4CCC5(CCNC5=O)CC4)C(F)(F)F)N
1295749,0.101,CN1C2=C(CS1(=O)=O)C=C(C=C2)C3=CN=C(C(=C3N4CCC5(CC4)CNC(=O)O5)F)N
1295749,0.0184,CN1C2=C(CS1(=O)=O)C=C(C=C2)C3=CN=C(C(=C3N4CCC5(CCNC5=O)CC4)F)N
1295749,0.0086,CC(C)(CN1C=C(C=N1)C2=CC=C(C=C2)C3=CN=C(C(=C3N4CCC5(CCNC5=O)CC4)Cl)N)O
1295749,0.0225,CC(C)N1C=C(C=N1)C2=CC=C(C=C2)C3=CN=C(C(=C3N4CCC5(CCNC5=O)CC4)Cl)N
1295749,0.005,CN1C=C(C=N1)C2=CC=C(C=C2)C3=CN=CC(=C3N4CCC5(CCNC5=O)CC4)Cl
1295749,0.0136,C1CNC(=O)C12CCN(CC2)C3=C(C=NC=C3C4=CC5=C(C=C4)C(=NN5)N)Cl
1295749,0.0014,CN1C2=C(CS1(=O)=O)C=C(C=C2)C3=CN=CC(=C3N4CCC5(CC4)CNC(=O)O5)Cl
1295749,0.0735,CN1C2=C(CS1(=O)=O)C=C(C=C2)C3=CN=CC(=C3N4CCC5(CCCN5CCOC)CC4)Cl
1295749,0.0007,CN1C=C(C=N1)C2=CC=C(C=C2)C3=CN=CC(=C3N4CCC5(CC4)C(=O)NC(=O)N5C)Cl
1295749,0.0037,CN1C2=C(CS1(=O)=O)C=C(C=C2)C3=CN=CC(=C3N4CCC5(CC4)C(=NNC5=O)C(F)(F)F)Cl
1295749,8.00E-05,CC1=NNC(=O)C12CCN(CC2)C3=C(C=NC=C3C4=CC5=C(C=C4)N(S(=O)(=O)C5)C)Cl
1295749,0.0343,CN1C=C(C=N1)C2=CC=C(C=C2)C3=CN=CC(=C3N4CCC5(CC4)C(=O)NCC(=O)N5)Cl
1295749,0.0087,CN1C=C(C=N1)C2=CC=C(C=C2)C3=CN=CC(=C3N4CCC5(CC4)C(=O)NCN5)Cl
1295749,0.0046,C1CNC(=O)C12CCN(CC2)C3=C(C=NC=C3C4=CC=C(C=C4)C5=CN(N=C5)CCO)Cl
1295749,0.0238,CN1C=C(C=N1)C2=CC=C(C=C2)C3=CN=CC(=C3N4CCC5(CC4)CNC(=O)O5)C(F)(F)F
1295749,0.023,CN1C=C(C=N1)C2=CC=C(C=C2)C3=CN=CC(=C3N4CCC5(CC4)C(=O)NC(=O)N5)Cl
1295749,0.0195,CC1=NC(=CN1C)C2=CC=C(C=C2)C3=CN=CC(=C3N4CCC5(CCNC5=O)CC4)Cl
1295749,0.0335,CC1=NC2(CCN(CC2)C3=C(C=NC=C3C4=CC5=C(C=C4)N(S(=O)(=O)C5)C)Cl)C(=O)N1
1295749,0.0035,CN1C=C(C=N1)C2=CC=C(C=C2)C3=CN=CC(=C3N4CCC5(CCNC5=O)CC4)C(F)(F)F
1295749,0.0131,CC(C)(CN1C=C(C=N1)C2=CC=C(C=C2)C3=CN=CC(=C3N4CCC5(CCNC5=O)CC4)Cl)O
1295749,0.0554,CN1C=C(C=N1)C2=CC=C(C=C2)C3=CN=CC(=C3N4CCC5(CC4)CNC(=O)O5)F
1295749,0.0136,CN1C2=C(CS1(=O)=O)C=C(C=C2)C3=CN=CC(=C3N4CCC5(CC4)CNC(=O)O5)F
1295749,0.0018,CN1C2=C(C=CC(=C2)C3=CN=CC(=C3N4CCC5(CCNC5=O)CC4)Cl)C(=N1)N
1295749,0.0355,CN1C2=C(CS1(=O)=O)C=C(C=C2)C3=CN=CC(=C3N4CCC5(CC4)C(=O)NC(=O)N5)Cl
1295749,0.0145,CN1C2=C(CS1(=O)=O)C=C(C=C2)C3=CN=CC(=C3N4CCC5(CCNC5=O)CC4)F
1295749,0.0029,CNC1=NNC2=C1C=CC(=C2)C3=CN=CC(=C3N4CCC5(CCNC5=O)CC4)Cl
1295749,0.0074,CN1C2=C(CS1(=O)=O)C=C(C=C2)C3=CN=CC(=C3N4CCC(CC4)(CCN(C)C)C#N)Cl
1295749,0.0006,CN1C2=C(CS1(=O)=O)C=C(C=C2)C3=CN=CC(=C3N4CCC5(CCNC5=O)CC4)C(F)(F)F
1295749,0.342,CN1CCCC12CCN(CC2)C3=C(C=NC=C3C4=CC5=C(C=C4)N(S(=O)(=O)C5)C)Cl
1295749,0.621,CN1C=C(C=N1)C2=CC=C(C=C2)C3=CN=CC(=C3N4CCC5(CCCN5CCOC)CC4)Cl
1295749,0.0863,CN1C2=C(CS1(=O)=O)C=C(C=C2)C3=CN=CC(=C3N4CCC5(CCCN5CCCOC)CC4)Cl
1295749,0.0754,CN1C2=C(CS1(=O)=O)C=C(C=C2)C3=CN=CC(=C3N4CCC5(CCCN5CCCS(=O)(=O)C)CC4)Cl
1295749,0.1153,C1CNC(=O)C12CCN(CC2)C3=C(C=NC=C3C4=CC5=C(C=C4)NS(=O)(=O)C5)Cl
1295749,0.001,CN1C2=C(CS1(=O)=O)C=C(C=C2)C3=CN=CC(=C3N4CCC5(CCNC5=O)CC4)Cl
1295749,0.015,CN1C2=C(CS1(=O)=O)C=CC(=C2)C3=CN=CC(=C3N4CCC5(CCNC5=O)CC4)Cl
1295749,3.433,CN1C=C(C=N1)C2=CC=C(C=C2)C3=CN=CC(=C3N4CCC5(CC4)COC(=O)N5)Cl
1295749,0.0239,CN(C)CCN1C=C(C=N1)C2=CC=C(C=C2)C3=CN=CC(=C3N4CCC5(CCNC5=O)CC4)Cl
1295749,0.0223,C1CCN(C1)CCN2C=C(C=N2)C3=CC=C(C=C3)C4=CN=CC(=C4N5CCC6(CCNC6=O)CC5)Cl
1295749,0.0146,CN1C=C(C=N1)C2=CC=C(C=C2)C3=CN=CC(=C3N4CCC5(CC4)CNC(=O)O5)Cl
1295749,0.109,CC1(C2(CCN(CC2)C3=C(C=NC=C3C4=CC5=C(C=C4)N(S(=O)(=O)C5)C)Cl)OC(=O)N1)C
1295749,0.0024,CN1CNC(=O)C12CCN(CC2)C3=C(C=NC=C3C4=CC=C(C=C4)C5=CN(N=C5)C)Cl
1295749,0.004,CN1C=C(C=N1)C2=CC=C(C=C2)C3=CN=CC(=C3N4CCC5(CC4)C(=O)NCN5CC(F)(F)F)Cl
1295749,0.0583,CC(C)N1C2=C(C=C(C=C2)C3=CN=C(C(=C3N4CCC5(CCNC5=O)CC4)Cl)N)C=N1
1295749,0.186,CN1C=C(C=N1)C2=CC=C(C=C2)C3=CN=CC(=C3N4CCC5(CCNC5=O)CC4)F
1295749,0.11,CN1C2=C(C=CC(=C2)C3=CN=CC(=C3N4CCC5(CCNC5=O)CC4)Cl)C(=N1)N(C)C
1299821,0.006,CC1=CC=C(C=C1)OC2=CN=CC3=C2C=C(S3)C(=O)N
1299821,0.0062,C1=CC(=CC=C1OC2=CN=CC3=C2C=C(S3)C(=O)N)Cl
1299821,0.075,CN(C)C(=O)C1=CC2=C(S1)C=NC=C2OC3=CC=C(C=C3)Cl
1299821,0.016,CCNC(=O)C1=CC2=C(S1)C=NC=C2OC3=CC=C(C=C3)Cl
1299821,0.0082,CNC(=O)C1=CC2=C(S1)C=NC=C2OC3=CC=C(C=C3)Cl
1299821,0.025,COC1=CC=C(C=C1)OC2=CN=CC3=C2C=C(S3)C(=O)N
1299821,0.024,C1CC1NC(=O)C2=CC3=C(S2)C=NC=C3OC4=CC=C(C=C4)Cl
1299821,0.0051,C1=CC(=CC=C1C#N)OC2=CN=CC3=C2C=C(S3)C(=O)N
1299821,0.062,COC(=O)C1=CC2=C(S1)C=NC=C2OC3=CC=C(C=C3)Cl
1299821,0.0028,C1=CC(=CC=C1OC2=CN=CC3=C2C=C(S3)C(=O)O)Cl
1299821,0.029,CC(=O)NC1=CC=C(C=C1)OC2=CN=CC3=C2C=C(S3)C(=O)N
1299821,0.0053,CNC(=O)C1=CC2=C(S1)C=NC=C2OC3=CC=C(C=C3)I
1299821,0.011,C1=CC(=CC=C1OC2=CN=C(C3=C2C=C(S3)C(=O)N)Cl)Cl
1299821,0.029,CCC(=O)C1=CC2=C(S1)C=NC=C2OC3=CC=C(C=C3)Cl
1299821,0.0011,C1=CC(=CC=C1OC2=CN=CC3=C2C=C(S3)C4=NNN=N4)Cl
1299821,0.003,C1=CC(=CC=C1C2=CC=C(C=C2)OC3=CN=CC4=C3C=C(S4)C5=NNN=N5)C(=O)N
1299821,0.0007,C1=CC(=CC=C1OC2=CN=CC3=C2C=C(S3)C4=NNN=N4)I
1299821,0.0083,C1=CC=C(C=C1)OC2=CN=CC3=C2C=C(S3)C4=NNN=N4
1299821,0.0016,CC1=CC=C(C=C1)OC2=CN=CC3=C2C=C(S3)C4=NNN=N4
1299821,0.032,CC(=O)C1=CC2=C(S1)C=NC=C2OC3=CC=C(C=C3)Cl
1299821,0.0011,C1=CC(=CC=C1OC2=CN=CC3=C2C=C(S3)C4=NNN=N4)OC(F)(F)F
1299821,0.001,C1=CC(=CC=C1C#N)OC2=CN=CC3=C2C=C(S3)C4=NNN=N4
1299821,0.002,CC(=O)NC1=CC=C(C=C1)OC2=CN=CC3=C2C=C(S3)C4=NNN=N4
1299821,0.0044,C1=CC(=CC=C1C(=O)N)OC2=CN=CC3=C2C=C(S3)C4=NNN=N4
1299821,0.059,C1CC1C(=O)C2=CC3=C(S2)C=NC=C3OC4=CC=C(C=C4)Cl
1299821,0.021,C1=CC(=CC=C1C(=O)N)OC2=CN=CC3=C2C=C(S3)C(=O)N
1299821,0.016,C1=CC(=CC=C1OC2=CN=C(C3=C2C=C(S3)C(=O)N)F)Cl
1299821,0.008,CC1=NC=C(C2=C1SC(=C2)C(=O)N)OC3=CC=C(C=C3)Cl
1299821,0.0055,C1=CC(=CC=C1OC2=CN=CC3=C2C=C(S3)C4=NNN=N4)F
1299821,0.012,C1=CC(=CC=C1OC2=CN=CC3=C2C=C(S3)C(=O)N)OC(F)(F)F
1299821,0.0015,C1=CC(=CC=C1OC2=CN=C(C3=C2C=C(S3)C(=O)N)N)Cl
1299821,0.1,CC(C)NC(=O)C1=CC2=C(S1)C=NC=C2OC3=CC=C(C=C3)Cl
1309854,0.81,CC1=C(C(=NN1C2CCN(CC2)C(=O)C(C)O)C)NC3=NC=C(C(=N3)C4=C5C=CC=CN5N=C4)Cl
1309854,0.042,CC(=O)N1CCC(CC1)N2C=C(C=N2)NC3=NC=C(C(=N3)C4=CN=C5N4C=CC=C5)Cl
1313396,0.0024,CN1C=C(C=N1)C2=CC=C(C=C2)C3=C4C(=CN=C3)C=CC(=N4)N5CCCC5=O
1313396,0.044,CC1(CN(C1)C(=O)C2=CC3=C(C=C2)C(=NC=C3C4=CC=C(C=C4)C5=CN(N=C5)C)N)OC
1313396,0.02,CN1C=C(C=N1)C2=CC=C(C=C2)C3=CN=C(C4=C3C=C(C=C4)N5CCOC5=O)N
1313396,0.012,CN1C=C(C=N1)C2=CC=C(C=C2)C3=CN=C(C4=C3C=C(C=C4)C(=O)N5CC(C5)OC)N
1313396,0.00071,CN1C=CN=C1C2=NC3=C(C=NC=C3C=C2)C4=CC=C(C=C4)C5=CN(N=C5)C
1313396,0.012,CN1C=C(C=N1)C2=CC=C(C=C2)C3=CN=C(C4=C3C=C(C=C4)C(=O)N5CC(C5)(F)F)N
1313396,0.0021,CN1C=C(C=N1)C2=CC=C(C=C2)C3=C4C=C(C=CC4=CN=C3)C(=O)NC5CC5
1313396,0.47,CN1C=C(C=N1)C2=CC=C(C=C2)C3=C4C(=CN=C3)C=CC(=N4)C5=CC=NN5C
1313396,0.0067,CN1C=C(C=N1)C2=CC=C(C=C2)C3=C4C=C(C=CC4=CN=C3)N5CCCS5(=O)=O
1313396,0.036,CN1C=C(C=N1)C2=CC=C(C=C2)C3=CN=C(C4=C3C=C(C=C4)C(=O)N5CCC5)N
1313396,0.0036,CNC(=O)C1=NC2=C(C=NC=C2C=C1)C3=CC=C(C=C3)C4=CN(N=C4)C
1313396,0.0091,CN1C=C(C=N1)C2=CC=C(C=C2)C3=CN=C(C4=C3C=C(C=C4)C(=O)NC5CC5)N
1313396,0.034,CN1C=C(C=N1)C2=CC=C(C=C2)C3=C4C=C(C=CC4=CN=C3)C5=NC=CO5
1313396,0.0069,CNC(=O)C1=NC2=C(C=NC=C2C=C1)C3=CC4=C(C=C3)C=NN4C
1313396,0.0056,CN1C=C(C=N1)C2=CC=C(C=C2)C3=C4C=C(C=CC4=CN=C3)S(=O)(=O)N
1313396,0.017,CN1C=C(C=N1)C2=CC=C(C=C2)C3=CN=C(C4=C3N=C(C=C4)C(=O)N5CC(C5)(F)F)N
1313396,0.021,CN1C=C(C=N1)C2=CC=C(C=C2)C3=CN=C(C4=C3N=C(C=C4)C(=O)N5CCC5)N
1313396,0.1,CN1C=C(C=N1)C2=CC=C(C=C2)C3=CN=C(C4=C3N=C(C=C4)C(=O)N5CCNCC5)N
1313396,0.026,CN1C=C(C=N1)C2=CC=C(C=C2)C3=C4C(=CN=C3)C=CC(=N4)C(=O)N5CC(C5)(F)F
1313396,0.029,CC(=O)NC1=CC2=C(C=C1)C(=NC=C2C3=CC=C(C=C3)C4=CN(N=C4)C)N
1313396,0.0062,CN1C=C(C=N1)C2=CC=C(C=C2)C3=C4C=C(C=CC4=CN=C3)C(=O)N5CC(C5)(F)F
1313396,0.0047,CN1C=C(C=N1)C2=CC=C(C=C2)C3=C4C(=CN=C3)C=CC(=N4)C(=O)O
1313396,0.0053,CNC(=O)C1=NC2=C(C=NC=C2C=C1)C3=CC4=C(C=C3)NS(=O)(=O)C4
1313396,0.16,CN1C=CN=C1C2=NC3=C(C=C2)C(=NC=C3C4=CC=C(C=C4)C5=CN(N=C5)C)N
1313396,0.016,CN1C=C(C=N1)C2=CC=C(C=C2)C3=C4C(=CN=C3)C=CC(=N4)C5=NC=CO5
1313396,0.816,CN1C=C(C=N1)C2=CC=C(C=C2)C3=C4C(=CN=C3)C=CC(=N4)N5CC(C5)OC
1313396,0.0049,CC(=O)NC1=CC2=C(C=NC=C2C=C1)C3=CC=C(C=C3)C4=CN(N=C4)C
1313396,0.011,CN1C=C(C=N1)C2=CC=C(C=C2)C3=C4C=C(C=CC4=CN=C3)C(=O)N5CC(C5)OC
1313396,0.0056,CN1C=CN=C1C2=CC3=C(C=NC=C3C=C2)C4=CC=C(C=C4)C5=CN(N=C5)C
1313396,0.0036,CN1C=C(C=N1)C2=CC=C(C=C2)C3=C4C(=CN=C3)C=CC(=N4)C(=O)N5CCC5
1313396,0.0009,CNC(=O)C1=NC2=C(C=NC=C2C=C1)C3=CC4=C(C=C3)N(S(=O)(=O)C4)C
1313396,0.052,CN1C=C(C=N1)C2=CC=C(C=C2)C3=CN=C(C4=C3N=C(C=C4)C(=O)N5CCOCC5)N
1313396,0.001,CN1C=C(C=N1)C2=CC=C(C=C2)C3=C4C(=CN=C3)C=CC(=N4)N5CCNC5=O
1313396,0.0054,CNC(=O)C1=NC2=C(C=NC=C2C=C1)C3=CC4=C(C=C3)N(N=C4)C
1313396,0.0018,CC(=O)NC1=NC2=C(C=NC=C2C=C1)C3=CC=C(C=C3)C4=CN(N=C4)C
1313396,0.39,CN1C=C(C=N1)C2=CC=C(C=C2)C3=C4C(=CN=C3)C=CC(=N4)C#N
1313396,0.0035,CN1C=C(C=N1)C2=CC=C(C=C2)C3=C4C(=CN=C3)C=CC(=N4)C(=O)N5CCCC5
1313396,0.0052,CN1C=C(C=N1)C2=CC=C(C=C2)C3=C4C(=CN=C3)C=CC(=N4)C(=O)N5CC(C5)OC
1313396,0.033,CC1(CN(C1)C(=O)C2=CC3=C(C=C2)C(=NC=C3C4=CC=C(C=C4)C5=CN(N=C5)C)N)F
1313396,0.0015,CN1C=C(C=N1)C2=CC=C(C=C2)C3=C4C(=CN=C3)C=CC(=N4)C(=O)N
1313396,0.013,CN1C=C(C=N1)C2=CC=C(C=C2)C3=C4C(=CN=C3)C=CC(=N4)C(=O)N5CCOCC5
1313396,0.012,CC1(CN(C1)C(=O)C2=NC3=C(C=C2)C(=NC=C3C4=CC=C(C=C4)C5=CN(N=C5)C)N)OC
1313396,0.0011,CN1C=C(C=N1)C2=CC=C(C=C2)C3=CN=C(C4=C3N=C(C=C4)C(=O)N5CC(C5)OC)N
1313396,0.025,CN1C=C(C=N1)C2=CC=C(C=C2)C3=C4C(=CN=C3)C=CC(=N4)C(=O)N5CCNCC5
1313396,0.037,CC1(CN(C1)C(=O)C2=NC3=C(C=C2)C(=NC=C3C4=CC=C(C=C4)C5=CN(N=C5)C)N)F
1313396,0.0046,CN1C=C(C=N1)C2=CC=C(C=C2)C3=C4C=C(C=CC4=CN=C3)N5CCOC5=O
1313396,0.0045,CNC(=O)C1=CC2=C(C=NC=C2C=C1)C3=CC=C(C=C3)C4=CN(N=C4)C
1313396,0.028,CN1C=C(C=N1)C2=CC=C(C=C2)C3=CN=C(C4=C3N=C(C=C4)C(=O)N5CCCC5)N
1313396,1.195,CN1C=C(C=N1)C2=CC=C(C=C2)C3=C4C(=CN=C3)C=CC(=N4)N5CCOCC5
1313396,0,CNC(=O)C1=NC2=C(C=C1)C(=NC=C2C3=CC4=C(C=C3)NS(=O)(=O)C4)N
1313396,1.23,CN1C=CC(=N1)C2=NC3=C(C=NC=C3C=C2)C4=CC=C(C=C4)C5=CN(N=C5)C
1315916,0.781,CCOC1=CC=CC=C1C(C)NC(=O)C2=NN3C(=NC=C3S2)C
1315916,0.077,CC1=NC=C2N1N=C(S2)C(=O)N3CCCC3C4=CC=CC=C4
1315916,0.129,CCOC1=CC=CC=C1CNC(=O)C2=NN3C(=NC=C3S2)C
1315916,0.017,CC1=NC=C2N1N=C(S2)C(=O)N3CCCC3C4=CC=C(C=C4)Cl
1315916,0.06,CC1=NC=C2N1N=C(S2)C(=O)N3CCCC3C4=CC=C(C=C4)F
1315916,0.0014,CC1=C2C=C(C=CC2=NN1)C(=O)N3CCCC3C4=CC=C(C=C4)Cl
1315916,0.015,CC1=C2C=C(C=CC2=NN1)C(=O)N3CCN(CC3C4=CC=C(C=C4)Cl)C
1315916,0.011,CC1=C2C=C(N=CC2=NN1)C(=O)N3CCCC3C4=CC=C(C=C4)Cl
1315916,0.032,C1CC(N(C1)C(=O)C2=CC3=C(C=C2)NN=C3N)C4=CC=C(C=C4)F
1315916,0.0054,CNC1=NNC2=C1C=C(C=C2)C(=O)N3CCCC3C4=CC=C(C=C4)Cl
1315916,0.0013,CC1=C2C(=NN1)C=CC(=N2)C(=O)N3CCCC3C4=CC=C(C=C4)Cl
1315916,0.0085,CC1=C2C=C(C=CC2=NN1)C(=O)N3CCOCC3C4=CC=C(C=C4)Cl
1315916,0.0031,C1CC(N(C1)C(=O)C2=CC3=C(C=C2)NN=C3N)C4=CC=C(C=C4)Br
1315916,0.049,C1CN(C1C2=CC=C(C=C2)F)C(=O)C3=CC4=C(C=C3)NN=C4N
1315916,0.045,C1CCN(C(C1)C2=CC=C(C=C2)F)C(=O)C3=CC4=C(C=C3)NN=C4N
1315916,0.0049,C1CC(N(C1)C(=O)C2=CC3=C(C=C2)NN=C3N)C4=CC=C(C=C4)Cl
1315916,0.0026,CC1=C2C=C(C=NC2=NN1)C(=O)N3CCCC3C4=CC=C(C=C4)Cl
1315916,0.0017,CC1=C2C=C(C=CC2=NN1)C(=O)N3CCC3C4=CC=C(C=C4)Cl
1315916,3.99,CC1=NN=C2N1C=C(C=C2)C(=O)N3CCCC3C4=CC=C(C=C4)Cl
1315916,0.032,C1CC(N(C1)C(=O)C2=CC3=C(C=C2)NN=C3)C4=CC=C(C=C4)Cl
1315916,0.024,C1CN(CC1C2=CC=C(C=C2)Cl)C(=O)C3=CC4=C(C=C3)NN=C4N
1315916,0.009,CC1=NC=C2N1C=C(C=C2)C(=O)N3CCCC3C4=CC=C(C=C4)Cl
1317359,0.016,CC(C)C1=C2C=C(C=CC2=NN1C)C3=NC(=NC=C3)NC4CCC(CC4)NC5CCOCC5
1355629,1.01,CC12CCC(CC1CCC3C2CCC4(C3CC=C4C5=CC6=C(C=C5)C=CN=C6)C)O
1355629,0.108,CC12CCC3C(C1CCC2C4=CC5=CN=C(N=C5C=C4)N)CC=C6C3(CCC(C6)O)C
1355629,0.024,CC12CCC(CC1CCC3C2CCC4(C3CCC4C5=CC6=C(C=C5)C=CN=C6)C)N7C=CN=N7
1355629,0.034,CC(=O)N(C)C1CCC2(C(C1)CCC3C2CCC4(C3CCC4C5=CC6=C(C=C5)C=CN=C6)C)C
1355629,0.682,CC12CCC3C(C1CCC2C4=CC5=C(C=C4)C(=NN5)N)CC=C6C3(CCC(C6)O)C
1355629,0.048,CC12CCC3C(C1CCC2C4=CC5=C(C=C4)C=CN=C5)CC=C6C3(CCC(C6)O)C
1355629,2.3,CC12CCC(CC1=CCC3C2CCC4(C3CC=C4C5=CC6=CN=C(N=C6C=C5)N)C)O
1355629,10,CC12CCC3C(C1CCC2C4=CC5=C(C=C4)C=NN5)CC=C6C3(CCC(C6)O)C
1355629,10,CC12CCC(CC1=CCC3C2CCC4(C3CC=C4C5=CC6=CN=NC=C6C=C5)C)O
1355629,0.016,CC12CCC3C(C1CCC2C4=CC5=C(C=C4)C=CN=C5)CC=C6C3(CCC(C6)N(C)C)C
1355629,8.24,CC12CCC(CC1=CCC3C2CCC4(C3CC=C4C5=CC6=C(C=C5)C=NC=C6)C)O
1355629,1.52,CC12CCC(CC1=CCC3C2CCC4(C3CC=C4C5=CC6=C(C=C5)C(=NN6)N)C)O
1355629,0.208,CC12CCC(CC1CCC3C2CCC4(C3CCC4C5=CC6=C(C=C5)C=CN=C6)C)O
1355629,6,CC12CCC3C(C1CCC2C4=CC5=C(C=C4)C=NC=C5)CC=C6C3(CCC(C6)O)C
1355629,0.12,CC12CCC(CC1CCC3C2CCC4(C3CCC4C5=CC6=C(C=C5)C=CN=C6)C)N7CCOCC7
1355629,1.32,CC12CCC(CC1CCC3C2CCC4(C3CCC4C5=CC6=C(C=C5)C=CN=C6)C)NC
1355629,0.064,CC12CCC(CC1CCC3C2CCC4(C3CCC4C5=CC6=C(C=C5)C=CN=C6)C)N(C)C
1355629,10,CC12CCC3C(C1CCC2C4=CC5=C(C=C4)NN=C5)CC=C6C3(CCC(C6)O)C
1355629,0.164,CC12CCC(CC1=CCC3C2CCC4(C3CC=C4C5=CC6=C(C=C5)C=CN=C6)C)O
1355629,10,CC12CCC(CC1=CCC3C2CCC4(C3CC=C4C5=CC6=C(C=C5)C=NN6)C)O
1355629,10,CC12CCC(CC1=CCC3C2CCC4(C3CC=C4C5=CC6=C(C=C5)NN=C6)C)O
1355629,10,CC12CCC3C(C1CCC2C4=CC5=CN=NC=C5C=C4)CC=C6C3(CCC(C6)O)C
1355635,0.017,CC12CC=C3C=C4C(C(C(CC45CCC3(C1CC=C2C6=CC7=C(C=C6)C=CN=C7)O5)N(C)C)O)O
1355636,0,CC12CCC(CC1CCC3C2CCC4(C3CCC4C5=CC6=C(C=C5)C=CN=C6)C)N(C)CCCCCOCCOCCNC7=CC=CC8=C7C(=O)N(C8=O)C9CCC(=O)NC9=O
1378312,2.2,C1=CC=C2C(=C1)C(=C(N2)O)C3=NC4=CC=CC=C4C3=O
1388653,0.024,CN1CCN(CC1)C(=O)C2=CC3=C(C=C2)C=C(C=C3)CCNC4=NC=NC5=C4C=C(C=C5)C#N
1388653,0.004,CC1=C2C3=C(CCCN3C(=N2)N4CCNCC4)C(=C1Br)Br
1388656,0.005,CC12CC=C3C=C4C(C(C(CC45CCC3(C1CCC2C6=CC7=C(C=C6)C=CN=C7)O5)N(C)C)O)O
1388656,0.28,C1=CC=C(C=C1)CCNC2=NC=NC3=C2C=C(C=C3)C#N
1388681,0.5,CC1CCC2=C(C1)C(=C(C(=N2)N)C#N)C3=CN=CC=C3
1419883,0.111,CC(=O)N1CCN(CC1)C2CCC(CC2)NC3=NC=NN4C3=C(C=C4)C5CCOCC5
1419883,0.043,CC(C)C1=C2C(=NC=NN2C=C1)NC3CCC(CC3)N4CCN(CC4)C(=O)C
1439521,0.093,CC1=C(N=NN1C2=CC3=C(ON=C3C=C2)C4=CC=CC=C4)C(=O)NC5=CC=CC(=C5)C(=O)C
1439521,0.036,COC1=CC=C(C=C1)CC(=O)N2CCN(CC2)C3=CC=C(C=C3)NC(=O)NC4=CC=CC(=C4)C(F)(F)F
1439521,0.009,C1=CC=C2C(=C1)NC(=O)C(=N2)CSC3=NN=C(S3)NC(=O)NC4=CC=CC(=C4)C(F)(F)F
1439521,0.183,C1CCN(C1)C(=O)CC2=NN=C(S2)NC(=O)NC3=CC(=CC=C3)Cl
1439521,0.0065,C1CN(CCC1CNC(=O)NC2=CC(=C(C=C2)Cl)Cl)C3=NSC(=N3)CC4=CC=C(C=C4)F
1440106,2.11,C1=CC2=C(C=C1NC3=NC4=C(C(=N3)NCC(F)(F)F)OC=C4)NN=C2
1450095,0,C1CC1S(=O)(=O)N2CCC3=C(C2)N4C=C(N=C(C4=N3)N5CCOCC5)C6=CN=C(N=C6)N
1450095,0,CS(=O)(=O)N1CCC2=C(C1)N=C3N2C=C(N=C3N4CCOCC4)C5=CN=C(N=C5)N
1463327,0.28,C1=CN=CC=C1C2=CNC(=C2)C#N
1463327,0.17,C1=CN=CC=C1C2=CNC(=C2)C(=O)N
1463327,0.005,C1=CN=CC=C1C2=CNC(=C2Cl)C(=O)N
1463327,4.95,CN1C=C(C=C1C(=O)N)C2=CC=NC=C2
1463327,0.17,C1=CC=C(C=C1)CN2C=C(C=C2C(=O)N)C3=CC=NC=C3
1463327,0.087,CC1=C(C=CN=C1)C2=CNC(=C2)C(=O)N
1463327,0.16,C1=CN=CC=C1C2=C(NC(=C2)C(=O)N)Cl
1463327,0.24,CC1=C(C=C(N1)C(=O)N)C2=CC=NC=C2
1463327,0.019,C1=CN=CC(=C1C2=CNC(=C2)C(=O)N)Cl
1463327,0.037,C1=CN=CC(=C1C2=CNC(=C2)C(=O)N)Br
1463327,0.003,C1=CN=CC=C1C2=CNC(=C2C(F)(F)F)C(=O)N
1463327,0.48,CC1=NC=CC(=C1)C2=CNC(=C2)C(=O)N
1463327,0.35,C1=CN=C(C=C1C2=CNC(=C2)C(=O)N)Cl
1463327,0.019,CC1=NC=CC(=C1)C2=CNC(=C2C)C(=O)N
1463327,0.013,CCC1=C(NC=C1C2=CC=NC=C2)C(=O)N
1463327,0.008,CC1=C(NC=C1C2=CC=NC=C2)C(=O)N
1463327,0.41,CNC(=O)C1=CC(=CN1)C2=CC=NC=C2
1463327,0.01,CC1=C(C=CN=C1)C2=CNC(=C2C)C(=O)N
1463327,4.63,CCC1=C(C=CN=C1)C2=CNC(=C2)C#N
1466029,0.051,CN1C=C(C=N1)C2=C(C=NC=C2)C=CC(=O)NC3=CC=CC=C3
1466029,0.99,CN1C=C(C=N1)C2=CC(=NC=C2C=CC(=O)NC3=CC=C(C=C3)CN4CCOCC4)N
1466029,0.0032,CN1C=C(C=N1)C2=C(C=NC=C2)C=CC(=O)NC3=CC4=C(CCN(C4)CC(F)(F)F)C=C3
1466029,0.011,CN1C=C(C=N1)C2=C(C=NC=C2)C=CC(=O)NC3=CC=C(C=C3)CN4CC(C4)(F)F
1466029,0.0025,C1CC1N2C=C(C=N2)C3=C(C=NC=C3)C=CC(=O)NC4=CC=C(C=C4)CN5CC(C5)(F)F
1466029,0.016,CN1C=C(C=N1)C2=C(C=NC=C2)C=CC(=O)NC3=CC=C(C=C3)CN4CC5CC4CO5
1466029,0.0064,C1COCCN1CC2=CC=C(C=C2)NC(=O)C=CC3=C(C=CN=C3)C4=CN(N=C4)C(F)F
1466029,0.0064,C1CC1N2C=C(C=N2)C3=C(C=NC=C3)C=CC(=O)NC4=CC=C(C=C4)CN5CCOCC5
1466029,0.027,C1COCCN1CC2=CC=C(C=C2)NC(=O)C=CC3=C(C=CN=C3)C4=CSN=C4
1466029,0.00054,C1COCCN1CC2=CC=C(C=C2)NC(=O)C=CC3=C(C=CN=C3)C4=CNN=C4
1466029,4.8,CN1C=NC2=C1C=CC(=C2)C3=C(C=NC=C3)C=CC(=O)NC4=CC=C(C=C4)CN5CCOCC5
1466029,0.0071,C1CC1N2C=C(C=N2)C3=C(C=NC=C3)C=CC(=O)NC4=CC5=C(CN(CC5)CC(F)(F)F)C=C4
1466029,0.0065,C1CC1N2C=C(C=N2)C3=C(C=NC=C3C=CC(=O)NC4=CC=C(C=C4)CN5CCOCC5)F
1466029,0.0081,COC1=NC=C(S1)C2=C(C=NC=C2)C=CC(=O)NC3=CC=C(C=C3)CN4CCOCC4
1466029,0.0045,C1COCCN1CC2=CC=C(C=C2)NC(=O)C=CC3=C(C=CN=C3)C4=CN(N=C4)CC5=CC=CC=C5
1466029,0.0015,C1COCCN1CC2=CC=C(C=C2)NC(=O)C=CC3=C(C=CN=C3)C4=CC5=C(C=C4)N=CN5
1466029,0.041,CN1C=C(C=N1)C2=C(C=NC=C2)CCC(=O)NC3=CC=C(C=C3)CN4CCOCC4
1466029,0.0065,CN1C=C(C=N1)C2=C(C=NC=C2)C=CC(=O)NC3=CC=C(C=C3)CN4CCOCC4
1466029,0.0025,CN1C=NC2=C1C=C(C=C2)C3=C(C=NC=C3)C=CC(=O)NC4=CC=C(C=C4)CN5CCOCC5
1466029,0.0096,C1CC1N2C=C(C=N2)C3=C(C=NC=C3)C=CC(=O)NC4=CC=C(C=C4)CN5CC6CC5CO6
1466029,0.0067,CC1CN(CCO1)CC2=CC=C(C=C2)NC(=O)C=CC3=C(C=CN=C3)C4=CN(N=C4)C
1466029,0.0083,C1COCCN1CC2=CC=C(C=C2)NC(=O)C=CC3=C(C=CN=C3)C4=CC=C(S4)C(=O)N
1466029,0.041,C1COCCN1CC2=CC=C(C=C2)NC(=O)C=CC3=C(C=CN=C3)C4=CN=CS4
1466029,0.02,CC1COCCN1CC2=CC=C(C=C2)NC(=O)C=CC3=C(C=CN=C3)C4=CN(N=C4)C
1466029,0.0063,CN1C=C(C=N1)C2=C(C=NC=C2)C=CC(=O)NC3=CC=C(C=C3)CN4C5CCC4COC5
1466029,0.0062,CN1C=C(C=N1)C2=C(C=NC=C2)C=CC(=O)NC3=CC=C(C=C3)CN4CCC(C4)(F)F
1466029,0.028,C1COCCN1CC2=CC=C(C=C2)NC(=O)C=CC3=C(C=CN=C3)C4=CN(N=C4)CC(F)(F)F
1466029,0.0052,CN1C=C(C=N1)C2=C(C=NC=C2C=CC(=O)NC3=CC=C(C=C3)CN4CCOCC4)F
1466029,0.028,COC1=CC=C(S1)C2=C(C=NC=C2)C=CC(=O)NC3=CC=C(C=C3)CN4CCOCC4
1466029,0.0045,CN1C=C(C=N1)C2=C(C=NC=C2)C=CC(=O)NC3=CC4=C(CN(CC4)CC(F)(F)F)C=C3
1466029,0.0067,C1CC1N2C=C(C=N2)C3=C(C=NC=C3)C=CC(=O)NC4=CC=C(C=C4)CN5CC6CC(C5)O6
1466029,0.029,C1CC1N2C=C(C=N2)C3=C(C=NC=C3)CCC(=O)NC4=CC=C(C=C4)CN5CCOCC5
1474300,0.031,C1CCNC2=NN3C(=NC=C3C4=CC(=CC=C4)OCC1)C=C2
1474303,0.022,C1CC(CCC1N2CCOCC2)OC3=C4C5=C(CCC5CC(=O)N)SC4=NC=N3
1474306,0.2,CSC1=C2C(=C(S1)C(=O)N)CCC3=C2ON=C3
1474306,0.025,CN1C2=C(CCC3=C(SC(=C32)SC)C(=O)N)C=N1
1474306,1.3,CSC1=C2C(=C(S1)C(=O)N)CCC3=C2NN=C3
1474306,0.0091,COC1=C2C(=C(S1)C(=O)N)CCC3=C2SN=C3
1474306,0.003,C1CC2=C(SC(=C2C3=C1C=NS3)OC4=CN=CC=C4)C(=O)N
1474306,0.0089,CSC1=C2C(=C(S1)C(=O)N)CCC3=C2SN=C3
1474306,0.22,CS(=O)(=O)C1=C2C(=C(S1)C(=O)N)CCC3=C2SN=C3
1474306,0.49,CSC1=C2C(=C(S1)C#N)CCC3=C2SN=C3
1474306,0.066,C1CC2=C(SC(=C2C3=C1C=NS3)OC4=CC=CC=N4)C(=O)N
1474306,0.55,CSC1=C2C(=C(S1)C(=O)N)CCC3=C2SN=N3
1474306,0.00077,C1CC2=C(SC(=C2C3=C1C=NS3)OC4=CC=CC=C4)C(=O)N
1474306,0.0023,C1CC2=C(SC(=C2C3=C1C=NS3)OC4=CN=C(C=C4)N)C(=O)N
1474306,0.0013,COCCNC(=O)C1=NC=C(C=C1)OC2=C3C(=C(S2)C(=O)N)CCC4=C3SN=C4
1474306,0.07,CS(=O)C1=C2C(=C(S1)C(=O)N)CCC3=C2SN=C3
1474306,0.0074,CC(C)(CNC(=O)C1=NC=C(C=C1)OC2=C3C(=C(S2)C(=O)N)CCC4=C3SN=C4)O
1474306,0.002,CC1=C(C=CC=N1)OC2=C3C(=C(S2)C(=O)N)CCC4=C3SN=C4
1474306,0.0026,CNC(=O)C1=NC=C(C=C1)OC2=C3C(=C(S2)C(=O)N)CCC4=C3SN=C4
1474306,0.0083,CC1=C(C=CC=[N+]1[O-])OC2=C3C(=C(S2)C(=O)N)CCC4=C3SN=C4
1474306,0.00035,CC1=C(C=CC(=N1)C(=O)NCCOC)OC2=C3C(=C(S2)C(=O)N)CCC4=C3SN=C4
1474306,0.016,CC1=C(C=NC=C1)OC2=C3C(=C(S2)C(=O)N)CCC4=C3SN=C4
1474306,0.89,CSC1=C2C(=C(S1)C(=O)NC3=NOC=C3)CCC4=C2SN=C4
1474306,0.003,CC1=NC=C(C=C1)OC2=C3C(=C(S2)C(=O)N)CCC4=C3SN=C4
1474306,0.14,CNC(=O)C1=C2CCC3=C(C2=C(S1)SC)SN=C3
1474306,0.00058,CNC1=NC=C(C=C1)OC2=C3C(=C(S2)C(=O)N)CCC4=C3SN=C4
1474306,0.0015,CCOCCNC(=O)C1=NC=C(C=C1)OC2=C3C(=C(S2)C(=O)N)CCC4=C3SN=C4
1474306,0.62,CSC1=C2C(=C(S1)C(=O)NC3=NSC=C3)CCC4=C2SN=C4
1474306,0.0004,CC(=O)NC1=NC=C(C=C1)OC2=C3C(=C(S2)C(=O)N)CCC4=C3SN=C4
1474306,1.7,CN(C)C(=O)C1=C2CCC3=C(C2=C(S1)SC)SN=C3
1474306,0.028,CC1=CC(=CN=C1)OC2=C3C(=C(S2)C(=O)N)CCC4=C3SN=C4
1474306,0.0014,C1CC2=C(SC(=C2C3=C1C=NS3)OC4=CN=C(C=C4)C(=O)N)C(=O)N
1474306,2.8,CSC1=C2C(=C(S1)C(=O)NC3=CC=CC=N3)CCC4=C2SN=C4
1474306,1.4,CN1C=CC(=N1)NC(=O)C2=C3CCC4=C(C3=C(S2)SC)SN=C4
1474306,0.021,CN(C)C(=O)C1=NC=C(C=C1)OC2=C3C(=C(S2)C(=O)N)CCC4=C3SN=C4
1474368,0.0095,CSC1=C2C(=C(S1)C(=O)O)CCC3=C2SN=C3
1474368,0.54,CSC1=C2C(=C(S1)C(=O)NC3=CC=CC=C3)CCC4=C2SN=C4
1474371,0.0004,C1=CC=C(C=C1)C(CO)NC2=CN=CC(=C2)C3=CC4=C(C=C3)NN=C4
1474371,0.0002,C1=CC=C(C=C1)C(CO)NC2=NC(=CN=C2)C3=CC(=C(C=C3)O)Cl
1476232,0.048,CC(C)(C)C1=CC(=NO1)NC(=O)NC2=CC=C(C=C2)N3C4=NC=NC(=C4C(=N3)C5=CC=C(C=C5)OCCN6CCOCC6)N
1526306,0.299,[B-]1(N2C(=CC(=C2C=C3[N+]1=C(C=C3)CCC(=O)NCCOCCOCCOCCNC4CC5N6C7=CC=CC=C7C8=C9C(=C1C2=CC=CC=C2N(C1=C86)C(C4OC)(O5)C)CNC9=O)C)C)(F)F
1526306,0.148,[B-]1(N2C(=CC(=C2C=C3[N+]1=C(C=C3)CCC(=O)NCCOCCOCCOCCN(C)C4CC5N6C7=CC=CC=C7C8=C9C(=C1C2=CC=CC=C2N(C1=C86)C(C4OC)(O5)C)CNC9=O)C)C)(F)F
1526942,0.068,COC(=O)N1CCN(CC1)C2CCC(CC2)NC3=NC=NC4=C3C=C(C=C4)C#N
1528742,0.351,CC1=C(C=NN1)C2=CC3=C(S2)C(=O)NC(=N3)C4CCCCN4.Cl.Cl
1536865,1.3,COC1=CC=C(C=C1)C(=O)C2=CN=C3C=CC(=CC3=C2N4CCCCC4)F
1536865,2.9,COC1=CC=C(C=C1)CNC2=C3C(=CSC3=NC=N2)C4=CC=CC=C4
1541941,0.001,CN(C)C(=O)CN1C=C(C=N1)C2=CC=C(C=C2)C3=CN=CC4=CC=CC=C43
1541945,0.6,CC1=NC(=CO1)CC(=O)N2CCN(CC2)C3=CN=CC4=CC=CC=C43
1541945,0.03,CN1C2=C(C=CC(=C2)N3CCN(CC3)C4=CN=CC5=CC=CC=C54)C=N1
1541945,0.032,CC(=O)C1=CC2=C(C=NC=C2C=C1)N3CCN(CC3)C4=CC5=C(C=C4)C=NN5C
1577063,8.02,C1=CC2=C(C=CC(=C2)NC(=O)C3=CC(=C(C=C3)Cl)Cl)C=C1C(=O)NC4=NC=CS4
1609442,0.09,CC(C)C1=C2N=C(C=C(N2N=C1)NCC3=CC=CC=C3)NC(CO)C(CO)O
1609442,4.2,CC(C)C1=C2N=C(C=C(N2N=C1)NCC3=CC=CC=C3)NCCCCCCN
1609442,1.2,CC(C)C1=C2N=C(C=C(N2N=C1)NCC3=CC=CC=C3)NCC4CCNCC4O
1613754,0.018,CC1=C(C=C(C=C1)NC(=O)NC2=CC=C(C=C2)CC3=CC=NC=C3)C
1613754,0.047,CC1=C(C=C(C=C1)NC(=O)NC2=NN=C(S2)C3=CC(=CC=C3)F)C
1613754,0.386,C1=CC=C(C(=C1)NC2=C3C=C(C=CC3=NC=C2)F)F
1613758,0.0044,CC1=C2C3=C(CCCN3C(=N2)N4CCNCC4)C(=C1Br)Br.Cl
1613762,0.023,C1=CC(=CC=C1CCC2=NN=CO2)NC(=O)C=CC3=C(C=CN=C3)C4=CC=C(C=C4)F
1613762,0.0016,CC1=C(C=CC=N1)OC2=C3C(=C(S2)C(=O)N)CCC4=C3N(N=C4)C
1626393,0.0174,CNC1=NC=CC(=N1)N2CCC(C2)NC(=O)NC3=CC(=C(C=C3)CN4CCOCC4)C(F)(F)F
1626393,0.0101,CNC1=NC=CC(=N1)N2CCC(C2)NC(=O)NC3=CC(=C(C=C3)Cl)C(F)(F)F
1626393,0.0401,CNC1=NC=CC(=N1)N2CCC(C2)NC(=O)NC3=CC(=C(C=C3)CN(C)C)C(F)(F)F
1626393,0.143,CNC1=NC=CC(=N1)N2CCC(C2)NC(=O)NC3=CC=C(C=C3)OC(F)F
1626393,0.166,C1CN(CC1NC(=O)NC2=CC(=C(C=C2)Cl)C(F)(F)F)C3=NN4C=NN=C4C=C3
1626393,0.0184,CC1=C(C=C(C=C1)NC(=O)NC2CCN(C2)C3=NC(=NC=C3)NC)Cl
1626393,0.0999,CNC1=NC=CC(=N1)N2CCC(C2)NC(=O)NC3=CC(=C(C=C3)CN4CCC4)C(F)(F)F
1626393,0.0441,CNC1=NC=CC(=N1)N2CCC(C2)NC(=O)NC3=CC=C(C=C3)OC(F)(F)F
1626393,0.0423,C1CN(CC1NC(=O)NC2=CC(=C(C=C2)Cl)C(F)(F)F)C3=NC(=NC=C3)N
1626393,0.157,CNC1=NC=CC(=N1)N2CCC(C2)NC(=O)NC3=CC(=C(C=C3)CN4CCCC4)C(F)(F)F
1626393,0.0205,CNC1=NC=CC(=N1)N2CCC(C2)NC(=O)NC3=CC(=C(C=C3)CN4CCN(CC4)C)C(F)(F)F
1626393,0.0147,CCN1CCN(CC1)CC2=C(C=C(C=C2)NC(=O)NC3CCN(C3)C4=NC(=NC=C4)NC)C(F)(F)F
1626393,7.157,CNC1=NC=CC(=N1)N2CCC(C2)NC(=O)NC3=CC=C(C=C3)OC
1626393,0.0146,CNC1=NC=C(C(=N1)N)OC2=CC=CC(=C2)NC(=O)NC3=CC(=C(C=C3)Cl)C(F)(F)F
1626393,0.117,C1CN(CC1NC(=O)NC2=CC(=C(C=C2)Cl)C(F)(F)F)C3=CN=C(C=C3)C(F)(F)F
1626393,3.619,CNC1=NC=CC(=N1)N2CCC(C2)NC(=O)NC3=CC(=CC=C3)OC
1626393,0.0603,C1CN(CC1NC(=O)NC2=CC(=C(C=C2)Cl)C(F)(F)F)C3=NC=NC=C3
1626393,0.0089,CCNC1=NC=CC(=N1)N2CCC(C2)NC(=O)NC3=CC(=C(C=C3)Cl)C(F)(F)F
1626393,5.012,CNC1=NC=CC(=N1)N2CCC(C2)NC(=O)NC3=CC(=CC(=C3)OC)OC
1626393,3.478,CNC1=NC=CC(=N1)N2CCC(C2)NC(=O)NC3=CC=CC(=C3)C#N
1626393,0.0203,C1CC1NC2=NC=CC(=N2)N3CCC(C3)NC(=O)NC4=CC(=C(C=C4)Cl)C(F)(F)F
1641572,0,CC(C1CC1)(C2=CC=C(C=C2)C3=CN=C(N=C3)N)C4=NOC(=N4)C5=CN(N=C5)CC(=O)N(C)C
1642380,0,CC1CN(CC(O1)C)C2=NC=NC(=C2)C3=NNC4=C3C=C(C=C4)OC5(CC5)C
1643640,0,C1CC2=C(C=CC(=C2)NC3=C(C=C(C=C3)F)F)C(=O)C4=C1C=CC(=C4)OCC(CO)O
1645049,0,C1CN(CCN1CC2=NC3=CC=CC=C3N2)C4=CC=CC=N4
1645049,10,C1=CC=C2C(=C1)C(=O)N=C(S2)C3=CC=CC=N3
1645049,0,CN1C=NC=C1C(COC2=C(C=C(C=C2)C#N)C3=CC=C(C=C3)OC(F)(F)F)(C4=CC=C(C=C4)C#N)O
1645049,0,CC(=O)C1=C(C2=CC(=C(N=C2N(C1=O)C)C3=C(C=C(C=C3)Cl)Cl)C4=CC=C(C=C4)Cl)NS(=O)(=O)C
1645049,0,CC(=O)C1=C(C2=CC(=C(N=C2N(C1=O)C)C3=C(C=C(C=C3)Cl)Cl)C4=CC=C(C=C4)Cl)NC(=O)C
1645049,0,COC1=CC=CC(=C1)CNC(=O)C2=NC3=C(C(=CS3)COCC4=CC=C(C=C4)C(=O)O)C(=O)N2
1645049,0,C1CC(CCC1NS(=O)(=O)C(F)(F)F)(C2=C(C=CC(=C2)F)F)S(=O)(=O)C3=CC=C(C=C3)Cl
1645049,0,CSC1=C(N=CC=C1)N2CCN(CC2)CC3=NC4=CC=CC=C4N3
1645049,0,CN(C1=NC(=NC=C1)CNC2=NC(=NC=C2C(F)(F)F)NC3=CC4=C(C=C3)NC(=O)C4)S(=O)(=O)C
1645049,0,CC1=C(C(NC(=O)N1C2=CC=CC(=C2)C(F)(F)F)C3=CN=C(C=C3)C#N)C(=O)C
1645049,0,C1CN(CCC1=CC2=CC(=CC=C2)OC3=NC=C(C=C3)C(F)(F)F)C(=O)NC4=NN=CC=C4
1645049,0,COC1=CC2=C(C=C1)C=C(C=C2)OCC3(CN(C3)C(=O)C4=CC=C(C=C4)F)C(=O)O
1645049,0,CNC(=O)C1=CC=C(C=C1)NC2=NC=C(C(=N2)NCC3=NC=CN=C3N(C)S(=O)(=O)C)C(F)(F)F
1645049,0,C1CN(CCC1(C#N)C2=CC=CC=N2)CC3=C4C=CC=CN4C(=O)C(=C3)C(=O)O
1645049,0,C1CNCCC1C2=CC=C(C=C2)C3=C4C=CC(=CC4=CC(=C3)C(=O)O)C5=CC=C(C=C5)C(F)(F)F
1645049,0,CCC(=NO)C(=CC1=CC=C(C=C1)F)C
1645049,0,CC(C1=CC=CC(=C1)C#N)N2C=C(C=C(C2=N)C(=O)N)Cl
1645049,0,CN(C1CCC2=C(C3=CC=CC=C3N2C1)CC(=O)O)S(=O)(=O)C4=CC=C(C=C4)F
1645049,0,CCOC(=O)C1=CC2=C(N1)C=CC(=C2)C3=CC(=NN3C)C(=O)NCC4=CC=C(C=C4)C(=O)O
1645049,0,COCCOC1=NC(=NC2=C1CN(CC2)C(=O)C3=C4C=CC=CN4C=N3)C5=CN=C(C=C5)Cl
1645049,0,CC1(CCC(=C(C1)C2=CC=C(C=C2)Cl)CN3CCN(CC3)C4=CC(=C(C=C4)C(=O)NS(=O)(=O)C5=CC(=C(C=C5)NCC6CCC(CC6)OC)[N+](=O)[O-])OC7=CN=C8C(=C7)C=CN8)C
1645049,0,CC(=O)N1CCC(CC1)C2=C(C=C(C=C2)C(=O)N=C(N)N)C(F)(F)F
1645049,0,CS(=O)(=O)C1=NC=CC(=C1)C2(CC2)NC(=O)C3=CN=CC4=C3C=NN4C5=CC=C(C=C5)F
1645049,0,CC1=NC(=NC=C1)NC2=CC(=CC(=C2)C3=CN=C(S3)C4(CCC(C(C4)(C)C)C(=O)O)O)C
1645049,0,CN(C1CCC2=C(C3=C(N2C1)C=CC(=C3)S(=O)(=O)C)CC(=O)O)S(=O)(=O)C4=CC=C(C=C4)F
1645049,0,CC(C)(C1=CN=CC(=C1)C2=NC3=C(N2C4CC4)C=C(C=C3)F)O
1645049,0,CC1=C(C=CC(=C1)N2C(=NC(=N2)CC3=CC(=CC(=C3)F)C(F)(F)F)C)C(=O)N
1645049,0,CCC(=O)NC1CCC(C1)C(=O)N(C)C2=CC=C(C=C2)C3=NC4=CC=CC=C4O3
1645049,0,CN(C)C(=O)CN1C=C(C=N1)C2=NC(=NO2)C3(CC3)C4=CC=C(C=C4)C5=CN=C(N=C5)N
1645049,0,CN1C(=CC(=N1)C(=O)NCC2=CC=C(C=C2)C(=O)O)C3=CC4=C(C=C3)NC=C4
1645049,0,CCOCCN1C=C(C=CC1=O)C(=O)NC2=NC=C(C=C2)N3C(=CC(=N3)C4=CN=CC=C4)C(F)(F)F
1645049,0,CCS(=O)(=O)C1=NC=C2C(=C1)C=C(N2)CC(CC(C)(C)C3=C(C=C(C=C3)F)C(=O)N)(C(F)(F)F)O
1645049,0,CC(C(=O)NC1(CC1)C2=CC=CC=N2)NC(=O)C3=CN=C4N3C(C(=O)N4C5=CC(=C(C(=C5)Cl)F)Cl)(C)CC6=CC=C(C=C6)C#N
1645049,0,CC1=C(C=CC2=C1N=C(C=C2OC3CC4C(=O)NC5(CC5C=CCCCCCC(C(=O)N4C3)NC(=O)OC6CCCC6)C(=O)O)C7=CSC(=N7)NC(=O)C(C)C)OC
1645049,0,CN(C)CC#CC1=CC(=C(C=C1)OCCCC2=C(N=C(S2)N3CCC4=C(C3)C(=CC=C4)C(=O)NC5=NC6=CC=CC=C6S5)C(=O)O)F
1645049,0,CC1=CN(C=N1)C2=C(C=C(C=C2)C3=CN(N=N3)C4CCC5=C(C=CC=C5F)N(C4=O)CC(F)(F)F)OC
1645049,0,CC(C1=CC=C(C=C1)F)N(CC2=CC(=CC=C2)C(=O)O)C(=O)C3=CC4=CC=CC=C4N=C3
1645049,0,C1CCN(C1)C(=O)C2=CC(=C3C=CC=CN3C2=O)CN4CCC(CC4)(C#N)C5=CC=CC=N5
1645049,0,CC1=CC(=C(C=C1NC(=O)C2=CC(=CC(=C2)C#N)S(F)(F)(F)(F)F)N3C=CN4C3=CC(=N4)C5=CN=CC=C5)C
1645049,0,C1CC1C2C3(CCS(=O)(=O)CC3)C4=C(N2S(=O)(=O)C5=CC=C(C=C5)F)C=CC(=C4)C(=O)NCC6=C(C=C(C=N6)C(F)(F)F)Cl
1645049,0,CCC(=NO)C(=CC1=CC(=C(C=C1)F)C)C
1645049,0,CC1=NC(=NC=C1C2=C3C=NNC3=CC(=C2)C(F)(F)F)N4CCC(C4)O
1645049,0,CCCCN(CCCC)C(=O)CN1CC(C(C1CC(C)(C)CCC)C(=O)O)C2=CC3=C(C(=C2)OC)OCO3
1645049,0,CN1C(=CC(=N1)C(F)(F)F)C2=CN=C(N=C2)N3CCC4=C3C(=CC(=C4)S(=O)(=O)NC5=C(C=C(C=C5F)Cl)F)N6CCCC6=O
1645049,0,CCCOC1=CC=C(C=C1)C2C(C(CN2CC(=O)NC3=C(C=CC=C3CC)CC)C4=CC5=C(C=C4)OCO5)C(=O)O
1645049,0,CC1=C(C(=NN1CC2=CC=C(C=C2)C#N)C(F)(F)F)NC(=O)C3=CC(=NC4=C3C=CC(=C4)F)C(=O)N
1645049,0,C1CC(C(C1CN2C(=O)C3=CC=CC=C3N=N2)C(=O)O)C(=O)C4=CC=C(C=C4)OCCC5CCOCC5
1645049,0,CC1=C(C(=NN1C2=C(C=C(C=N2)C3CC3)F)OC(C)C)OC4=C(C=CC=C4F)F
1645049,0,CC(C(F)(F)F)N(CC1=CC=C(C=C1)F)C(=O)CN2C(=O)C3(CCC4=C3C=CC(=C4)NC(=O)NC)OC2=O
1645049,0,COC1=CC2=C(C=C1)C(CC(O2)C3=CC(=C(C=C3)OC)OC)NC(=O)C4(CC4)C5=CC6=C(C=C5)OC(O6)(F)F
1645049,0,C1CC1N2C3=C(C=C(C=C3)C(F)(F)F)N=C2C4=CN=CC=C4
1645049,0,C1=CC=C(C=C1)CC(=O)NC2=CC(=C(C=C2)OC3=CC(=CC=C3)Cl)S(=O)(=O)N
1645049,0,CC1=C(C(=NN1CC2=CC=C(C=C2)C(C)(C)C)C(F)(F)F)NC(=O)C3=CC(=NC4=C3C=CC(=C4)F)C(=O)N
1645049,0,C1C2C(C2CNC(=O)C3=CC4=NNN=C4C=C3)CN1C(=O)OCC5=CC(=CC(=C5)C(F)(F)F)C(F)(F)F
1645049,0,CN1CCN(CC1)C2=CC3=C(C(=NC=N3)C4CCN(CC4)C(=O)C5=C(C=C(C=C5)OC(F)(F)F)N)N=C2
1645049,0,CCC1=CC=CC=C1C(=O)NC2=NNC3=C(C(=C(C=C32)C4C(=C(N(C(=C4C#N)C)C)C)C#N)F)C
1645049,0,CC(C(F)(F)F)N(CC1=CC=C(C=C1)F)C(=O)CN2C(=O)C3(CCC4=C3C=C(C=C4)NC(=O)NC)OC2=O
1645049,0,CN(C)C1=NC=NC(=C1Cl)C2=CC3=C(C=C2)N=C(N3)NC4=NC=CC(=C4)CN5CCN(CC5)C(=O)CC(F)(F)F
1645049,0,C1=CC(=C(C=C1C#N)Cl)NC2=CC3=C(C=C2)NC(=O)N3
1645049,0,CC1=C(SC(=N1)CC2=CC(=CC=C2)C(F)(F)F)C3=CN=C(C=C3)C(=O)N
1645049,0,CC1=NC2=CC(=C(C=C2C(=N1)NC(C)C3=CC(=CS3)C4=CC=CC=C4CNC)OC)OC
1645049,0,C1CCC(CC1)CCCNC(=O)C2=CC=C(C=C2)CNC(=O)C3=C(N(N=C3)C4=CC=CC=C4)N
1645049,0,C1CN(C(C2=C1N=CC=C2)C3=CC=C(C=C3)F)C(=O)NC4=CN=C(N=C4)OC5=CC=C(C=C5)F
1645049,0,C1CC(=O)N(C1)C2=CC(=CC3=C2N(CC3)C4=NC=C(C=N4)N)S(=O)(=O)NC5=C(C=C(C=C5F)Cl)F
1645049,0,CC(C1=CC=CC=C1)NC(=O)NC2=NC(=C3C=NNC3=C2)CO
1645049,0,CC(C1=CC(=NC=C1)NC2=NC3=C(N2)C=C(C=C3)C4=CC(=NC=N4)N(C)C)N5CCN(CC5)C(=O)CC(F)(F)F
1645049,0,C1CC1C2=NOC(=N2)C3CC(CN(C3)C(=O)N4CCS(=O)(=O)CC4)C5=CC=C(C=C5)OC(F)(F)F
1645049,0,CC1=NC2=C(C(=N1)C3CCN(CC3)C(=O)C4=C(C=C(C=C4)OC(F)(F)F)N)N=CC(=C2)N5CCN(CC5)C
1645049,0,C1CCC=CC2CC2(NC(=O)C3CC(CN3C(=O)C(CC1)NC(=O)OC4CCCC4)OC5=CC=NC=C5)C(=O)O
1645049,0,C1CC1(C2=CC=CC=C2Cl)C(=O)NC3=CC(=C(C=C3)OC4=CC(=CC=C4)Cl)S(=O)(=O)N
1645049,0,CC(C)CC(=O)N1CCC2=C(C1)C(=NC(=N2)C3=CC=C(C=C3)Br)N(C)CC4=CC=CC=C4
1645049,0,CC1=C2C=C(C=CC2=NN1)C3C(=C(NC(=C3C#N)C4=CC=C(C=C4)Cl)C)C#N
1645049,0,CC1=CC(=CC(=C1)N2C=CN3C2=CC(=N3)C4=CN=CC=C4)NC(=O)C5=CC(=CC=C5)S(F)(F)(F)(F)F
1645049,0,CC1=C(C=C(C=C1)C2=CN=C(S2)C3(CCC(C(C3)(C)C)C(=O)O)O)NC4=CC=CC(=N4)C(F)(F)F
1645049,0,C1CCC(CC1)CCCNC(=O)C2=CC=C(C=C2)CNC(=O)C3=C(N(N=C3)C4=CC=CC=C4)C(F)(F)F
1645049,0,CC1=NN(C=C1)C2=C(C=C(C=C2)C3=CN(N=N3)C4CCC5=CC=CC=C5N(C4=O)CC(F)(F)F)OC
1645049,0,CC(=O)N1CCC(CC1)C2=C(C=C(C=C2)C(=O)NC3=NCCN3)C(F)(F)F
1645049,0,CS(=O)(=O)C1=NC=CC(=C1)C(CCNS(=O)(=O)C)NC(=O)C2=CN=CC3=C2C=NN3C4=CC=C(C=C4)F
1645049,0,CN1C=C(C2=C(C=CN=C21)OC3=C(C=C(C=C3F)NC4=CC(=NC(=N4)N)Cl)F)Cl
1645049,0,CC1(C(=O)N(C2=NC=C(N21)C(=O)NC3(CC3)C4=NC(=NO4)C5CCC5)C6=CC(=CC(=C6)Cl)Cl)CC7=CC=C(C=C7)C#N
1645049,0,CC1=NC=CC(=N1)COC(=O)N2CC3C(C2)C3CNC(=O)C4=CC5=NNN=C5C=C4
1645049,0,C1COCCC1CNC2=C(C=C(C=C2)S(=O)(=O)NC(=O)C3=C(C=C(C=C3)N4CCN(CC4)CC5=C(C=C(C=C5)C(F)(F)F)C6=CC=C(C=C6)Cl)OC7=CN=C8C(=C7)C=CN8)[N+](=O)[O-]
1645049,0,CC(C1=CC=CC=N1)NC(=O)NC2=NC(=C3C=NNC3=C2)CO
1645049,0,CC1CN(CC(O1)C)C2=NC=NC(=C2)C3=NN(C4=C3C=C(C=C4)OC5(CC5)C)C
1645049,0,C1C(CN1C(=O)NC2=NN=CC=C2)CC=CC3=CN=CC(=N3)OC4=NC=C(C=C4)C(F)(F)F
1645049,0,C1=CC=C2C(=C1)C(=O)NC(S2)C3=CC=CC=N3
1645049,0,CS(=O)(=O)N1CCCC(C1)NC(=O)C(CCC2CCCCC2)NC(=O)C3=CC=C(C=C3)CNC4=C5C(=NC=N4)N(N=N5)C6=CC=CC=C6
1645049,0,CC1=C(C=C(C2=C1C=C(C=C2)C3=CC=C(C=C3)C(F)(F)F)C4=CC=C(C=C4)C5CCNCC5)C(=O)O
1645049,0,CC(C1=C(C=NC2=CC(=NN21)Cl)NC3=CC=C(C=C3)C(C(F)(F)F)N(C)C(=O)C4CCS(=O)(=O)CC4)OC
1645049,0,C1CN(C(C2=C1N=CC=C2)C3=CC=C(C=C3)F)C(=O)NC4=CC=C(C=C4)OC5=CC=C(C=C5)F
1645049,0,CC1=CC=CC=C1C(=O)NC2=NN(C3=C2C=C(C=C3)C4C(=C(NC(=C4C#N)C)C)C#N)C
1645049,0,CC1=NOC(=N1)C2CC(CN(C2)C(=O)N3CCS(=O)(=O)C3)C4=CC=C(C=C4)C(F)(F)F
1651618,0.194,CN(C)CC=CC(=O)NC1=CC=CC(=C1)C(=O)NC2=CC=CC(=C2)NC3=NC=C(C(=N3)C4=CNC5=CC=CC=C54)Cl
1652529,4.49,CC(C)(C)C1=CN=C(O1)CSC2=CN=C(S2)NC3CCCN(C3)C(=O)C4=CC=C(C=C4)NC(=O)C=C
1653036,0.01,CC1=CC=C(C=C1)N2C(=CC(=N2)C(C)(C)C)NC(=O)NCCCNC(=O)OC(C)(C)C
1659608,0.018,CC12CCC(CC1CCC3C2CCC4(C3CC=C4C5=CC6=C(C=C5)C=CN=C6)C)N(C)C
1659608,0.041,CC12CCC(CC1CCC3C2CCC4(C3CC=C4C5=CN=CC=C5)C)N(C)C
1659608,0.0035,CC12CCC(CC1CCC3C2CCC4(C3CC=C4C5=CC=CC6=C5C=CN=C6)C)N(C)C
1659608,0.017,CC12CC=C3C=C4C(C(C(CC45CCC3(C1CCC2C6=CC7=C(C=C6)C=NC=C7)O5)N(C)C)O)O
1659608,0.045,CC12CCC(CC1CCC3C2CCC4(C3CC=C4C5=CC6=C(C=C5)C=NC=C6)C)N(C)C
1659608,0.013,CC12CCC(CC1CCC3C2CCC4(C3CC=C4C5=CC(=CN=C5)Cl)C)N(C)C
0,0,CC(=C1C(=O)Nc2ccc(cc12)S(=O)(=O)NCc3ccccc3)C
0,0,COc1cc(CC2COC(=O)C2(O)Cc3ccc(O)c(OC)c3)ccc1O
0,0,CCOC(=O)c1cccc(NS(=O)(=O)c2ccc3NC(=O)C(=C4CCCC4)c3c2)c1
0,0,CC(=C1C(=O)Nc2ccc(cc12)S(=O)(=O)Nc3cc(C)cc(C)c3)C
0,0,COc1cc(CC2COC(=O)C2Cc3ccc(O)c(OC)c3)ccc1O
0,0,[Br]/C1=C/C(=CC=C1)C2=NC(=NN2)C=3NN=CC=3NCC=4C=CN=CC=4
0,0,CC(=C1C(=O)Nc2ccc(cc12)S(=O)(=O)Nc3cccc4CCCCc34)C
0,0,Cc1sc(cc1NC(=O)c2n[nH]c3ccccc23)c4ccn[nH]4
0,0,CCc1ccc(cc1)C(=O)c2sc(Nc3cccc(Cl)c3)nc2N
0,0,COc1ccc(C(=O)NC(=S)Nc2ccc(cc2)n3nncc3c4ccccc4)c(OC)c1
0,0,O=C(NC/C1=C/C([F])=CC=C1)C4([H])CCN(CC/C3=C/N([H])C2=NC=CC=C23)CC4
0,0,Oc1cc(nc(Nc2nc3ccc(cc3[nH]2)[N+](=O)[O-])n1)c4ccccc4
0,0,O=C(NC=1C=CC([Cl])=CC=1[Cl])NCC=3C=CC(=C2C=CN=CC2=3)C4=CC=CC=C4
0,0,CC(=C1C(=O)Nc2ccc(cc12)S(=O)(=O)NC3CCCCC3)C
0,0,COc1cccc(c1)C(=O)N2CCc3[nH]nc(C(=O)NCCCc4ccccc4)c3C2
0,0,O=C1Nc2ccccc2C1Cc3cc4c5ccccc5nc4[nH]n3
0,0,COc1ccc(CC2CC(Cc3ccc(OC)c(OC)c3)C(=O)O2)cc1OC
0,0,CC(=O)c1cccc(NS(=O)(=O)c2ccc3NC(=O)Nc3c2)c1
0,0,CC1(C)OCC(Cc2ccc3OCOc3c2)CO1
0,0,O=C(N1CCN(CC1)C2([H])CCCCC2)C3=CC(=CC=C3)N4C=NC5=CC=CN=C45
0,0,O=C(NCc1ccccc1)c2n[nH]c3CCN(Cc23)C(=O)c4cocc4
0,0,O=C(NCCCc1ccccc1)c2n[nH]c3CCN(Cc23)C(=O)c4ccc(cc4)C#N
0,0,CC(=C1C(=O)Nc2ccc(cc12)S(=O)(=O)NCc3ccc(C)cc3)C
0,0,COc1ccc(cc1O)C2C(=C(N)Oc3[nH]nc(c4ccc5OCOc5c4)c23)C#N
0,0,Clc1ccc(\C=C\2/Oc3ccc(cc3NC2=O)C(=O)NCCN4CCCC4)cc1
0,0,NC1=C(C#N)C(c2cccc(O)c2)c3c(O1)[nH]nc3c4ccc5OCOc5c4
0,0,COc1cc(NS(=O)(=O)c2ccc3NC(=O)C(=C(C)C)c3c2)cc(OC)c1OC
0,0,C1(=NC=C([S]1)C/C2=C/C=CC=3C=CC=CC2=3)NC=4C=CC=CC=4
0,0,O=C(c1cnccc1)N/N=C(\CC1)/CC/C1=N\NC(c1cnccc1)=O
0,0,O=C1NC(=Nc2nccc(c3ccncc3)c12)NCCc4ccccc4
0,0,CC(=C1C(=O)Nc2ccc(cc12)S(=O)(=O)NCc3cccc(C)c3)C
0,0,Fc1ccccc1C(=O)N2CCc3[nH]nc(C(=O)NC4CCCc5ccccc45)c3C2
0,0,CC(Nc1cccc(c1)NC(C1=C(C(c2ccccc2)=NNC1=O)c1ccccc1)=O)=O
0,0,COc1cc(CC2C(COC2=O)C(=O)c3ccc4OCOc4c3)cc(OC)c1OC
0,0,C(C1C(c2cccc(c2)O)c2c(c3cccc(c3)[N+]([O-])=O)n[nH]c2OC=1N)#N
0,0,CC(=C1C(=O)Nc2ccc(cc12)S(=O)(=O)NCCc3ccccc3)C
0,0,CCNC(=O)c1cccc(Nc2c(nc3cnccn23)c4ccccc4)c1
0,0,Cc1nnc(NC(CSc2nnc3ccc(c4ccncc4)nn23)=O)s1
0,0,O=C(N\C(=N\c1ccc2OCCOc2c1)\NCCc3c[nH]c4ccccc34)c5ccc6OCOc6c5
0,0,COc1cc(CC2C(COC2=O)C3(SCCCS3)c4ccc5OCOc5c4)cc(OC)c1OC
0,0,COc1ccccc1CNC(c1ccc2c(c1)NC(/C(=C/c1cccc(c1)[Cl])O2)=O)=O
0,0,O=C(N/C(=C/C=1C=CC=CC=1OC)C(=O)NCC/C2=C/NC=3C=CC=CC2=3)C=4/C=C(/C)C=CC=4
0,0,O=C(O)C=4C=CC(NC=2N1C=CN=CC1=NC=2C=3/C=C(/OC)C(O)=CC=3)=CC=4
0,0,[F]C([F])([F])C2=NNC3=NC1=C/C=C(/[Br])C=C1C(=C23)C4=CC=CC=C4
0,0,C1C(c2ccccc2)c2c(c3cccc(c3)[N+]([O-])=O)n[nH]c2OC1=O
0,0,CCCN1CCN(CCNC(=O)c2ccc(Nc3cc(ncn3)c4ccc(C)cc4)cc2)CC1
0,0,COc1cc(CC2C(COC2=O)C(O)c3ccc4OCOc4c3)cc(OC)c1OC
0,0,c1ccc(cc1)c1c2cc(ccc2n2c(n1)nnn2)[N+]([O-])=O
0,0,O=C(C/C1=N/C(=NN1)C/C2=C/C=C(/[F])C=C2)NC=3/C=C(/[F])C([F])=CC=3
0,0,O=C(N)C1=NN(/N=C1/NC(=O)CN2C(=NC=3C=CC=CC2=3)C4=NO/N=C4/N)C5=CC=CC=C5
0,0,O=C(NCC/C1=C/NC=2C=CC([Cl])=CC1=2)C3=CC(=NC4=CC=CC=C34)C5=CN=CC=C5
0,0,COc1ccc(CC2C(Cc3ccc(OC)c(OC)c3)C(=O)OC2=O)cc1OC
0,0,O=C(NCC=1C=CC=CC=1[Cl])C4=CC(NC=2C=C(N=CN=2)C=3C=CC=CC=3)=CC=C4
0,0,O/C1=C/C(OCCCC)=C(/C=C1/C2=N/N/C=C2/C3=N/C(C)=C[S]3)CC
0,0,C(C1=CC(c2ccccc2)=NNC1=O)c1cc2c(c(c1)[Cl])OCO2
0,0,O=C1C=C(OC2=CC(=CC(O)=C12)OCC(=O)NCCC=3NC=NC=3)C=4C=CC=CC=4
0,0,Nc1n[nH]c2nc(cc(c3ccc(F)cc3)c12)c4cc(Cl)ccc4Cl
0,0,O=C(NCCCN1CCN(CC1)CC)C2=CC(=CC=C2)N3C(C)=NC4=CC=CN=C34
0,0,O=C2C=1NN=C(C=1[C@@]([H])(N2CC/C3=C/C=CC=C3)C=4/C=C(/O)C=CC=4)C5=CC=C/C=C5/O
0,0,O=C(NCC)C4=C/C=C(/NC=2N1C=CN=CC1=NC=2C=3/C=C(/OC)C(=CC=3)OC)C=C4
0,0,Fc1ccc(NC2=Nc3nccc(c4ccncc4)c3C(=O)N2)cc1
0,0,Cc1cccc(NC(=O)CCc2onc(n2)c3cc4ccccc4nc3O)c1C
0,0,O=C1NC(=NC2=NC=CC(=C12)C4=CC=3OCOC=3C=C4)NC=5C=CC=CC=5
0,0,O=C2NC(=NC1=NC=CC(=C12)C4=CC=3OCOC=3C=C4)NCC=5C=CC=CC=5
