1,1,BrC=1C=Cc2n(C=1)c(cn2)\C=N\N(S(=O)(=O)c1cc([N+](=O)[O-])ccc1C)C
2,0,Brc1c(c2nc(n3CCCc(c23)c1Br)N1CCNCC1)C
3,1,Brc1c2[nH]c3c(c2ccc1)c(nc1c3cccc1)C(O)=O
4,0,Brc1c2[nH]c3c(c2ccc1)c(nc1c3nccc1)C(O)=O
5,0,Brc1c2[nH]c3c(c2ccc1)c(nc1cc(OC)ccc13)C(O)=O
6,0,Brc1cc(S(=O)(=O)N(\N=C\c2c3n(nc2)C=CC(Cl)=N3)C)c(cc1)C
7,1,Brc1cc(cc(Nc2nc(-c3ccc(F)cc3OC)c(F)cn2)c1)CS(=O)(=NC#N)C
8,1,Brc1cc(cc(Nc2nc(-c3ccc(F)cc3OC)c(F)cn2)c1)CS(=O)(=[NH])C
9,1,Brc1cc(ccc1)CNc1ncnc2n(cnc12)C1CC(NC(=O)c2nc(ccc2)C)C1
10,1,Brc1cc2NC(=O)/C(/c2cc1)=C/1\Nc2c(cccc2)\C\1=N/O
11,0,Brc1cc2[nH]c3c(c4c(c5c6c([nH]c35)cccc6)C(=O)NC4=O)c2cc1
12,0,Brc1cc2c(n(cc2C2=C(c3c4c(oc3)cc(cc4)CO)C(=O)NC2=O)C)cc1
13,1,Brc1cc2c3CC(=O)Nc4c(-c3[nH]c2cc1)cccc4
14,1,Brc1cc2cc([nH]c2cc1)-c1n2[NH+]=C(N[C@@H](CC)CO)C=Cc2nc1
15,0,Brc1cc\2c(NC(=O)/C/2=N\Nc2ccc(S(=O)(=O)N)cc2)cc1
16,1,Brc1ccc(cc1)C=1Oc2c(C(=O)C=1)c(O)cc(O)c2[C@H]1CC[NH+](C[C@H]1O)C
17,1,Brc1n(nc2c1CCN([C@H]1COc3c(N(C)C1=O)cccc3)C2=O)Cc1ccccc1
18,1,Brc1nc-2n(cnc(N)c-2c1C(=O)N)[C@@H]1O[C@@H](COC(=O)C(C)C)[C@@H](O)[C@@H]1O
19,1,Brc1nc2[nH]cc(c2cc1)-c1nc(ncc1)N
20,1,ClC1=Nc2n(ncc2CCN(S(=O)(=O)c2cc([N+](=O)[O-])ccc2C)C)C=C1
21,1,ClC1=Nc2n(ncc2CCN(S(=O)(=O)c2cc(ccc2C)C#N)C)C=C1
22,0,ClC1=Nc2n(ncc2CCNS(=O)(=O)c2cc([N+](=O)[O-])ccc2C)C=C1
23,0,ClC1=Nc2n(ncc2\C=N\N(S(=O)(=O)c2cc(S(=O)(=O)C)ccc2C)C)C=C1
24,1,ClC1=Nc2n(ncc2\C=N\N(S(=O)(=O)c2cc([N+](=O)[O-])ccc2)C)C=C1
25,1,ClC1=Nc2n(ncc2\C=N\N(S(=O)(=O)c2cc([N+](=O)[O-])ccc2C)C)C=C1
26,1,ClC1=Nc2n(ncc2\C=N\N(S(=O)(=O)c2cc([N+](=O)[O-])ccc2OC)C)C=C1
27,1,ClC1=Nc2n(ncc2\C=N\N(S(=O)(=O)c2cc(ccc2)C#N)C)C=C1
28,1,ClC1=Nc2n(ncc2\C=N\N(S(=O)(=O)c2cc(ccc2C)C#N)C)C=C1
29,0,ClC1=Nn2c(ncc2-c2cc(Cl)ccc2)C=C1
30,0,ClC1=Nn2c(ncc2-c2cc(N)ccc2)C=C1
31,0,ClC1=Nn2c(ncc2-c2cc(ccc2)C=O)C=C1
32,0,ClC1=Nn2c(ncc2-c2cc3c([nH]cc3)cc2)C=C1
33,1,ClC=1C=Nc2n(ncc2-c2cc(sc2C)C(=O)N[C@@H]2[C@H](N)CCCC2(F)F)C=1
34,0,ClCCC(=O)Nc1n[nH]c2ncc(cc12)-c1ccc(O)cc1
35,1,Clc1c2[nH]c3c(c2ccc1)c(nc1c3cc(OC)cc1)C(O)=O
36,0,Clc1c2[nH]c3c(c2ccc1)c(nc1c3cc(cc1)-c1cc(OC)ccc1)C(O)=O
37,0,Clc1c2[nH]c3c(c2ccc1)c(nc1c3cccc1)C(O)=O
38,1,Clc1c2[nH]c3c(c2ccc1)c(nc1c3scc1)C(O)=O
39,1,Clc1c2[nH]c3c(c2ccc1)c(nc1cc(OC)ccc13)C(O)=O
40,1,Clc1c2c([nH]cc2-c2nc(ncc2)N)ncc1
41,1,Clc1c2cc([nH]c2ncc1)-c1ccc(N2CCNCC2)cc1
42,0,Clc1c2cc(n(c2ncc1)C)-c1ccc(N2CCNCC2)cc1
43,1,Clc1cc(-c2c3cc([nH]c3ncc2)C2CC[NH2+]CC2)c(OC)cc1
44,0,Clc1cc(-c2n3[NH+]=C(N[C@@H](CC)CO)C=Cc3nc2)c(N)cc1
45,1,Clc1cc(CNc2nc(nc3n(cnc23)C(C)C)NC2CCC(O)CC2)c(O)cc1
46,1,Clc1cc(CNc2nc(nc3n(cnc23)C(C)C)NC2CCC([NH3+])CC2)c(O)cc1
47,1,Clc1cc(CNc2nc(nc3n(cnc23)C(C)C)N[C@@H](C(O)C)CC)c(O)cc1
48,1,Clc1cc(CNc2nc(nc3n(cnc23)C(C)C)N[C@H](CC)CO)c(O)cc1
49,1,Clc1cc(Cl)ccc1-c1[nH]c(cc1C(=O)N)-c1nc(ncc1)N
50,1,Clc1cc(Cl)ccc1-c1nc(ncc1)Nc1ccc(S(=O)(=O)Nc2onc(C)c2C)cc1
51,1,Clc1cc(Cl)ccc1-c1nc(sc1C(=O)N)-c1nc(ncc1)N
52,1,Clc1cc(F)ccc1-c1nc(ncc1)Nc1ccc(S(=O)(=O)Nc2onc(C)c2C)cc1
53,1,Clc1cc(Nc2nc(ccn2)-c2cc(ncc2)NCCCO)ccc1
54,0,Clc1cc(Nc2nc(nc3n(cnc23)CC)N[C@@H]2CCCC[C@@H]2[NH3+])ccc1
55,1,Clc1cc(OC)c(cc1)-c1c2cc([nH]c2ncc1)C1CC[NH2+]CC1
56,1,Clc1cc(OC)c(cc1)-c1c2cc([nH]c2ncc1)C1OCC([NH2+]C1)(C)C
57,1,Clc1cc(OC)c(cc1)-c1nc(ncc1)Nc1ccc(S(=O)([O-])=Nc2onc(C)c2C)cc1
58,1,Clc1cc(OC)ccc1-c1nc(sc1C(=O)N)-c1nc(ncc1)N
59,1,Clc1cc(OCC)c(cc1)-c1nc(ncc1)Nc1ccc(S(=O)(=O)Nc2sc(nn2)C)cc1
60,1,Clc1cc(OCC)c(cc1)-c1nc(ncc1)Nc1ccc(S(=O)(=O)Nc2sccn2)cc1
61,1,Clc1cc(OCC)c(cc1)-c1nc(ncc1)Nc1ccc(S(=O)([O-])=Nc2onc(C)c2C)cc1
62,1,Clc1cc(cc(Cl)c1-c1[nH]c2c(n1)ccnc2Nc1ncnc(c1)C)C#N
63,1,Clc1cc(cc(Nc2nc(-c3ccc(F)cc3OC)c(F)cn2)c1)CS(=O)(=NC#N)C
64,1,Clc1cc(cc(Nc2nc(-c3ccc(F)cc3OC)c(F)cn2)c1)CS(=O)(=[NH])C
65,1,Clc1cc(ccc1)-c1n2N=C(N3CCC(N4CCCCC4)CC3)C=Cc2nc1
66,1,Clc1cc(ccc1)-c1n2N=C(N3CCN(CC3)CCO)C=Cc2nc1
67,1,Clc1cc(ccc1)-c1n2[NH+]=C(N[C@@H](CC)CO)C=Cc2nc1
68,0,Clc1cc(ccc1)-c1n2[NH+]=C(Nc3cc(NC(=O)C)ccc3)C=Cc2nc1
69,1,Clc1cc(ccc1)CNc1nc(ccc1)-c1c2cc([nH]c2ncc1)C1CC[NH+](CC1)C
70,1,Clc1cc(ccc1)CNc1nc(nc2n(cnc12)C(C)C)N[C@H]([C@H](O)C)CC
71,1,Clc1cc(ccc1)CNc1ncnc2n(cnc12)C1CC(NC(=O)c2nc(ccc2)C)C1
72,1,Clc1cc(ccc1)\C=C\C=1Oc2c(C(=O)C=1)c(O)cc(O)c2[C@H]1CC[NH+](C[C@H]1O)C
73,1,Clc1cc(ccc1C=1Oc2c(C(=O)C=1)c(O)cc(O)c2[C@@H]1CC[NH+](C)[C@H]1CO)C(F)(F)F
74,0,Clc1cc(ccc1Cl)C(=O)Nc1cc2c(cc(cc2)C(=O)Nc2sccn2)cc1
75,0,Clc1cc2n(c(nc2cc1Cl)C(C)C)C1CCCC1
76,0,Clc1cc2n(c(nc2cc1Cl)C)C1CCCC1
77,0,Clc1cc2n(cc(c2cc1F)C1=C(c2c3c(oc2)cc(cc3)CO)C(=O)NC1=O)C
78,1,Clc1cc2n(cnc2cc1Cl)[C@@H]1O[C@H](CO)[C@@H](O)[C@H]1O
79,1,Clc1cc\2c(NC(=O)/C/2=C/2\Nc3cc(F)c(F)cc3\C\2=N/O)cc1
80,1,Clc1ccc(NCc2ccccc2)cc1-c1c2cc([nH]c2ncc1)C1CCCNC1
81,1,Clc1ccc(NCc2ccccc2)cc1-c1c2cc([nH]c2ncc1)C1CCNCC1
82,1,Clc1ccc(NS(=O)(=O)c2ccccc2)cc1-c1c2cc([nH]c2ncc1)C1CCNCC1
83,1,Clc1ccc(OCC(=O)Nc2ncnc(c2)-c2cc(F)ccc2OC)nc1
84,1,Clc1ccc(OCc2ccccc2)nc1-c1c2cc([nH]c2ncc1)C1CCNCC1
85,1,Clc1ccc(OCc2cccnc2)nc1-c1c2cc([nH]c2ncc1)C1CCCNC1
86,0,Clc1ccc(Oc2c3c(sc(c3)C(=O)N)c(nc2)N)cc1
87,0,Clc1ccc(Oc2c3cc(sc3cnc2)C(=O)N)cc1
88,1,Clc1ccc([N+](=O)[O-])cc1S(=O)(=O)N(\N=C\c1c2n(nc1)C=CC(Cl)=N2)C
89,1,Clc1ccc(cc1)-c1cc2c([nH]cc2-c2nc(ncc2)N)nc1
90,1,Clc1ccc(cc1)\C=C\C=1Oc2c(C(=O)C=1)c(O)cc(O)c2[C@H]1CC[NH+](C[C@H]1O)C
91,1,Clc1ccc(cc1Nc1nc(-c2sc(nc2C)NC)c(cn1)C#N)C(=O)N1CC[NH+](CC1)C
92,1,Clc1ccc(nc1-c1c2cc([nH]c2ncc1)C1CCCN(C1)C(OC)=O)NCc1ccccc1
93,0,Clc1ccc(nc1-c1c2cc([nH]c2ncc1)C1CCCN(S(=O)(=O)C(C)C)C1)NCc1ccccc1
94,1,Clc1ccc(nc1-c1c2cc([nH]c2ncc1)C1CCCNC1)NCc1cc(F)c(F)cc1
95,1,Clc1ccc(nc1-c1c2cc([nH]c2ncc1)C1CCCNC1)NCc1cc(F)ccc1
96,1,Clc1ccc(nc1-c1c2cc([nH]c2ncc1)C1CCCNC1)NCc1cc(F)cnc1
97,1,Clc1ccc(nc1-c1c2cc([nH]c2ncc1)C1CCCNC1)NCc1ccc(F)cc1
98,1,Clc1ccc(nc1-c1c2cc([nH]c2ncc1)C1CCCNC1)NCc1ccccc1
99,1,Clc1ccc(nc1-c1c2cc([nH]c2ncc1)C1CCCNC1)NCc1ccccc1F
100,1,Clc1ccc(nc1-c1c2cc([nH]c2ncc1)C1CCCNC1)NCc1cccnc1
101,1,Clc1ccc(nc1-c1c2cc([nH]c2ncc1)C1CCC[NH+](C1)C)NCc1ccccc1
102,1,Clc1ccc(nc1-c1c2cc([nH]c2ncc1)C1CCC[NH2+]C1)N(Cc1ccccc1)C
103,1,Clc1ccc(nc1-c1c2cc([nH]c2ncc1)C1CCNC1)NCC1CCOCC1
104,1,Clc1ccc(nc1-c1c2cc([nH]c2ncc1)C1CCNC1)NCc1ccccc1
105,0,Clc1ccc(nc1-c1c2cc([nH]c2ncc1)C1CCNCC1)-c1ccccc1
106,1,Clc1ccc(nc1-c1c2cc([nH]c2ncc1)C1CCNCC1)N
107,0,Clc1ccc(nc1-c1c2cc([nH]c2ncc1)C1CCNCC1)NC(=O)c1ccccc1
108,1,Clc1ccc(nc1-c1c2cc([nH]c2ncc1)C1CCNCC1)NCC1CCCNC1
109,1,Clc1ccc(nc1-c1c2cc([nH]c2ncc1)C1CCNCC1)NCC1CCCOC1
110,1,Clc1ccc(nc1-c1c2cc([nH]c2ncc1)C1CCNCC1)NCC1CCNCC1
111,1,Clc1ccc(nc1-c1c2cc([nH]c2ncc1)C1CCNCC1)NCC1CCOCC1
112,1,Clc1ccc(nc1-c1c2cc([nH]c2ncc1)C1CCNCC1)NC[C@@H]1NC[C@@H](O)C1
113,1,Clc1ccc(nc1-c1c2cc([nH]c2ncc1)C1CCNCC1)NC[C@H]1NCC(F)(F)C1
114,1,Clc1ccc(nc1-c1c2cc([nH]c2ncc1)C1CCNCC1)NC[C@H]1NC[C@@H](F)C1
115,1,Clc1ccc(nc1-c1c2cc([nH]c2ncc1)C1CCNCC1)NCc1cc(F)c(F)cc1
116,1,Clc1ccc(nc1-c1c2cc([nH]c2ncc1)C1CCNCC1)NCc1cc(F)ccc1
117,1,Clc1ccc(nc1-c1c2cc([nH]c2ncc1)C1CCNCC1)NCc1cc(F)ccc1F
118,1,Clc1ccc(nc1-c1c2cc([nH]c2ncc1)C1CCNCC1)NCc1cc(F)cnc1
119,1,Clc1ccc(nc1-c1c2cc([nH]c2ncc1)C1CCNCC1)NCc1ccc(Cl)cc1
120,1,Clc1ccc(nc1-c1c2cc([nH]c2ncc1)C1CCNCC1)NCc1ccc[n+]([O-])c1
121,1,Clc1ccc(nc1-c1c2cc([nH]c2ncc1)C1CCNCC1)NCc1ccccc1
122,1,Clc1ccc(nc1-c1c2cc([nH]c2ncc1)C1CCNCC1)NCc1ccccc1F
123,1,Clc1ccc(nc1-c1c2cc([nH]c2ncc1)C1CCNCC1)NCc1cccnc1
124,1,Clc1ccc(nc1-c1c2cc([nH]c2ncc1)C1CCNCC1)NCc1ccncc1
125,1,Clc1ccc(nc1-c1c2cc([nH]c2ncc1)C1CCNCC1)N[C@@H](C)c1ccccc1
126,1,Clc1ccc(nc1-c1c2cc([nH]c2ncc1)C1CC[NH+](CC1)C)N
127,1,Clc1ccc(nc1-c1c2cc([nH]c2ncc1)C1CC[NH+](CC1)C)NCC1CC(OCC1)(C)C
128,1,Clc1ccc(nc1-c1c2cc([nH]c2ncc1)C1CC[NH+](CC1)C)NCC1CC1
129,1,Clc1ccc(nc1-c1c2cc([nH]c2ncc1)C1CC[NH+](CC1)C)NCC1CCN(C1)C(OC(C)(C)C)=O
130,1,Clc1ccc(nc1-c1c2cc([nH]c2ncc1)C1CC[NH+](CC1)C)NCC1CCN(CC1)C(=O)C
131,1,Clc1ccc(nc1-c1c2cc([nH]c2ncc1)C1CC[NH+](CC1)C)NCC1CCOCC1
132,1,Clc1ccc(nc1-c1c2cc([nH]c2ncc1)C1CC[NH+](CC1)C)NCC1CCS(=O)(=O)CC1
133,1,Clc1ccc(nc1-c1c2cc([nH]c2ncc1)C1CC[NH+](CC1)C)NCC1CC[NH2+]CC1
134,1,Clc1ccc(nc1-c1c2cc([nH]c2ncc1)C1CC[NH+](CC1)C)NCc1[nH]cnn1
135,1,Clc1ccc(nc1-c1c2cc([nH]c2ncc1)C1CC[NH+](CC1)C)NCc1cc(F)ccc1
136,1,Clc1ccc(nc1-c1c2cc([nH]c2ncc1)C1CC[NH+](CC1)C)NCc1cc(OCC(=O)[O-])ccc1
137,1,Clc1ccc(nc1-c1c2cc([nH]c2ncc1)C1CC[NH+](CC1)C)NCc1cc(S(=O)(=O)C)ccc1
138,1,Clc1ccc(nc1-c1c2cc([nH]c2ncc1)C1CC[NH+](CC1)C)NCc1ccc(OCC(=O)[O-])cc1
139,1,Clc1ccc(nc1-c1c2cc([nH]c2ncc1)C1CC[NH+](CC1)C)NCc1ccc(S(=O)(=O)C)cc1
140,1,Clc1ccc(nc1-c1c2cc([nH]c2ncc1)C1CC[NH+](CC1)C)NCc1ccc(S(=O)(=O)N)cc1
141,1,Clc1ccc(nc1-c1c2cc([nH]c2ncc1)C1CC[NH+](CC1)C)NCc1ccc(cc1)C(=O)N
142,1,Clc1ccc(nc1-c1c2cc([nH]c2ncc1)C1CC[NH+](CC1)C)NCc1ccccc1
143,1,Clc1ccc(nc1-c1c2cc([nH]c2ncc1)C1CC[NH+](CC1)C)NCc1ccncc1
144,0,Clc1ccc(nc1-c1c2cc([nH]c2ncc1)C1CC[NH+](CC1)C)Nc1nc(N)ccc1Cl
145,1,Clc1ccc(nc1-c1c2cc([nH]c2ncc1)C1CC[NH2+]CC1)N(Cc1ccccc1)C
146,1,Clc1ccc(nc1-c1c2cc([nH]c2ncc1)C1CC[NH2+]CC1)N(Cc1ccccc1)CC
147,1,Clc1ccc(nc1-c1c2cc([nH]c2ncc1)C1OCCNC1)NCc1ccccc1
148,1,Clc1cccc(-c2c3cc([nH]c3ncc2)C2CC[NH2+]CC2)c1OC
149,1,Clc1cccc(Cl)c1-n1nc(c2c1N=C(NC2=O)Cc1ccc(OCCO)cc1)C(C)C
150,1,Clc1cccc(Cl)c1C(=O)Nc1c[nH]nc1C(=O)NC1CCNCC1
151,1,Clc1cccc(Cl)c1C(=O)Nc1cc(ncc1)NC(=O)C1CC1
152,0,Clc1cccc(Cl)c1CS(=O)(=O)c1cc\2c(NC(=O)/C/2=C\c2[nH]c(C)c(C(=O)N3CCC[C@@H]3CN3CCCC3)c2C)cc1
153,0,Clc1cccc(Cl)c1S(Oc1cc2nc([nH]c2cc1)NC(OC)=O)(=O)=O
154,1,Clc1cccc(Cl)c1\C=C\C=1Oc2c(C(=O)C=1)c(O)cc(O)c2[C@H]1CC[NH+](C[C@H]1O)C
155,1,Clc1cccc(OC)c1-c1nc(ncc1)Nc1ccc(S(=O)(=O)Nc2onc(C)c2C)cc1
156,1,Clc1ccccc1C=1Oc2c(C(=O)C=1)c(O)cc(O)c2[C@@H]1CC[NH+](C)[C@H]1CO
157,1,Clc1ccccc1C=1Oc2c(C(=O)C=1)c(O)cc(O)c2[C@H]1CC[NH+](C[C@H]1O)C
158,1,Clc1ccccc1CN(C)c1nc(ccc1)-c1c2cc([nH]c2ncc1)C1CC[NH+](CC1)C
159,1,Clc1ccccc1CNc1nc(ccc1)-c1c2cc([nH]c2ncc1)C1CCNCC1
160,1,Clc1ccccc1CNc1nc(ccc1)-c1c2cc([nH]c2ncc1)C1CC[NH+](CC1)C
161,1,Clc1ccccc1CNc1nc(ccc1)-c1c2cc([nH]c2ncc1)C=1CCN(S(=O)(=O)C)CC=1
162,1,Clc1ccccc1\C=C\C=1Oc2c(C(=O)C=1)c(O)cc(O)c2[C@H]1CC[NH+](C[C@H]1O)C
163,1,Clc1cnc(F)cc1-c1nc(sc1)NCC1CCOCC1
164,1,Clc1cnc(NC(=O)[C@@H]2CCCNC2)cc1-c1nc(NCC2CCOCC2)c(F)cc1
165,1,Clc1cnc(NC(=O)[C@@H]2CCC[NH2+]C2)cc1-c1cc(F)ccc1OC(C)C
166,0,Clc1cnc(NC(=O)c2ccc(F)cc2)cc1-c1nc(sc1)NCC1CCOCC1
167,1,Clc1cnc(NC2CCC(N)CC2)cc1-c1nc(sc1)NCC1CCOCC1
168,1,Clc1cnc(NC2CCC(NC(=O)C)CC2)cc1-c1nc(sc1)NCC1CCOCC1
169,1,Clc1cnc(NC2CCC(NC(=O)C3CC3)CC2)cc1-c1nc(sc1)NCC1CCOCC1
170,0,Clc1cnc(NC2CCC(NC(=O)COC)CC2)cc1-c1nc(sc1)NCC1CCOCC1
171,1,Clc1cnc(NC2CCC([NH2+]CCCOC)CC2)cc1-c1nc(sc1)NCC1CCOCC1
172,1,Clc1cnc(NC2CCC([NH2+]CCOC)CC2)cc1-c1nc(sc1)NC
173,1,Clc1cnc(NC2CCC([NH2+]CCOC)CC2)cc1-c1nc(sc1)NCC(F)(F)F
174,1,Clc1cnc(NC2CCC([NH2+]CCOC)CC2)cc1-c1nc(sc1)NCC1(CCOCC1)C#N
175,1,Clc1cnc(NC2CCC([NH2+]CCOC)CC2)cc1-c1nc(sc1)NCC1C2CC3CC1CC(C2)C3
176,1,Clc1cnc(NC2CCC([NH2+]CCOC)CC2)cc1-c1nc(sc1)NCC1CC1
177,1,Clc1cnc(NC2CCC([NH2+]CCOC)CC2)cc1-c1nc(sc1)NCC1CCC1
178,1,Clc1cnc(NC2CCC([NH2+]CCOC)CC2)cc1-c1nc(sc1)NCC1CCCC1
179,1,Clc1cnc(NC2CCC([NH2+]CCOC)CC2)cc1-c1nc(sc1)NCC1CCCCC1
180,1,Clc1cnc(NC2CCC([NH2+]CCOC)CC2)cc1-c1nc(sc1)NCC1CCOC1
181,1,Clc1cnc(NC2CCC([NH2+]CCOC)CC2)cc1-c1nc(sc1)NCC1CCOCC1
182,1,Clc1cnc(NC2CCC([NH2+]CCOC)CC2)cc1-c1nc(sc1)NCc1ccc(F)cc1
183,1,Clc1cnc(NC2CCC([NH2+]CCOC)CC2)cc1-c1nc(sc1)NCc1ccccc1
184,1,Clc1cnc(NC2CCC([NH2+]CCOC)CC2)cc1-c1nc(sc1)OCC1CCOCC1
185,1,Clc1cnc(NC2CCC([NH2+]CCOC)CC2)cc1-c1nc(sc1)SCC1CCOCC1
186,1,Clc1cnc(NC2CCC([NH2+]CCOCC)CC2)cc1-c1nc(sc1)NCC1CCOCC1
187,1,Clc1cnc(NC2CCC([NH2+][C@@H](COC)C)CC2)cc1-c1nc(sc1)NCC1(CCOCC1)C#N
188,1,Clc1cnc(NC2CCC([NH2+][C@@H](COC)C)CC2)cc1-c1nc(sc1)NCC1CCOCC1
189,1,Clc1cnc(NC2CCC([NH2+][C@H](COC)C)CC2)cc1-c1nc(sc1)NCC1(CCOCC1)C#N
190,0,Clc1cnc(NC2CCCC2)cc1-c1cc(NCC2CCOCC2)c(nc1)N1CCOCC1
191,1,Clc1cnc(NCC2(CCOCC2)C#N)cc1-c1c2cc([nH]c2ncc1)C1CCNCC1
192,1,Clc1cnc(NCC2CCC(N)CC2)cc1-c1nc(sc1)NCC1CCOCC1
193,0,Clc1cnc(NCCCN)cc1-c1cc(NCC2CCOCC2)cnc1
194,0,Clc1cnc(NCCO)cc1-c1cc(NCc2cc(F)ccc2)c(nc1)N1CCOCC1
195,1,Clc1cnc(NCCO)cc1-c1cc(NCc2cc(F)ccc2)cnc1
196,0,Clc1cnc(NCCOC)cc1-c1nc(sc1)NCC1CCOCC1
197,1,Clc1cnc(NCc2cc(F)ccc2)cc1-c1c2cc([nH]c2ncc1)C1CCNCC1
198,1,Clc1cnc(NCc2ccccc2)cc1-c1c2cc([nH]c2ncc1)C1CCCNC1
199,1,Clc1cnc(NCc2ccccc2)cc1-c1c2cc([nH]c2ncc1)C1CCNCC1
200,1,Clc1cnc(Nc2ccccc2)cc1-c1nc(sc1)NCC1CCOCC1
201,0,Clc1cnc(OC2CCC([NH2+]CCOC)CC2)cc1-c1nc(sc1)NCC1CCOCC1
202,1,Clc1cnc(nc1-c1c2c([nH]c1)cccc2)N[C@@H]1CCCN(C1)C(=O)c1ccc(NC(=O)\C=C\C[NH+](C)C)cc1
203,1,Clc1cnc(nc1-c1c2c([nH]c1)cccc2)N[C@H]1C[C@@H](NC(=O)c2ccc(NC(=O)\C=C\C[NH+](C)C)cc2)CCC1
204,1,Clc1cnc(nc1-c1c2c([nH]c1)cccc2)N[C@H]1C[C@@H](NC(=O)c2ncc(NC(=O)\C=C\C[NH+](C)C)cc2)CCC1
205,1,Clc1cnc(nc1-c1c2c([nH]c1)cccc2)N[C@H]1C[C@@](NC(=O)c2ncc(NC(=O)\C=C\C[NH+](C)C)cc2)(CCC1)C
206,1,Clc1cnc(nc1-c1c2c([nH]c1)cccc2)Nc1cc(NC(=O)c2cc(NC(=O)\C=C\C[NH+](C)C)ccc2)ccc1
207,0,Clc1cnc(nc1-c1c2c([nH]c1)cccc2)Nc1cc(NC(=O)c2ccc(NC(=O)\C=C\C[NH+](C)C)cc2)ccc1
208,1,Clc1cnc(nc1-c1c2n(nc1)C=CC=C2)Nc1c(n(nc1C)C1CCN(CC1)C(=O)[C@H](O)C)C
209,1,Clc1cnc(nc1-c1c2ncccc2[nH]c1)NC1CCCCC1
210,1,Clc1cnc(nc1-c1n2c(nc1)C=CC=C2)Nc1cn(nc1)C1CCN(CC1)C(=O)C
211,1,Clc1cnc(nc1-c1sc(nc1C)NC)Nc1cc(N2CC[NH2+]CC2)ccc1
212,1,Clc1cnc(nc1-c1sc(nc1C)NC)Nc1cc(S(=O)(=O)N)ccc1
213,1,Clc1cnc2[nH]c(cc2c1-c1cc(F)ccc1)C1CC(N)CCC1
214,1,Clc1cnc2[nH]c(cc2c1-c1cc(F)ccc1)C1CCCNC1
215,1,Clc1cnc2[nH]c(cc2c1-c1cc(F)ccc1OC)C=1CCN(CC=1)C(=O)NC
216,1,Clc1cnc2[nH]c(cc2c1-c1cc(NCc2ccccc2)ccc1F)C1CCNCC1
217,1,Clc1cnc2[nH]c(cc2c1-c1cc(ncc1)NCc1ccccc1)C1CCCNC1
218,1,Clc1cnc2[nH]c(cc2c1-c1nc(F)ccc1)C1CCCNC1
219,1,Clc1cnc2[nH]c(cc2c1-c1nc(NCC2CCOCC2)ccc1)C1CCCNC1
220,1,Clc1cnc2[nH]c(cc2c1-c1nc(NCc2ccccc2)ccc1)C1CC(N)CCC1
221,0,Clc1cnc2[nH]c(cc2c1-c1nc(NCc2ccccc2)ccc1)C1CCCN(C1)C(OC)=O
222,1,Clc1cnc2[nH]c(cc2c1-c1nc(NCc2ccccc2)ccc1)C1CCCN(S(=O)(=O)C(C)C)C1
223,1,Clc1cnc2[nH]c(cc2c1-c1nc(NCc2ccccc2)ccc1)C1CCCNC1
224,1,Clc1cnc2[nH]c(cc2c1-c1nc(NCc2ccccc2)ccc1)C1CCC[NH+](C1)C
225,1,Clc1cnc2[nH]c(cc2c1-c1nc(NCc2ccccc2)ccc1)C1CCNCC1
226,0,Clc1nc(-c2c3cc([nH]c3ncc2)C2CCNCC2)c(F)cc1
227,0,Clc1ncc(Nc2nc-3c(CCc4nc(sc-34)C)cn2)cc1
228,0,FC(F)(F)C(O)C(Nc1nc(NCc2cccnc2)c2ncn(c2n1)C(C)C)CC
229,0,FC(F)(F)C(O)CNc1nc(NCc2cccnc2)c2ncn(c2n1)C(C)C
230,1,FC(F)(F)CC(=O)N1CCN(CC1)Cc1cc(ncc1)Nc1[nH]c2cc(ccc2n1)-c1cc(ncc1)C
231,1,FC(F)(F)CC(=O)N1CCN(CC1)Cc1cc(ncc1)Nc1[nH]c2cc(ccc2n1)-c1cn(nc1)C
232,0,FC(F)(F)CC(=O)N1CCN(CC1)Cc1cc(ncc1)Nc1[nH]c2cc(ccc2n1)-c1cn(nc1)CC1CC1
233,1,FC(F)(F)CC(=O)N1CCN(CC1)Cc1cc(ncc1)Nc1[nH]c2cc(ccc2n1)-c1ncnc(c1)C
234,1,FC(F)(F)CC(=O)N1CCN(CC1)Cc1cc(ncc1)Nc1[nH]c2cc(ccc2n1)-c1onc(n1)C
235,1,FC(F)(F)CC(=O)N1CCN(CC1)Cc1cc(ncc1)Nc1[nH]c2cc(ccc2n1)C#N
236,0,FC(F)(F)CC(=O)N1CCN(CC1)[C@H](C)c1cc(ncc1)Nc1[nH]c2cc(ccc2n1)-c1ncnc(OCC2CC2)c1
237,0,FC(F)(F)CC(=O)N1CCN(CC1)[C@H](C)c1cc(ncc1)Nc1[nH]c2cc(ccc2n1)-c1ncnc(c1)C
238,0,FC(F)(F)CC(=O)N1CCN(CC1)[C@H](C)c1cc(ncc1)Nc1[nH]c2cc(ccc2n1)-c1onc(n1)C
239,1,FC(F)(F)CC(=O)N1CC[NH+](CC1)Cc1cc(ncc1)Nc1[nH]c2cc(ccc2n1)-c1cc(ncc1)N(C)C
240,0,FC(F)(F)CC(=O)N1CC[NH+](CC1)Cc1cc(ncc1)Nc1[nH]c2cc(ccc2n1)-c1cn(nc1)CC
241,0,FC(F)(F)CC(=O)N1CC[NH+](CC1)Cc1cc(ncc1)Nc1[nH]c2cc(ccc2n1)-c1ncnc(N(C)C)c1
242,0,FC(F)(F)CC(=O)N1CC[NH+](CC1)[C@H](C)c1cc(ncc1)Nc1[nH]c2cc(ccc2n1)-c1ncnc(c1)COC
243,1,FC(F)(F)CC(=O)N1CC[NH+](CC1)[C@H](C)c1cc(ncc1)Nc1[nH]c2cc(ccc2n1)-c1ncncc1OC(C)C
244,1,FC(F)(F)CCC1c2[nH]c(cc2C(=O)NC1)-c1nc(ncc1)N
245,0,FC(F)(F)CNc1nc(nc2[nH]ccc12)Nc1ccc(cc1)C(=O)NCCC
246,1,FC(F)(F)Oc1ccc(cc1)-c1cc2c([nH]cc2-c2nc(ncc2)N)nc1
247,1,FC(F)(F)c1cc(NC(=O)Nc2ccc(Oc3ncnc(NC)c3)cc2)ccc1C[NH+]1CC[NH+](CC1)CC
248,1,FC(F)(F)c1cc(ccc1)-c1cc2c([nH]cc2-c2nc(ncc2)N)nc1
249,0,FC(F)(F)c1cc(ccc1)-c1n2N=C(OC)C=Cc2nc1
250,0,FC(F)(F)c1cc(ccc1)-c1n2[NH+]=C(N[C@@H](CC)CO)C=Cc2nc1
251,0,FC(F)(F)c1cc(ccc1)\C=C\c1n2[NH+]=C(N[C@@H](CC)CO)C=Cc2nc1
252,1,FC(F)(F)c1ccc(cc1)-c1cc2c([nH]cc2-c2nc(ncc2)N)nc1
253,0,FC(F)(F)c1ccc(cc1)-c1n2[NH+]=C(N[C@@H](CC)CO)C=Cc2nc1
254,1,FC(F)(F)c1ccc(cc1)C=1Oc2c(C(=O)C=1)c(O)cc(O)c2[C@H]1CC[NH+](C[C@H]1O)C
255,1,FC(F)(F)c1cnc(nc1-c1n[nH]c2c1cccc2)N[C@H]1CCCNC1
256,1,FC(F)(F)c1ncc(cc1)CNc1nc(nc2n(cnc12)C(C)C)N[C@H]([C@H](O)C)CC
257,1,FC1(F)CN(C1)C(=O)C[NH+]1CCC(=CC1)c1[nH]c2nccc3-c4cc(F)ccc4N(Cc1c23)C
258,1,FCC[C@@H]1c2[nH]c(cc2C(=O)NC1)-c1nc(ncc1)N
259,1,FCC[C@H]1c2[nH]c(cc2C(=O)NC1)-c1nc(ncc1)N
260,1,F[B-]1(F)[N+]=2C(C=CC=2CCC(=O)NCCOCCOCCOCC[NH+](C)[C@@H]2C[C@H]3O[C@@](n4c5c(c6c(c7c8c(n3c57)cccc8)C(=O)NC6)c3c4cccc3)(C)[C@@H]2OC)=Cc2n1c(cc2C)C
261,1,F[B-]1(F)[N+]=2C(C=CC=2CCC(=O)NCCOCCOCCOCC[NH2+][C@@H]2C[C@H]3O[C@@](n4c5c(c6c(c7c8c(n3c57)cccc8)C(=O)NC6)c3c4cccc3)(C)[C@@H]2OC)=Cc2n1c(cc2C)C
262,1,Fc1c(\C=C\C=2Oc3c(C(=O)C=2)c(O)cc(O)c3[C@H]2CC[NH+](C[C@H]2O)C)c(F)c(F)c(F)c1F
263,1,Fc1c(cccc1F)-c1c2cc([nH]c2ncc1)C=1CCN(CC=1)C(=O)NC
264,1,Fc1c(cccc1F)-c1c2cc([nH]c2ncc1)C=1CC[NH+](CC=1)CC(=O)N(C)C
265,1,Fc1c2-c3c(N(Cc4c2c([nH]c4C=2CC[NH+](CC=2)C2CCC(CC2)C(=O)[O-])nc1)C)cccc3
266,1,Fc1c2-c3c(N(Cc4c2c([nH]c4C=2CC[NH+](CC=2)C2CCC(CC2)CC(=O)[O-])nc1)C)cccc3
267,1,Fc1c2-c3c(N(Cc4c2c([nH]c4C=2CC[NH+](CC=2)CC(=O)N(C)C)nc1)C)cccc3
268,1,Fc1c2-c3c(N(Cc4c2c([nH]c4C=2CC[NH2+]CC=2)nc1)C)cccc3
269,1,Fc1cc(-c2c3c([nH]c(C4CCNCC4)c3C)ncc2)c(OC)cc1
270,1,Fc1cc(-c2c3c([nH]c(C=4CCN(CC=4)C(=O)NC)c3C#N)ncc2)c(OC)cc1
271,1,Fc1cc(-c2c3c([nH]c(C=4CCN(CC=4)CC(=O)N(C)C)c3C#N)ncc2)c(OC)cc1
272,1,Fc1cc(-c2c3cc([nH]c3ncc2)C2(O)CCNCC2)c(OC)cc1
273,1,Fc1cc(-c2c3cc([nH]c3ncc2)C2(O)CCOCC2)c(OC)cc1
274,1,Fc1cc(-c2c3cc([nH]c3ncc2)C2CC(N)CCC2)c(OC)cc1
275,1,Fc1cc(-c2c3cc([nH]c3ncc2)C2CCC(N)CC2)c(OC)cc1
276,1,Fc1cc(-c2c3cc([nH]c3ncc2)C2CCC(NCC(O)CO)CC2)c(OC)cc1
277,1,Fc1cc(-c2c3cc([nH]c3ncc2)C2CCC(NCC3CC3C(O)=O)CC2)c(OC)cc1
278,1,Fc1cc(-c2c3cc([nH]c3ncc2)C2CCC(NCCCC(O)=O)CC2)c(OC)cc1
279,1,Fc1cc(-c2c3cc([nH]c3ncc2)C2CCC([NH2+]CC3CC3C(OCC)=O)CC2)c(OC)cc1
280,1,Fc1cc(-c2c3cc([nH]c3ncc2)C2CCC([NH2+]CCCC(OC)=O)CC2)c(OC)cc1
281,1,Fc1cc(-c2c3cc([nH]c3ncc2)C2CCCCC2)c(OC)cc1
282,1,Fc1cc(-c2c3cc([nH]c3ncc2)C2CCCCNC2)c(OC)cc1
283,1,Fc1cc(-c2c3cc([nH]c3ncc2)C2CCCN(C2)C(=O)C)c(OC)cc1
284,1,Fc1cc(-c2c3cc([nH]c3ncc2)C2CCCN(C2)C)c(OC)cc1
285,1,Fc1cc(-c2c3cc([nH]c3ncc2)C2CCCN(C2)CCCN)c(OC)cc1
286,1,Fc1cc(-c2c3cc([nH]c3ncc2)C2CCCN(C2)CCCNC(OCc2ccccc2)=O)c(OC)cc1
287,1,Fc1cc(-c2c3cc([nH]c3ncc2)C2CCCN(C2)CCO)c(OC)cc1
288,1,Fc1cc(-c2c3cc([nH]c3ncc2)C2CCCNC2)c(OC)cc1
289,1,Fc1cc(-c2c3cc([nH]c3ncc2)C2CCC[NH+](C2)CCOC)c(OC)cc1
290,1,Fc1cc(-c2c3cc([nH]c3ncc2)C2CCC[NH2+]C2)c(OC)cc1F
291,1,Fc1cc(-c2c3cc([nH]c3ncc2)C2CCN(C2)C(=O)C)c(OC)cc1
292,1,Fc1cc(-c2c3cc([nH]c3ncc2)C2CCN(C2)C)c(OC)cc1
293,1,Fc1cc(-c2c3cc([nH]c3ncc2)C2CCN(C2)C2CCN(C2)C(OC(C)(C)C)=O)c(OC)cc1
294,1,Fc1cc(-c2c3cc([nH]c3ncc2)C2CCN(C2)C2CCNC2)c(OC)cc1
295,1,Fc1cc(-c2c3cc([nH]c3ncc2)C2CCN(C2)C2CCOCC2)c(OC)cc1
296,1,Fc1cc(-c2c3cc([nH]c3ncc2)C2CCN(C2)CC2CCCOC2)c(OC)cc1
297,1,Fc1cc(-c2c3cc([nH]c3ncc2)C2CCN(C2)CC2CCOCC2)c(OC)cc1
298,1,Fc1cc(-c2c3cc([nH]c3ncc2)C2CCN(C2)CCN)c(OC)cc1
299,1,Fc1cc(-c2c3cc([nH]c3ncc2)C2CCN(C2)CCN2CCOCC2)c(OC)cc1
300,1,Fc1cc(-c2c3cc([nH]c3ncc2)C2CCN(C2)CCNC(OC(C)(C)C)=O)c(OC)cc1
301,1,Fc1cc(-c2c3cc([nH]c3ncc2)C2CCN(C2)CCO)c(OC)cc1
302,1,Fc1cc(-c2c3cc([nH]c3ncc2)C2CCN(C2)Cc2cccnc2)c(OC)cc1
303,1,Fc1cc(-c2c3cc([nH]c3ncc2)C2CCN(C2)Cc2ccncc2)c(OC)cc1
304,1,Fc1cc(-c2c3cc([nH]c3ncc2)C2CCN(C2)Cc2ncccc2)c(OC)cc1
305,1,Fc1cc(-c2c3cc([nH]c3ncc2)C2CCN(CC2)C(=O)C)c(OC)cc1
306,1,Fc1cc(-c2c3cc([nH]c3ncc2)C2CCN(CC2)C(=O)CN2CCC(O)CC2)c(OC)cc1
307,1,Fc1cc(-c2c3cc([nH]c3ncc2)C2CCN(CC2)C(=O)CN2CCCCC2)c(OC)cc1
308,1,Fc1cc(-c2c3cc([nH]c3ncc2)C2CCN(CC2)C(=O)CN2CCOCC2)c(OC)cc1
309,1,Fc1cc(-c2c3cc([nH]c3ncc2)C2CCN(CC2)C(=O)CNC2CCC(O)CC2)c(OC)cc1
310,1,Fc1cc(-c2c3cc([nH]c3ncc2)C2CCN(CC2)C(=O)CNCCO)c(OC)cc1
311,1,Fc1cc(-c2c3cc([nH]c3ncc2)C2CCN(CC2)C(=O)CO)c(OC)cc1
312,1,Fc1cc(-c2c3cc([nH]c3ncc2)C2CCN(CC2)C)c(OC)cc1
313,1,Fc1cc(-c2c3cc([nH]c3ncc2)C2CCN(CC2)CC(=O)N(C)C)c(OC)cc1
314,1,Fc1cc(-c2c3cc([nH]c3ncc2)C2CCN(CC2)CC(=O)N(C)C2CC(O)C2)c(OC)cc1
315,1,Fc1cc(-c2c3cc([nH]c3ncc2)C2CCN(CC2)CC(=O)N(CCO)C)c(OC)cc1
316,1,Fc1cc(-c2c3cc([nH]c3ncc2)C2CCN(CC2)CC(=O)N)c(OC)cc1
317,1,Fc1cc(-c2c3cc([nH]c3ncc2)C2CCN(CC2)CC(=O)N2CC(O)C2)c(OC)cc1
318,1,Fc1cc(-c2c3cc([nH]c3ncc2)C2CCN(CC2)CC(=O)N2CCC[C@H]2CO)c(OC)cc1
319,1,Fc1cc(-c2c3cc([nH]c3ncc2)C2CCN(CC2)CC(=O)NC2CC(O)C2)c(OC)cc1
320,1,Fc1cc(-c2c3cc([nH]c3ncc2)C2CCN(CC2)CC(O)CO)c(OC)cc1
321,1,Fc1cc(-c2c3cc([nH]c3ncc2)C2CCN(CC2)CCN2CCOCC2)c(OC)cc1
322,1,Fc1cc(-c2c3cc([nH]c3ncc2)C2CCNC2)c(OC)cc1
323,1,Fc1cc(-c2c3cc([nH]c3ncc2)C2CCNCC2)c(OC)cc1
324,1,Fc1cc(-c2c3cc([nH]c3ncc2)C2CC[NH+](CC2)CC(=O)NC)c(OC)cc1
325,1,Fc1cc(-c2c3cc([nH]c3ncc2)C2CC[NH2+]CC2)c(OC)cc1F
326,1,Fc1cc(-c2c3cc([nH]c3ncc2)C2CN(C2)C(=O)C)c(OC)cc1
327,1,Fc1cc(-c2c3cc([nH]c3ncc2)C2CN(C2)C)c(OC)cc1
328,1,Fc1cc(-c2c3cc([nH]c3ncc2)C2CN(C2)CC2CCOCC2)c(OC)cc1
329,1,Fc1cc(-c2c3cc([nH]c3ncc2)C2CN(C2)CCN)c(OC)cc1
330,1,Fc1cc(-c2c3cc([nH]c3ncc2)C2CN(C2)CCN2CCOCC2)c(OC)cc1
331,1,Fc1cc(-c2c3cc([nH]c3ncc2)C2CN(C2)CCO)c(OC)cc1
332,1,Fc1cc(-c2c3cc([nH]c3ncc2)C2CN(C2)Cc2ccncc2)c(OC)cc1
333,1,Fc1cc(-c2c3cc([nH]c3ncc2)C2CNC2)c(OC)cc1
334,0,Fc1cc(-c2c3cc([nH]c3ncc2)C2N(CCC2)C(=O)C)c(OC)cc1
335,1,Fc1cc(-c2c3cc([nH]c3ncc2)C2N(CCC2)C)c(OC)cc1
336,1,Fc1cc(-c2c3cc([nH]c3ncc2)C2NCCC2)c(OC)cc1
337,1,Fc1cc(-c2c3cc([nH]c3ncc2)C2OCC(NC2)(C)C)c(OC)cc1
338,1,Fc1cc(-c2c3cc([nH]c3ncc2)C2OCCN(C2)C)c(OC)cc1
339,1,Fc1cc(-c2c3cc([nH]c3ncc2)C2OCCNC2)c(OC)cc1
340,1,Fc1cc(-c2c3cc([nH]c3ncc2)C=2CC(N(CC=2)CC(=O)N(C)C)(C)C)c(OC)cc1
341,1,Fc1cc(-c2c3cc([nH]c3ncc2)C=2CC(N(CC=2)CC(=O)N2CC(O)C2)(C)C)c(OC)cc1
342,1,Fc1cc(-c2c3cc([nH]c3ncc2)C=2CC3C(C=2)CN(C3)C(=O)C2CC(O)C2)c(OC)cc1
343,1,Fc1cc(-c2c3cc([nH]c3ncc2)C=2CC3C(C=2)CN(C3)C(=O)CC#N)c(OC)cc1
344,1,Fc1cc(-c2c3cc([nH]c3ncc2)C=2CC3C(C=2)CN(C3)C(=O)CO)c(OC)cc1
345,1,Fc1cc(-c2c3cc([nH]c3ncc2)C=2CC3C(C=2)CN(C3)CC(=O)N2CC(O)C2)c(OC)cc1
346,1,Fc1cc(-c2c3cc([nH]c3ncc2)C=2CC3C(C=2)CN(C3)CC(=O)N2CCC[C@H]2CO)c(OC)cc1
347,1,Fc1cc(-c2c3cc([nH]c3ncc2)C=2CC3N(C(C=2)CC3)C(=O)CN2CC(O)C2)c(OC)cc1
348,1,Fc1cc(-c2c3cc([nH]c3ncc2)C=2CC3N(C(C=2)CC3)C(=O)Cn2c3ncccc3cc2OC)c(OC)cc1
349,1,Fc1cc(-c2c3cc([nH]c3ncc2)C=2CC3N(C(C=2)CC3)CC(=O)N(C)C)c(OC)cc1
350,1,Fc1cc(-c2c3cc([nH]c3ncc2)C=2CC3N(C(C=2)CC3)CC(=O)N(CCO)C)c(OC)cc1
351,1,Fc1cc(-c2c3cc([nH]c3ncc2)C=2CCC(CC=2)C(O)=O)c(OC)cc1
352,1,Fc1cc(-c2c3cc([nH]c3ncc2)C=2CCC(N3CCC[C@H]3C(O)=O)CC=2)c(OC)cc1
353,1,Fc1cc(-c2c3cc([nH]c3ncc2)C=2CCC(N[C@@H](C(C)(C)C)C(O)=O)CC=2)c(OC)cc1
354,1,Fc1cc(-c2c3cc([nH]c3ncc2)C=2CCC(N[C@H](C(C)C)C(O)=O)CC=2)c(OC)cc1
355,1,Fc1cc(-c2c3cc([nH]c3ncc2)C=2CCN(CC(=O)N(C)C)[C@@H](C=2)CO)c(OC)cc1
356,1,Fc1cc(-c2c3cc([nH]c3ncc2)C=2CCN(CC(=O)N(C)C)[C@H](C=2)CO)c(OC)cc1
357,1,Fc1cc(-c2c3cc([nH]c3ncc2)C=2CCN(CC=2)C(=O)C)c(OC)cc1
358,1,Fc1cc(-c2c3cc([nH]c3ncc2)C=2CCN(CC=2)C(=O)CC#N)c(OC)cc1
359,1,Fc1cc(-c2c3cc([nH]c3ncc2)C=2CCN(CC=2)C(=O)CO)c(OC)cc1
360,1,Fc1cc(-c2c3cc([nH]c3ncc2)C=2CCN(CC=2)C(=O)NC#N)c(OC)cc1
361,1,Fc1cc(-c2c3cc([nH]c3ncc2)C=2CCN(CC=2)C(=O)NC)c(OC)cc1
362,1,Fc1cc(-c2c3cc([nH]c3ncc2)C=2CCN(CC=2)C(=O)NC)c(OC)cc1F
363,1,Fc1cc(-c2c3cc([nH]c3ncc2)C=2CCN(CC=2)C(=O)Nc2cn(nc2)C)c(OC)cc1
364,1,Fc1cc(-c2c3cc([nH]c3ncc2)C=2CCN(CC=2)C(=O)[C@@H]2NC[C@H](O)C2)c(OC)cc1
365,1,Fc1cc(-c2c3cc([nH]c3ncc2)C=2CCN(CC=2)C2CCC(CC2)C(O)=O)c(OC)cc1
366,1,Fc1cc(-c2c3cc([nH]c3ncc2)C=2CCN(CC=2)C2CCC(CC2)CC(O)=O)c(OC)cc1
367,1,Fc1cc(-c2c3cc([nH]c3ncc2)C=2CCN(CC=2)CC(=O)N(C)C)c(OC)cc1
368,1,Fc1cc(-c2c3cc([nH]c3ncc2)C=2CCN(CC=2)CC(=O)N)c(OC)cc1
369,1,Fc1cc(-c2c3cc([nH]c3ncc2)C=2CCN(CC=2)CC(=O)N2CC(O)C2)c(OC)cc1
370,1,Fc1cc(-c2c3cc([nH]c3ncc2)C=2CCN(CC=2)CC(=O)N2CCC[C@H]2C(=O)N)c(OC)cc1
371,1,Fc1cc(-c2c3cc([nH]c3ncc2)C=2CCN(CC=2)CC(=O)N2CCC[C@H]2CO)c(OC)cc1
372,1,Fc1cc(-c2c3cc([nH]c3ncc2)C=2CCN(CC=2)CC(O)=O)c(OC)cc1
373,1,Fc1cc(-c2c3cc([nH]c3ncc2)C=2CCN(CC=2)CC(O)CO)c(OC)cc1
374,1,Fc1cc(-c2c3cc([nH]c3ncc2)C=2CCN(CC=2)CC(OC(C)(C)C)=O)c(OC)cc1
375,1,Fc1cc(-c2c3cc([nH]c3ncc2)C=2CCN(CC=2)Cc2ccc(NC(=O)C)cc2)c(OC)cc1
376,1,Fc1cc(-c2c3cc([nH]c3ncc2)C=2CCNCC=2)c(OC)cc1
377,1,Fc1cc(-c2c3cc([nH]c3ncc2)C=2C[C@@H](N(CC=2)CC(=O)N(C)C)CO)c(OC)cc1
378,1,Fc1cc(-c2c3cc([nH]c3ncc2)C=2C[C@@H]3[C@H](C=2)CN(C3)C(=O)NC)c(OC)cc1
379,1,Fc1cc(-c2c3cc([nH]c3ncc2)C=2C[C@H](N(CC=2)CC(=O)N(C)C)CO)c(OC)cc1
380,1,Fc1cc(-c2c3cc([nH]c3ncc2)C=2C[C@H]3[C@@H](C=2)CN(C3)C(=O)NC)c(OC)cc1
381,1,Fc1cc(-c2c3cc([nH]c3ncc2)[C@@H]2CCCNC2)c(OC)cc1
382,1,Fc1cc(-c2c3cc([nH]c3ncc2)[C@@H]2CCNC2)c(OC)cc1
383,1,Fc1cc(-c2c3cc([nH]c3ncc2)[C@H]2CCCNC2)c(OC)cc1
384,1,Fc1cc(-c2c3cc([nH]c3ncc2)[C@H]2CCNC2)c(OC)cc1
385,1,Fc1cc(-c2c3cc([nH]c3ncc2C#N)C2CCN(CC2)CC(=O)N(C)C)c(OC)cc1
386,1,Fc1cc(-c2c3cc([nH]c3ncc2C#N)C2CCN(CC2)CC(=O)N2CCC[C@H]2CO)c(OC)cc1
387,1,Fc1cc(-c2c3cc([nH]c3ncc2C#N)C=2CC3C(C=2)C[NH+](C3)CC(=O)N(C)C)c(OC)cc1
388,1,Fc1cc(-c2c3cc([nH]c3ncc2C#N)C=2CC3C(C=2)C[NH+](C3)CC(=O)N2CCC[C@H]2CO)c(OC)cc1
389,1,Fc1cc(-c2c3cc([nH]c3ncc2C#N)C=2CC3[NH+](C(C=2)CC3)CC(=O)N(C)C)c(OC)cc1
390,1,Fc1cc(-c2c3cc([nH]c3ncc2C#N)C=2CC[NH+](CC=2)CC(=O)N(C)C)c(OC)cc1
391,1,Fc1cc(-c2c3cc([nH]c3ncc2C#N)C=2CC[NH+](CC=2)CC(=O)N2CCC[C@H]2CO)c(OC)cc1
392,1,Fc1cc(-c2ncnc(NC(=O)C3CCCNC3)c2)c(OC)cc1
393,1,Fc1cc(-c2ncnc(NC(=O)Cc3cccnc3)c2)c(OC)cc1
394,1,Fc1cc(-c2ncnc(NC(=O)Cc3ccncc3)c2)c(OC)cc1
395,1,Fc1cc(CNc2nc(nc3n(cnc23)C(C)C)N[C@@H](C(O)C)CC)c(O)cc1
396,1,Fc1cc(CNc2nc(nc3n(cnc23)C(C)C)N[C@H](CC)CO)c(O)cc1
397,1,Fc1cc(F)c(nc1-c1c2cc([nH]c2ncc1)C1CCN(CC1)C(=O)CO)NCc1cc(F)ccc1
398,1,Fc1cc(F)c(nc1-c1c2cc([nH]c2ncc1)C1CCN(CC1)C(=O)NC)NCc1cc(F)ccc1
399,1,Fc1cc(F)c(nc1-c1c2cc([nH]c2ncc1)C1CCNCC1)NCc1cc(F)ccc1
400,0,Fc1cc(NC(=O)C2(CC2)C(=O)Nc2ccc(F)cc2)ccc1Oc1c2cc(OC)c(OCCC[NH+]3CCOCC3)cc2ncc1
401,1,Fc1cc(OC)c(cc1)-c1c2cc([nH]c2ncc1)C1CCC[NH+](C1)C
402,1,Fc1cc(OC)c(cc1)-c1c2cc([nH]c2ncc1)C1CCC[NH2+]C1
403,1,Fc1cc(OC)c(cc1)-c1c2cc([nH]c2ncc1)C1CC[NH+](CC1)C
404,1,Fc1cc(OC)c(cc1)-c1c2cc([nH]c2ncc1)C1CC[NH2+]C1
405,1,Fc1cc(OC)c(cc1)-c1c2cc([nH]c2ncc1)C1CC[NH2+]CC1
406,1,Fc1cc(OC)c(cc1)-c1c2cc([nH]c2ncc1)C1OCC([NH2+]C1)(C)C
407,1,Fc1cc(OC)c(cc1)-c1c2cc([nH]c2ncc1)C1OCC[NH+](C1)C
408,1,Fc1cc(OC)c(cc1)-c1c2cc([nH]c2ncc1)C1OCC[NH2+]C1
409,1,Fc1cc(OC)c(cc1)-c1cc(ncc1)NC(=O)C1CC(NC(=O)C)CC1
410,1,Fc1cc(OC)c(cc1)-c1cc(ncc1)NC(=O)[C@@H]1C[C@H](NC(=O)C)CCC1
411,1,Fc1cc(OC)c(cc1)-c1cc(ncc1)NC(=O)[C@H]1C[C@@H](NC(=O)C)CC1
412,1,Fc1cc(OC)c(cc1)-c1nc(ncc1)Nc1cc(ccc1)Cn1c2c(nc1)cccc2
413,1,Fc1cc(OC)c(cc1)-c1nc(ncc1)Nc1ccc(cc1)C(=O)[N-]c1onc(C)c1C
414,1,Fc1cc(OC)c(cc1)-c1nc(ncc1)Nc1ccc(cc1)C(=O)[O-]
415,0,Fc1cc(OC)c(cc1Nc1nc(ccn1)-c1ccccc1OC)C(=O)N
416,1,Fc1cc(cc(F)c1)CNc1nc(cnc1)-c1c2cc([nH]c2ncc1)C1CCN(CC1)C(=O)CO
417,1,Fc1cc(cc(F)c1)CNc1nc(cnc1)-c1c2cc([nH]c2ncc1)C1CCNCC1
418,0,Fc1cc(cc(F)c1C(=O)c1c[nH]c-2nncc-2c1OCCCC)C
419,1,Fc1cc(ccc1)-c1cc2c([nH]cc2-c2nc(ncc2)N)nc1
420,1,Fc1cc(ccc1)CNc1nc(ccc1)-c1c2cc([nH]c2ncc1)C1CC(N)CCC1
421,1,Fc1cc(ccc1)CNc1nc(cnc1)-c1c2cc([nH]c2ncc1)C1CCN(CC1)C(=O)C
422,1,Fc1cc(ccc1)CNc1nc(cnc1)-c1c2cc([nH]c2ncc1)C1CCN(CC1)C(=O)CO
423,1,Fc1cc(ccc1)CNc1nc(cnc1)-c1c2cc([nH]c2ncc1)C1CCN(CC1)C(=O)NC
424,1,Fc1cc(ccc1)CNc1nc(cnc1)-c1c2cc([nH]c2ncc1)C1CCNCC1
425,1,Fc1cc(ccc1)CNc1nc(cnc1)-c1c2cc([nH]c2ncc1)C1CC[NH+](CC1)C
426,1,Fc1cc(ccc1)CNc1nc(cnc1)-c1c2cc([nH]c2ncc1)C=1CCC(CC=1)C(=O)N
427,1,Fc1cc(ccc1)CNc1nc(cnc1)-c1c2cc([nH]c2ncc1)C=1CCC(CC=1)C(O)=O
428,1,Fc1cc(ccc1)CNc1nc(cnc1)-c1c2cc([nH]c2ncc1)C=1CCN(CC=1)C(=O)CO
429,1,Fc1cc(ccc1)CNc1nc(cnc1)-c1c2cc([nH]c2ncc1)C=1CCN(CC=1)C(=O)NC
430,1,Fc1cc(ccc1)CNc1nc(cnc1)-c1c2cc([nH]c2ncc1)C=1CCN(CC=1)CC(O)CO
431,1,Fc1cc(ccc1)CNc1nc(cnc1)-c1c2cc([nH]c2ncc1)C=1CCNCC=1
432,1,Fc1cc(ccc1)CNc1nc(nc2n(cnc12)C(C)C)N[C@H]([C@H](O)C)CC
433,1,Fc1cc(ccc1)COc1nc(cnc1)-c1c2cc([nH]c2ncc1)C1CCN(CC1)C(=O)C
434,1,Fc1cc(ccc1)COc1nc(cnc1)-c1c2cc([nH]c2ncc1)C1CCN(CC1)C(=O)CO
435,1,Fc1cc(ccc1)COc1nc(cnc1)-c1c2cc([nH]c2ncc1)C1CCN(CC1)C(=O)NC
436,1,Fc1cc(ccc1)COc1nc(cnc1)-c1c2cc([nH]c2ncc1)C1CCN(CC1)CC(O)CO
437,1,Fc1cc(ccc1)COc1nc(cnc1)-c1c2cc([nH]c2ncc1)C1CCNCC1
438,1,Fc1cc(ccc1)COc1nc(cnc1)-c1c2cc([nH]c2ncc1)C1CC[NH+](CC1)C
439,1,Fc1cc(ccc1)COc1nc(cnc1)-c1c2cc([nH]c2ncc1)C=1CCC(CC=1)C(=O)N
440,1,Fc1cc(ccc1)COc1nc(cnc1)-c1c2cc([nH]c2ncc1)C=1CCC(CC=1)C(=O)NC
441,1,Fc1cc(ccc1)COc1nc(cnc1)-c1c2cc([nH]c2ncc1)C=1CCC(CC=1)C(O)=O
442,1,Fc1cc(ccc1)COc1nc(cnc1)-c1c2cc([nH]c2ncc1)C=1CCN(CC=1)C(=O)CO
443,1,Fc1cc(ccc1)COc1nc(cnc1)-c1c2cc([nH]c2ncc1)C=1CCN(CC=1)C(=O)NC
444,1,Fc1cc(ccc1)COc1nc(cnc1)-c1c2cc([nH]c2ncc1)C=1CCNCC=1
445,1,Fc1cc(ccc1)\C=C\C=1Oc2c(C(=O)C=1)c(O)cc(O)c2[C@H]1CC[NH+](C[C@H]1O)C
446,1,Fc1cc(ccc1F)CNc1nc(cnc1)-c1c2cc([nH]c2ncc1)C1CCNCC1
447,1,Fc1cc(nc(NCc2ccccc2)c1)-c1c2cc([nH]c2ncc1)C1CCCNC1
448,1,Fc1cc2-c3c4c(C(N(c2cc1)C)c1cn(nc1)C)c([nH]c4ncc3)C=1CC[NH2+]CC=1
449,1,Fc1cc2-c3c4c(CCN(c2cc1)C)c([nH]c4ncc3)C=1CC[NH+](CC=1)C1CC(C1)C(=O)[O-]
450,1,Fc1cc2-c3c4c(CCN(c2cc1)C)c([nH]c4ncc3)C=1CC[NH+](CC=1)CC(=O)N(C)C
451,1,Fc1cc2-c3c4c(CCN(c2cc1)C)c([nH]c4ncc3)C=1CC[NH2+]CC=1
452,1,Fc1cc2-c3c4c(CN(c2cc1)C)c([nH]c4ncc3)-c1cc(ccc1)CC(=O)[O-]
453,1,Fc1cc2-c3c4c(CN(c2cc1)C)c([nH]c4ncc3)-c1ccc(cc1)C(=O)[O-]
454,1,Fc1cc2-c3c4c(CN(c2cc1)C)c([nH]c4ncc3)-c1ccc(cc1)CC(=O)[O-]
455,1,Fc1cc2-c3c4c(CN(c2cc1)C)c([nH]c4ncc3)-c1cccnc1
456,1,Fc1cc2-c3c4c(CN(c2cc1)C)c([nH]c4ncc3)-c1ccncc1
457,0,Fc1cc2-c3c4c(CN(c2cc1)C)c([nH]c4ncc3)-c1cnc(nc1)N
458,1,Fc1cc2-c3c4c(CN(c2cc1)C)c([nH]c4ncc3)C1=CC[NH+](CC1(C)C)CC(=O)N(C)C
459,0,Fc1cc2-c3c4c(CN(c2cc1)C)c([nH]c4ncc3)C1=CC[NH+](CC1(C)C)CC(=O)N(C)C1CC(O)C1
460,0,Fc1cc2-c3c4c(CN(c2cc1)C)c([nH]c4ncc3)C1=CC[NH+](CC1(C)C)CC(=O)N(CC(O)CO)C
461,1,Fc1cc2-c3c4c(CN(c2cc1)C)c([nH]c4ncc3)C1=CC[NH+](CC1(C)C)CC(=O)N(CCO)C
462,1,Fc1cc2-c3c4c(CN(c2cc1)C)c([nH]c4ncc3)C1=CC[NH+](CC1(C)C)CC(=O)N1CC(O)C1
463,1,Fc1cc2-c3c4c(CN(c2cc1)C)c([nH]c4ncc3)C1=CC[NH+](CC1(C)C)CC(=O)N1CCC[C@H]1CO
464,0,Fc1cc2-c3c4c(CN(c2cc1)C)c([nH]c4ncc3)C1=CC[NH+](CC1(C)C)CC(=O)[O-]
465,1,Fc1cc2-c3c4c(CN(c2cc1)C)c([nH]c4ncc3)C1=CC[NH2+]CC1(C)C
466,1,Fc1cc2-c3c4c(CN(c2cc1)C)c([nH]c4ncc3)C1CC[NH+](CC1)CC(=O)N(CCO)C
467,1,Fc1cc2-c3c4c(CN(c2cc1)C)c([nH]c4ncc3)C1CC[NH+](CC1)CC(=O)N1CCC[C@H]1CO
468,1,Fc1cc2-c3c4c(CN(c2cc1)C)c([nH]c4ncc3)C1CC[NH+](CC1)CC(=O)[O-]
469,0,Fc1cc2-c3c4c(CN(c2cc1)C)c([nH]c4ncc3)C1CC[NH+](CC1)CC(OC(C)(C)C)=O
470,1,Fc1cc2-c3c4c(CN(c2cc1)C)c([nH]c4ncc3)C1CC[NH2+]CC1
471,1,Fc1cc2-c3c4c(CN(c2cc1)C)c([nH]c4ncc3)C=1CC2C(C=1)CN(C2)C(=O)NC
472,1,Fc1cc2-c3c4c(CN(c2cc1)C)c([nH]c4ncc3)C=1CC2C(C=1)C[NH+](C2)CC(=O)N(C)C
473,1,Fc1cc2-c3c4c(CN(c2cc1)C)c([nH]c4ncc3)C=1CC2C(C=1)C[NH+](C2)CC(=O)N(C)C1CC(O)C1
474,1,Fc1cc2-c3c4c(CN(c2cc1)C)c([nH]c4ncc3)C=1CC2C(C=1)C[NH+](C2)CC(=O)N(CC(O)CO)C
475,1,Fc1cc2-c3c4c(CN(c2cc1)C)c([nH]c4ncc3)C=1CC2C(C=1)C[NH+](C2)CC(=O)N(CCO)C
476,1,Fc1cc2-c3c4c(CN(c2cc1)C)c([nH]c4ncc3)C=1CC2C(C=1)C[NH+](C2)CC(=O)N1CC(O)C1
477,1,Fc1cc2-c3c4c(CN(c2cc1)C)c([nH]c4ncc3)C=1CC2C(C=1)C[NH2+]C2
478,1,Fc1cc2-c3c4c(CN(c2cc1)C)c([nH]c4ncc3)C=1CC2N(C(C=1)CCC2)C(=O)CC#N
479,1,Fc1cc2-c3c4c(CN(c2cc1)C)c([nH]c4ncc3)C=1CC2N(C(C=1)CCC2)C(=O)NC
480,1,Fc1cc2-c3c4c(CN(c2cc1)C)c([nH]c4ncc3)C=1CC2[NH+](C(C=1)CCC2)CC(=O)N(C)C
481,1,Fc1cc2-c3c4c(CN(c2cc1)C)c([nH]c4ncc3)C=1CC2[NH+](C(C=1)CCC2)CC(=O)N(C)C1CC(O)C1
482,1,Fc1cc2-c3c4c(CN(c2cc1)C)c([nH]c4ncc3)C=1CC2[NH+](C(C=1)CCC2)CC(=O)N(CC(O)CO)C
483,1,Fc1cc2-c3c4c(CN(c2cc1)C)c([nH]c4ncc3)C=1CC2[NH+](C(C=1)CCC2)CC(=O)N(CCO)C
484,1,Fc1cc2-c3c4c(CN(c2cc1)C)c([nH]c4ncc3)C=1CC2[NH+](C(C=1)CCC2)CC(=O)N1CC(O)C1
485,1,Fc1cc2-c3c4c(CN(c2cc1)C)c([nH]c4ncc3)C=1CC2[NH+](C(C=1)CCC2)CC(=O)N1CCC[C@H]1CO
486,1,Fc1cc2-c3c4c(CN(c2cc1)C)c([nH]c4ncc3)C=1CC2[NH+](C(C=1)CCC2)CC(=O)[O-]
487,1,Fc1cc2-c3c4c(CN(c2cc1)C)c([nH]c4ncc3)C=1CCC(CC=1)C(=O)N(C)C
488,1,Fc1cc2-c3c4c(CN(c2cc1)C)c([nH]c4ncc3)C=1CCC(CC=1)C(=O)N1CC(O)C1
489,1,Fc1cc2-c3c4c(CN(c2cc1)C)c([nH]c4ncc3)C=1CCC(CC=1)C(=O)NC
490,1,Fc1cc2-c3c4c(CN(c2cc1)C)c([nH]c4ncc3)C=1CCC(CC=1)C(=O)[O-]
491,1,Fc1cc2-c3c4c(CN(c2cc1)C)c([nH]c4ncc3)C=1CCC(CC=1)C(OCC)=O
492,1,Fc1cc2-c3c4c(CN(c2cc1)C)c([nH]c4ncc3)C=1CCC(N[C@H](C(O)=O)C)CC=1
493,1,Fc1cc2-c3c4c(CN(c2cc1)C)c([nH]c4ncc3)C=1CCC([NH+]2CCC[C@H]2C(=O)[O-])CC=1
494,1,Fc1cc2-c3c4c(CN(c2cc1)C)c([nH]c4ncc3)C=1CCC([NH2+]CC(=O)[O-])CC=1
495,1,Fc1cc2-c3c4c(CN(c2cc1)C)c([nH]c4ncc3)C=1CCC([NH2+][C@@H](C(C)(C)C)C(=O)[O-])CC=1
496,1,Fc1cc2-c3c4c(CN(c2cc1)C)c([nH]c4ncc3)C=1CCC([NH2+][C@@H](C(C)C)C(=O)[O-])CC=1
497,1,Fc1cc2-c3c4c(CN(c2cc1)C)c([nH]c4ncc3)C=1CCC([NH2+][C@@H](CCC)C(=O)[O-])CC=1
498,1,Fc1cc2-c3c4c(CN(c2cc1)C)c([nH]c4ncc3)C=1CCC([NH2+][C@@H](Cc2ccc(O)cc2)C(=O)[O-])CC=1
499,1,Fc1cc2-c3c4c(CN(c2cc1)C)c([nH]c4ncc3)C=1CCC([NH2+][C@@H](Cc2ccccc2)C(=O)[O-])CC=1
500,1,Fc1cc2-c3c4c(CN(c2cc1)C)c([nH]c4ncc3)C=1CCC([NH2+][C@H](C(=O)[O-])CO)CC=1
501,1,Fc1cc2-c3c4c(CN(c2cc1)C)c([nH]c4ncc3)C=1CCC([NH2+][C@H](C(=O)[O-])c2ccccc2)CC=1
502,1,Fc1cc2-c3c4c(CN(c2cc1)C)c([nH]c4ncc3)C=1CCC([NH2+][C@H](C(C)C)C(=O)[O-])CC=1
503,1,Fc1cc2-c3c4c(CN(c2cc1)C)c([nH]c4ncc3)C=1CCN(CC=1)C(=O)NC
504,1,Fc1cc2-c3c4c(CN(c2cc1)C)c([nH]c4ncc3)C=1CCN(CC=1)C(OC(C)(C)C)=O
505,1,Fc1cc2-c3c4c(CN(c2cc1)C)c([nH]c4ncc3)C=1CCN2[C@@H](C=1)COC2=O
506,1,Fc1cc2-c3c4c(CN(c2cc1)C)c([nH]c4ncc3)C=1CCN2[C@H](C=1)COC2=O
507,1,Fc1cc2-c3c4c(CN(c2cc1)C)c([nH]c4ncc3)C=1CC[NH+](CC=1)C1CC(C1)CC(=O)[O-]
508,1,Fc1cc2-c3c4c(CN(c2cc1)C)c([nH]c4ncc3)C=1CC[NH+](CC=1)C1CCC(CC1)=C(C(=O)[O-])C
509,1,Fc1cc2-c3c4c(CN(c2cc1)C)c([nH]c4ncc3)C=1CC[NH+](CC=1)C1CCC(CC1)=C(C(OC)=O)C
510,1,Fc1cc2-c3c4c(CN(c2cc1)C)c([nH]c4ncc3)C=1CC[NH+](CC=1)C1CCC(CC1)=CC#N
511,1,Fc1cc2-c3c4c(CN(c2cc1)C)c([nH]c4ncc3)C=1CC[NH+](CC=1)C1CCC(CC1)=CC(=O)[O-]
512,1,Fc1cc2-c3c4c(CN(c2cc1)C)c([nH]c4ncc3)C=1CC[NH+](CC=1)C1CCC(CC1)=CC(OC(C)(C)C)=O
513,1,Fc1cc2-c3c4c(CN(c2cc1)C)c([nH]c4ncc3)C=1CC[NH+](CC=1)C1CCC(CC1)C(=O)[O-]
514,1,Fc1cc2-c3c4c(CN(c2cc1)C)c([nH]c4ncc3)C=1CC[NH+](CC=1)C1CCC(CC1)C(C#N)C(=O)[O-]
515,1,Fc1cc2-c3c4c(CN(c2cc1)C)c([nH]c4ncc3)C=1CC[NH+](CC=1)C1CCC(CC1)C(C(=O)[O-])(C)C
516,1,Fc1cc2-c3c4c(CN(c2cc1)C)c([nH]c4ncc3)C=1CC[NH+](CC=1)C1CCC(CC1)CC(=O)[O-]
517,1,Fc1cc2-c3c4c(CN(c2cc1)C)c([nH]c4ncc3)C=1CC[NH+](CC=1)CC(=O)N(C)C
518,1,Fc1cc2-c3c4c(CN(c2cc1)C)c([nH]c4ncc3)C=1CC[NH+](CC=1)CC(=O)N(C)C1CC(O)C1
519,1,Fc1cc2-c3c4c(CN(c2cc1)C)c([nH]c4ncc3)C=1CC[NH+](CC=1)CC(=O)N(CC(O)CO)C
520,1,Fc1cc2-c3c4c(CN(c2cc1)C)c([nH]c4ncc3)C=1CC[NH+](CC=1)CC(=O)N(CCO)C
521,1,Fc1cc2-c3c4c(CN(c2cc1)C)c([nH]c4ncc3)C=1CC[NH+](CC=1)CC(=O)N(CCO)CCO
522,1,Fc1cc2-c3c4c(CN(c2cc1)C)c([nH]c4ncc3)C=1CC[NH+](CC=1)CC(=O)N1CC(O)C1
523,1,Fc1cc2-c3c4c(CN(c2cc1)C)c([nH]c4ncc3)C=1CC[NH+](CC=1)CC(=O)N1CCC[C@@H]1CO
524,1,Fc1cc2-c3c4c(CN(c2cc1)C)c([nH]c4ncc3)C=1CC[NH+](CC=1)CC(=O)N1CCC[C@H]1CO
525,1,Fc1cc2-c3c4c(CN(c2cc1)C)c([nH]c4ncc3)C=1CC[NH+](CC=1)CC(=O)N1C[C@@H](O)CC1
526,1,Fc1cc2-c3c4c(CN(c2cc1)C)c([nH]c4ncc3)C=1CC[NH+](CC=1)CC(=O)[O-]
527,1,Fc1cc2-c3c4c(CN(c2cc1)C)c([nH]c4ncc3)C=1CC[NH+](CCC=1)C1CCC(CC1)=CC(=O)[O-]
528,1,Fc1cc2-c3c4c(CN(c2cc1)C)c([nH]c4ncc3)C=1CC[NH+](CCC=1)CC(=O)N(C)C
529,1,Fc1cc2-c3c4c(CN(c2cc1)C)c([nH]c4ncc3)C=1CC[NH+](CCC=1)CC(=O)N1CC(O)C1
530,1,Fc1cc2-c3c4c(CN(c2cc1)C)c([nH]c4ncc3)C=1CC[NH+](CCC=1)CC(=O)[O-]
531,1,Fc1cc2-c3c4c(CN(c2cc1)C)c([nH]c4ncc3)C=1CC[NH2+]CC=1
532,1,Fc1cc2-c3c4c(CN(c2cc1)C)c([nH]c4ncc3)C=1CC[NH2+]CCC=1
533,1,Fc1cc2-c3c4c(CN(c2cc1)C)c([nH]c4ncc3)C=1CC[NH2+][C@@H](C=1)CO
534,1,Fc1cc2-c3c4c(CN(c2cc1)C)c([nH]c4ncc3)C=1CC[NH2+][C@H](C=1)CO
535,1,Fc1cc2-c3c4c(CN(c2cc1)C)c([nH]c4ncc3)C=1CN(CCC=1)C(=O)NC
536,1,Fc1cc2-c3c4c(CN(c2cc1)C)c([nH]c4ncc3)C=1C[C@@H]([NH2+]CC=1)CO
537,1,Fc1cc2-c3c4c(CN(c2cc1)C)c([nH]c4ncc3)C=1C[C@H]2N(CC=1)C(OC2)=O
538,1,Fc1cc2-c3c4c(CN(c2cc1)C)c([nH]c4ncc3)C=1C[C@H]2N([C@@H](C=1)CC2)C(=O)NC
539,1,Fc1cc2-c3c4c(CN(c2cc1)C)c([nH]c4ncc3)C=1C[C@H]2[NH+]([C@@H](C=1)CC2)CC(=O)N(C)C
540,1,Fc1cc2-c3c4c(CN(c2cc1)C)c([nH]c4ncc3)C=1C[C@H]2[NH+]([C@@H](C=1)CC2)CC(=O)N(C)C1CC(O)C1
541,1,Fc1cc2-c3c4c(CN(c2cc1)C)c([nH]c4ncc3)C=1C[C@H]2[NH+]([C@@H](C=1)CC2)CC(=O)N(CC(O)CO)C
542,1,Fc1cc2-c3c4c(CN(c2cc1)C)c([nH]c4ncc3)C=1C[C@H]2[NH+]([C@@H](C=1)CC2)CC(=O)N1CC(O)C1
543,1,Fc1cc2-c3c4c(CN(c2cc1)C)c([nH]c4ncc3)C=1C[C@H]2[NH+]([C@@H](C=1)CC2)CC(=O)N1CCC[C@H]1CO
544,1,Fc1cc2-c3c4c(CN(c2cc1)C)c([nH]c4ncc3)C=1C[C@H]2[NH+]([C@@H](C=1)CC2)CC(=O)[O-]
545,1,Fc1cc2-c3c4c(CN(c2cc1)C)c([nH]c4ncc3)C=1C[C@H]2[NH2+][C@@H](C=1)CC2
546,1,Fc1cc2-c3c4c(CN(c2cc1)C)c([nH]c4ncc3)C=1C[NH+](CCC=1)CC(=O)N(C)C
547,1,Fc1cc2-c3c4c(CN(c2cc1)C)c([nH]c4ncc3)C=1C[NH+](CCC=1)CC(=O)N(C)C1CC(O)C1
548,1,Fc1cc2-c3c4c(CN(c2cc1)C)c([nH]c4ncc3)C=1C[NH+](CCC=1)CC(=O)N(CC(O)CO)C
549,1,Fc1cc2-c3c4c(CN(c2cc1)C)c([nH]c4ncc3)C=1C[NH+](CCC=1)CC(=O)N1CC(O)C1
550,1,Fc1cc2-c3c4c(CN(c2cc1)C)c([nH]c4ncc3)C=1C[NH+](CCC=1)CC(=O)N1CCC[C@H]1CO
551,1,Fc1cc2-c3c4c(CN(c2cc1)C)c([nH]c4ncc3)C=1C[NH+](CCC=1)CC(=O)[O-]
552,1,Fc1cc2-c3c4c(CN(c2cc1)C)c([nH]c4ncc3)C=1C[NH2+]CCC=1
553,1,Fc1cc2-c3c4c(CN(c2cc1)C)c([nH]c4ncc3F)C=1CCN(CC=1)C(OC(C)(C)C)=O
554,1,Fc1cc2-c3c4c(CN(c2cc1)C)c([nH]c4ncc3F)C=1CC[NH+](CC=1)C1CC(C1)C(=O)[O-]
555,1,Fc1cc2-c3c4c(CN(c2cc1)C)c([nH]c4ncc3F)C=1CC[NH+](CC=1)C1CC(C1)CC(=O)[O-]
556,1,Fc1cc2-c3c4c(CN(c2cc1)C)c([nH]c4ncc3F)C=1CC[NH+](CC=1)C1CCC(CC1)C(=O)[O-]
557,1,Fc1cc2-c3c4c(CN(c2cc1)C)c([nH]c4ncc3F)C=1CC[NH+](CC=1)C1CCC(CC1)CC(=O)[O-]
558,1,Fc1cc2-c3c4c(CN(c2cc1)C)c([nH]c4ncc3F)C=1CC[NH+](CC=1)CC(=O)N(C)C
559,1,Fc1cc2-c3c4c(CN(c2cc1)C)c([nH]c4ncc3F)C=1CC[NH+](CC=1)CC(=O)N(C)C1CC(O)C1
560,1,Fc1cc2-c3c4c(CN(c2cc1)C)c([nH]c4ncc3F)C=1CC[NH+](CC=1)CC(=O)N(CC(O)CO)C
561,1,Fc1cc2-c3c4c(CN(c2cc1)C)c([nH]c4ncc3F)C=1CC[NH+](CC=1)CC(=O)N(CCO)C
562,1,Fc1cc2-c3c4c(CN(c2cc1)C)c([nH]c4ncc3F)C=1CC[NH+](CC=1)CC(=O)N1CC(C1)CO
563,1,Fc1cc2-c3c4c(CN(c2cc1)C)c([nH]c4ncc3F)C=1CC[NH+](CC=1)CC(=O)N1CC(O)C1
564,1,Fc1cc2-c3c4c(CN(c2cc1)C)c([nH]c4ncc3F)C=1CC[NH+](CC=1)CC(=O)N1CCC[C@@H]1CO
565,1,Fc1cc2-c3c4c(CN(c2cc1)C)c([nH]c4ncc3F)C=1CC[NH+](CC=1)CC(=O)N1CCC[C@H]1CO
566,1,Fc1cc2-c3c4c(CN(c2cc1)C)c([nH]c4ncc3F)C=1CC[NH+](CC=1)CC(=O)N1C[C@@H](O)CC1
567,1,Fc1cc2-c3c4c(CN(c2cc1)C)c([nH]c4ncc3F)C=1CC[NH+](CC=1)CC(=O)[O-]
568,1,Fc1cc2-c3c4c(CN(c2cc1)C)c([nH]c4ncc3F)C=1CC[NH+](CC=1)CC(OC(C)(C)C)=O
569,1,Fc1cc2-c3c4c(CN(c2cc1)C)c([nH]c4ncc3F)C=1CC[NH2+]CC=1
570,1,Fc1cc2-c3c4c(CN(c2cc1F)C)c([nH]c4ncc3)C=1CCN2[C@H](C=1)COC2=O
571,1,Fc1cc2-c3c4c(CN(c2cc1F)C)c([nH]c4ncc3)C=1CC[NH+](CC=1)C1CCC(CC1)C(=O)[O-]
572,1,Fc1cc2-c3c4c(CN(c2cc1F)C)c([nH]c4ncc3)C=1CC[NH+](CC=1)C1CCC(CC1)CC(=O)[O-]
573,1,Fc1cc2-c3c4c(CN(c2cc1F)C)c([nH]c4ncc3)C=1CC[NH+](CC=1)C1CCC(CC1)CC(OC)=O
574,1,Fc1cc2-c3c4c(CN(c2cc1F)C)c([nH]c4ncc3)C=1CC[NH+](CC=1)CC(=O)N(C)C
575,1,Fc1cc2-c3c4c(CN(c2cc1F)C)c([nH]c4ncc3)C=1CC[NH+](CC=1)CC(=O)N(C)C1CC(O)C1
576,1,Fc1cc2-c3c4c(CN(c2cc1F)C)c([nH]c4ncc3)C=1CC[NH+](CC=1)CC(=O)N(CCO)C
577,1,Fc1cc2-c3c4c(CN(c2cc1F)C)c([nH]c4ncc3)C=1CC[NH+](CC=1)CC(=O)N1CC(O)C1
578,1,Fc1cc2-c3c4c(CN(c2cc1F)C)c([nH]c4ncc3)C=1CC[NH+](CC=1)CC(=O)N1CCC[C@H]1CO
579,1,Fc1cc2-c3c4c(CN(c2cc1F)C)c([nH]c4ncc3)C=1CC[NH+](CC=1)CC(=O)[O-]
580,1,Fc1cc2-c3c4c(CN(c2cc1F)C)c([nH]c4ncc3)C=1CC[NH2+]CC=1
581,1,Fc1cc2-c3c4c(CN(c2cc1F)C)c([nH]c4ncc3)C=1CC[NH2+][C@H](C=1)CO
582,1,Fc1cc2-c3c4c(COc2cc1)c([nH]c4ncc3)C=1CCN(CC=1)C1CCC(CC1)CC(O)=O
583,1,Fc1cc2-c3c4c(COc2cc1)c([nH]c4ncc3)C=1CCN(CC=1)CC(O)CO
584,1,Fc1cc2-c3c4c(COc2cc1)c([nH]c4ncc3)C=1CCNCC=1
585,1,Fc1cc2-c3c4c([C@@H](N(c2cc1)C)CC)c([nH]c4ncc3)C=1CC[NH+](CC=1)C1CC(C1)C(=O)[O-]
586,1,Fc1cc2-c3c4c([C@@H](N(c2cc1)C)CC)c([nH]c4ncc3)C=1CC[NH+](CC=1)C1CC(C1)C(OC)=O
587,1,Fc1cc2-c3c4c([C@@H](N(c2cc1)C)CC)c([nH]c4ncc3)C=1CC[NH+](CC=1)CC(=O)N(C)C
588,1,Fc1cc2-c3c4c([C@@H](N(c2cc1)C)CC)c([nH]c4ncc3)C=1CC[NH2+]CC=1
589,1,Fc1cc2-c3c4c([C@H](N(c2cc1)C)CC)c([nH]c4ncc3)C=1CC[NH2+]CC=1
590,0,Fc1cc2-c3c4c(c([nH]c4ncc3)C=3CCN(CC=3)C(OC(C)(C)C)=O)C(N(c2cc1)C)CC
591,1,Fc1cc2-c3c4c(c([nH]c4ncc3)C=3CC[NH2+]CC=3)C(N(c2cc1)C)C(=O)[O-]
592,1,Fc1cc2-c3c4c(c([nH]c4ncc3)C=3CC[NH2+]CC=3)C(N(c2cc1)C)C(OCC)=O
593,1,Fc1cc2-c3c4c(c([nH]c4ncc3)C=3CC[NH2+]CC=3)C(N(c2cc1)C)CC
594,1,Fc1cc2c(n(cc2C2=C(c3cc(NCC(O)CO)ccc3)C(=O)NC2=O)C)cc1
595,0,Fc1cc\2c(N/C(=C\3/c4cc(F)ccc4NC/3=O)/C/2=N/O)cc1F
596,0,Fc1cc\2c(N/C(=C\3/c4cc(OC(F)(F)F)ccc4NC/3=O)/C/2=N/O)cc1F
597,0,Fc1cc\2c(N/C(=C\3/c4cc(OC)ccc4NC/3=O)/C/2=N/O)cc1F
598,1,Fc1cc\2c(N/C(=C\3/c4cc(OC)ccc4NC/3=O)/C/2=N/OCCO)cc1F
599,1,Fc1cc\2c(N/C(=C\3/c4cc([N+](=O)[O-])ccc4NC/3=O)/C/2=N/O)cc1F
600,1,Fc1ccc(N)cc1-c1c2cc([nH]c2ncc1)C1CCNCC1
601,1,Fc1ccc(NC(=O)C2(CC2)C(=O)Nc2ccc(Nc3nc4n(c(cc4cn3)C(=O)N(C)C)C3CCCC3)cc2)cc1
602,1,Fc1ccc(NCC2CCOCC2)cc1-c1c2cc([nH]c2ncc1)C1CC[NH+](CC1)C
603,1,Fc1ccc(NCc2cc(F)ccc2)cc1-c1c2cc([nH]c2ncc1)C1CCCNC1
604,1,Fc1ccc(NCc2ccc(cc2)C(=O)N)cc1-c1c2cc([nH]c2ncc1)C1CC[NH+](CC1)C
605,1,Fc1ccc(NCc2ccccc2)cc1-c1c2cc([nH]c2ncc1)C1CCCNC1
606,1,Fc1ccc(NCc2ccccc2)cc1-c1c2cc([nH]c2ncc1)C1CCNCC1
607,1,Fc1ccc(NCc2ccncc2)cc1-c1c2cc([nH]c2ncc1)C1CC[NH+](CC1)C
608,1,Fc1ccc(cc1)-c1cc2c([nH]cc2-c2nc(ncc2)N)nc1
609,1,Fc1ccc(cc1)C=1Oc2c(C(=O)C=1)c(O)cc(O)c2[C@H]1CC[NH+](C[C@H]1O)C
610,0,Fc1ccc(cc1)[C@@H](n1nnc2c1c1cc(ccc1nc2)-c1cc2ncoc2cc1)C
611,0,Fc1ccc(cc1NC(=O)Nc1ccc(cc1)-c1c2c([nH]nc2N)ccc1)C
612,1,Fc1cccc(F)c1CNc1nc(ccc1)-c1c2cc([nH]c2ncc1)C1CC[NH+](CC1)C
613,1,Fc1cccc(F)c1Nc1nc(ncc1F)Nc1cc(N2CCOCC2)ccc1
614,1,Fc1cccc(OC)c1-c1nc(ncc1)Nc1cc(ccc1)Cn1c2c(nc1)cccc2
615,1,Fc1cccc(OC)c1-c1ncnc(NC(=O)C2CCCNC2)c1
616,1,Fc1ccccc1C=1Oc2c(C(=O)C=1)c(O)cc(O)c2[C@H]1CC[NH+](C[C@H]1O)C
617,1,Fc1ccccc1[C@H](Nc1oc(nn1)-c1c2c([nH]c1)ncnc2)C1CC1
618,1,Fc1ccccc1[C@H](Nc1oc(nn1)-c1c2cccnc2[nH]c1)C1CC1
619,1,Fc1ccccc1\C=C\C=1Oc2c(C(=O)C=1)c(O)cc(O)c2[C@H]1CC[NH+](C[C@H]1O)C
620,1,Fc1cnc(NCc2ccccc2)cc1-c1c2cc([nH]c2ncc1)C1CCCNC1
621,1,Fc1cnc(nc1-c1cc(F)c2nc(n(c2c1)C(C)C)C)Nc1nc2CCN(Cc2cc1)CCN(C)C
622,1,Fc1cnc(nc1-c1cc(F)c2nc(n(c2c1)C(C)C)C)Nc1nc2CC[NH+](Cc2cc1)C1CC[NH+](CC1)CC
623,1,Fc1cnc(nc1-c1cc(F)c2nc(n(c2c1)C(C)C)C)Nc1ncc(cc1)C[NH+]1CC[NH+](CC1)CC
624,0,Fc1cnc(nc1Nc1ccc(F)cc1)Nc1cc(NC(=O)C2CC[NH+](CC2)C)ccc1
625,0,Fc1cnc(nc1Nc1ccc(F)cc1)Nc1cc(NC(=O)COC)ccc1
626,1,Fc1cnc(nc1Nc1ccc(F)cc1)Nc1cc(NC(=O)C[NH+](C)C)ccc1
627,0,Fc1cnc(nc1Nc1ccc(F)cc1)Nc1cc(NC(=O)c2ccncc2)ccc1
628,0,Fc1cnc(nc1Nc1ccc(F)cc1)Nc1cc(ccc1)C(=O)N1CCCN(CC1)C(=O)C
629,0,Fc1cnc(nc1Nc1ccc(F)cc1)Nc1cc(ccc1)C(=O)N1CC[NH+](CC1)C
630,0,Fc1cnc(nc1Nc1ccc(F)cc1)Nc1cc(ccc1)C(=O)NCC[NH+](C)C
631,1,Fc1cnc2[nH]c(C=3CCN(CC=3)C(=O)NC)c(c2c1-c1cc(F)ccc1OC)C#N
632,1,Fc1cnc2[nH]c(C=3CCN(CC=3)CC(=O)N(C)C)c(c2c1-c1cc(F)ccc1OC)C#N
633,1,Fc1cnc2[nH]c(C=3CCN(CC=3)CC(=O)N3CC(O)C3)c(c2c1-c1cc(F)ccc1OC)C#N
634,1,Fc1cnc2[nH]c(C=3CCN(CC=3)CC(=O)N3CCC[C@@H]3CO)c(c2c1-c1cc(F)ccc1OC)C#N
635,1,Fc1cnc2[nH]c(cc2c1-c1cc(F)ccc1OC)C1CCN(CC1)CC(=O)N(C)C
636,1,Fc1cnc2[nH]c(cc2c1-c1cc(F)ccc1OC)C1CCN(CC1)CC(=O)N1CC(O)C1
637,1,Fc1cnc2[nH]c(cc2c1-c1cc(F)ccc1OC)C=1CC2C(C=1)CN(C2)C(=O)NC
638,1,Fc1cnc2[nH]c(cc2c1-c1cc(F)ccc1OC)C=1CC2C(C=1)CN(C2)CC(=O)N(C)C
639,1,Fc1cnc2[nH]c(cc2c1-c1cc(F)ccc1OC)C=1CC2C(C=1)CN(C2)CC(=O)N1CC(O)C1
640,1,Fc1cnc2[nH]c(cc2c1-c1cc(F)ccc1OC)C=1CC2N(C(C=1)CC2)CC(=O)N(C)C
641,1,Fc1cnc2[nH]c(cc2c1-c1cc(F)ccc1OC)C=1CCC(CC=1)C(O)=O
642,1,Fc1cnc2[nH]c(cc2c1-c1cc(F)ccc1OC)C=1CCN(CC=1)C1CCC(CC1)CC(O)=O
643,1,Fc1cnc2[nH]c(cc2c1-c1cc(F)ccc1OC)C=1CCN(CC=1)CC(=O)N(C)C
644,1,Fc1cnc2[nH]c(cc2c1-c1cc(F)ccc1OC)C=1CCN(CC=1)CC(=O)N1CC(O)C1
645,1,Fc1cnc2[nH]c(cc2c1-c1cc(F)ccc1OC)C=1CCN(CC=1)CC(=O)N1CCC(O)CC1
646,1,Fc1cnccc1[C@H](Nc1oc(nn1)-c1c2cccnc2[nH]c1)C1CC1
647,1,Fc1nc(-c2c3cc([nH]c3ncc2)C2CCNCC2)c(OC)cc1
648,1,Fc1nc(ccc1)-c1c2cc([nH]c2ncc1)C=1CCNCC=1
649,1,Fc1ncccc1[C@H](Nc1oc(nn1)-c1c2cc(F)cnc2[nH]c1)C1CC1
650,0,Fc1ncccc1[C@H](Nc1oc(nn1)-c1c2ccc(F)nc2[nH]c1)C1CC1
651,1,Fc1ncccc1[C@H](Nc1oc(nn1)-c1c2cccnc2[nH]c1)C1CC1
652,0,Ic1cc2c(nc(c3c4c([nH]c23)c(Br)ccc4)C(O)=O)cc1
653,0,Ic1cc2c(nc(c3c4c([nH]c23)c(Cl)ccc4)C(O)=O)cc1
654,1,Ic1cc\2c(cc1)C(=O)NC(=O)/C/2=C\NCc1ncc(OCCC)c(O)c1
655,0,Ic1ccc(Nc2ncnc3[nH]ncc23)cc1
656,0,O(C(=O)N1CC[NH+](CC1)C1CCC(Nc2nc(nc3c2nc(cc3)CC#N)Nc2cn(nc2)C)CC1)C
657,1,O(C(=O)N1CC[NH+](CC1)C1CCC(Nc2ncnc3c2cc(cc3)C#N)CC1)C
658,1,O(C(=O)[C@@H]([NH3+])C(C)C)C[C@H](O)CNc1nc(NCc2ccc(cc2)-c2ncccc2)c2ncn(c2n1)C(C)C
659,0,O(C(=O)c1cc(ccc1)-c1n2[NH+]=C(N[C@@H](CC)CO)C=Cc2nc1)CC
660,1,O(C(C)C)c1c2c([nH]cc2-c2nc(ncc2)N)ncc1
661,0,O(C)C1=Nn2c(ncc2-c2cc(ccc2)\C=N\O)C=C1
662,0,O(C)C1=Nn2c(ncc2-c2cc3c([nH]cc3)cc2)C=C1
663,0,O(C)C1=Nn2c(ncc2-c2nc(ncc2)N)C=C1
664,1,O(C)c1c2[nH]c3c(c2ccc1)c(nc1c3cccc1)C(O)=O
665,1,O(C)c1c2c([nH]cc2-c2nc(ncc2)N)ncc1
666,1,O(C)c1c2c([nH]cc2-c2ncncc2)ncc1
667,1,O(C)c1c2c(n3c(C=CN=C3N)c2-c2nc(ncc2)N)ncc1
668,1,O(C)c1cc(ccc1-c1c2cc([nH]c2ncc1)C1CCC[NH2+]C1)C#N
669,1,O(C)c1cc(ccc1OC)CCNc1nc(ccn1)-c1c2cccnc2[nH]c1
670,1,O(C)c1cc2[nH]c3c(c2cc1)ccnc3C
671,1,O(C)c1cc2cc([nH]c2cc1)-c1cc2c([nH]cc2-c2nc(ncc2)N)nc1
672,0,O(C)c1cc\2c(NC(=O)/C/2=C\c2[nH]cnc2)cc1
673,1,O(C)c1ccc(cc1)-c1cc2c([nH]cc2-c2nc(ncc2)N)nc1
674,1,O(C)c1ccc(cc1)CCNc1nc(ccn1)-c1c2cccnc2[nH]c1
675,0,O(C)c1ccc(cc1)CNc1nc(nc2n(cnc12)C(C)C)N(CCO)CCO
676,0,O(C)c1ccc(cc1-c1c2cc([nH]c2ncc1)C1CCC[NH2+]C1)C1CC1
677,1,O(C)c1ccc(cc1-c1c2cc([nH]c2ncc1)C1CC[NH+](CC1)C)C
678,1,O(C)c1ccc(cc1-c1c2cc([nH]c2ncc1)C1CC[NH2+]CC1)C
679,0,O(C)c1ccc(nc1-c1c2cc([nH]c2ncc1)C1CCCNC1)N
680,1,O(C)c1ccc(nc1-c1c2cc([nH]c2ncc1)C1CCCNC1)NCc1ccccc1
681,0,O(C)c1ccc(nc1-c1c2cc([nH]c2ncc1)C1CCNCC1)N
682,1,O(C)c1ccc2c(cccc2)c1-c1cc2c([nH]cc2-c2nc(ncc2)N)nc1
683,1,O(C)c1ccccc1-c1c2cc([nH]c2ncc1)C1CCN(CC1)CC(=O)N(C)C
684,1,O(C)c1ccccc1-c1c2cc([nH]c2ncc1)C1CCNCC1
685,1,O(C)c1ccccc1-c1nc(ncc1)Nc1cc(ccc1)Cn1c2c(nc1)cccc2
686,1,O(C)c1ccccc1-c1ncnc(N(C(=O)[C@@H]2CCCNC2)C)c1
687,1,O(C)c1ccccc1-c1ncnc(NC(=O)C2CCC(=O)NC2)c1
688,1,O(C)c1cccnc1-c1c2cc([nH]c2ncc1)C1CCNCC1
689,0,O(C)c1ccncc1-c1c2cc([nH]c2ncc1)C1CCN(CC1)C
690,0,O(C1CCC[NH2+]C1)C=1[NH+]=C(n2ncc(c2N=1)C(C)C)NCc1ccccc1-n1nccc1
691,0,O(C1CC[NH+](CC1)C)C=1[NH+]=C(n2ncc(c2N=1)C(C)C)NCc1ccccc1N(C)C
692,1,O(CC)c1c2c([nH]cc2-c2nc(ncc2)N)ncc1
693,1,O(CC)c1ccccc1CNc1nc(nc2[nH]cc(c12)-c1cc(ncc1)N)C
694,0,O(CC1CCCCC1)c1nc(nc2[nH]cnc12)Nc1ccc(cc1)C(=O)N(CC)CC
695,1,O(CCC)c1c2c([nH]cc2-c2nc(ncc2)N)ncc1
696,1,O(CCN1CCCCC1)c1ccc(nc1)Nc1ncnc(-n2c3c(nc2)cccc3)c1
697,1,O(CCN1CCCCC1)c1ccc(nc1)Nc1ncnc(-n2c3cccnc3nc2)c1
698,0,O(CCOC)c1c2c([nH]cc2-c2nc(ncc2)N)ncc1
699,1,O(CC[NH+](C)C)c1ccc(cc1)CNc1nc(ccc1)-c1c2cc([nH]c2ncc1)C1CC[NH+](CC1)C
700,1,O(CC[NH+](C)C)c1ccc(nc1)Nc1ncnc(-n2c3c(nc2)cccc3)c1
701,1,O(CC[NH+](C)C)c1ccc(nc1)Nc1ncnc(-n2ccnc2)c1
702,1,O(C[C@@H](N)Cc1ccccc1)c1cc(cnc1)-c1cc2c([nH]nc2C)cc1
703,1,O(C[C@@H]1[NH+](CCC1)C)c1ccc(nc1)Nc1ncnc(-n2c3c(nc2)cccc3)c1
704,1,O1CCC(CC1(C)C)CNc1nc(ccc1)-c1c2cc([nH]c2ncc1)C1CC[NH+](CC1)C
705,1,O1CCC(CC1)CNc1nc(ccc1)-c1c2cc([nH]c2ncc1)C1CCNCC1
706,1,O1CCC(CC1)CNc1nc(ccc1)-c1c2cc([nH]c2ncc1)C1CC[NH+](CC1)C
707,1,O1CCC(CC1)CNc1nc(cnc1)-c1c2cc([nH]c2ncc1)C1CCNCC1
708,0,O1CCC(CC1)c1c2n(N=C[NH+]=C2NC2CCC([NH+]3CCN(CC3)C(=O)C)CC2)cc1
709,1,O1CCC([NH2+]C2CCC(Nc3nc(ccn3)-c3cc4c(nn(C)c4C(C)C)cc3)CC2)CC1
710,1,O1CCN(CC1)c1nc(ccn1)-c1c2cccnc2[nH]c1
711,1,O1CCN([N-]C(=O)Nc2c3c(-c4[nH]nc(c4C3=O)-c3ccc(cc3)C[NH+]3CC[NH+](CC3)CCOC)ccc2)CC1
712,1,O1CC[NH+](CC1)CCNc1nc(ccc1)-c1c2cc([nH]c2ncc1)C1CC[NH+](CC1)C
713,1,O1CC\C=C\C[NH+](Cc2cc(Nc3nc(-c4cc1ccc4)ccn3)ccc2)C
714,1,O1C[C@H](N2CCc3c(nn(c3)Cc3ccccc3)C2=O)C(=O)N(c2c1cccc2)C
715,1,O1Cc2cc(Nc3nc(-c4oc(COC\C=C\C1)cc4)ccn3)ccc2OCC[NH+]1CCCC1
716,1,O1[C@H]2n3c4c(c5c(CNC5=O)c5c6c(n(c45)[C@]1(C)[C@H](OC)[C@H]([NH2+]C)C2)cccc6)c1c3cccc1
717,1,O1[C@H]2n3c4c(c5c(CNC5=O)c5c6c(n(c45)[C@]1(C)[C@](O)(C2)CO)cccc6)c1c3cccc1
718,1,O1c2c(C(=O)C=C1C)c(O)cc(O)c2[C@@H]1CCN(C[C@@H]1O)C
719,1,O1c2c(C(=O)C=C1C)c(O)cc(O)c2[C@H]1CCN(C[C@H]1O)C
720,1,O1c2c(C(=O)C=C1\C=C\c1c3c(cc4c1cccc4)cccc3)c(O)cc(O)c2[C@H]1CC[NH+](C[C@H]1O)C
721,1,O1c2c(C(=O)C=C1\C=C\c1ccccc1)c(O)cc(O)c2[C@H]1CC[NH+](C[C@H]1O)C
722,1,O1c2c(C(=O)C=C1c1ccc(N3CCN(CC3)C)cc1)c(O)cc(O)c2Oc1c(n[nH]c1C)C
723,1,O1c2c(C(=O)C=C1c1ccc(N3CCNCC3)cc1)c(O)cc(O)c2Oc1c(n[nH]c1C)C
724,1,O1c2c(C(=O)C=C1c1ccc(N3CC[NH+](CC3)C)cc1)c(O)cc(O)c2OC(C)C
725,1,O1c2c(C(=O)C=C1c1ccc(N3CC[NH+](CC3)C)cc1)c(O)cc(OC)c2Oc1c(n[nH]c1C)C
726,1,O1c2c(C(=O)C=C1c1ccc(N3CC[NH2+]CC3)cc1)c(O)cc(O)c2OC(C)C
727,1,O1c2c(C(=O)C=C1c1ccc(O)cc1)c(O)cc(O)c2[C@H]1CC[NH+](C[C@H]1O)C
728,1,O1c2c(C(=O)C=C1c1ccc(cc1)C=C)c(O)cc(O)c2[C@H]1CC[NH+](C[C@H]1O)C
729,1,O1c2c(C(=O)C=C1c1ccccc1)c(O)cc(O)c2OC
730,1,O1c2c(C(=O)C=C1c1ccccc1)c(O)cc(O)c2[C@H]1CC[NH+](C[C@H]1O)C
731,1,O1c2c(C(=O)C=C1c1ccccc1)c(O)cc(OCc1ccc(cc1)C#N)c2OCCCC[NH+]1CC[NH+](CC1)C
732,1,O1c2c(C(=O)C=C1c1ccncc1)c(O)cc(O)c2[C@H]1CC[NH+](C[C@H]1O)C
733,1,O1c2c([C@]3(C1=CC([O-])=C(C(=O)C)C3=O)C)c(O)cc(O)c2C(=O)N
734,1,O1c2cc(O)c3c(Nc4c(ccc(O)c4OC)C3=O)c2C=CC1(C)C
735,1,O1c2cc(ccc2OC1)CNc1nc(ccc1)-c1c2cc([nH]c2ncc1)C1CC[NH+](CC1)C
736,0,O1c2cc(ccc2OC1)\C=C\1/N=C(NC/1=O)Nc1ccc(OCCOCCOCCN)cc1
737,0,O1c2cc(ccc2OC1)\C=C\1/N=C(NC/1=O)Nc1ccc(OCCOCCOCCOCCN)cc1
738,0,O1c2cc(ccc2OC1)\C=C\1/N=C(NC/1=O)Nc1ccccc1
739,1,O=C(N(C)C)C[NH+]1CCC(=CC1)c1[nH]c2nccc3-c4c(N(Cc1c23)C)cccc4
740,1,O=C(N(C)C)C[NH+]1CCC(=CC1)c1[nH]c2nccc3-c4cccnc4N(Cc1c23)C
741,1,O=C(N(C)C)c1n(c2nc(ncc2c1)Nc1ccc(NC(=O)CCCCCCC(=O)N[O-])cc1)C1CCCC1
742,0,O=C(N(C)C)c1n(c2nc(ncc2c1)Nc1ncc(N2CC[NH2+]CC2)cc1)C1CCCC1
743,0,O=C(N)C1CCC(=CC1)c1[nH]c2nccc(c2c1)-c1nc(NCc2ccccc2)cnc1
744,1,O=C(N)c1cc([nH]c1-c1ccccc1)-c1nc(ncc1)N
745,1,O=C(N1CCC(CC1)c1[nH]c2nccc(c2c1)-c1nc(NCc2ccccc2)cnc1)C
746,1,O=C(N1CC[NH+](CC1)C1CCC(NC2=[NH+]C=Nn3c2c(cc3)C(C)C)CC1)C
747,1,O=C(N1Cc2c([nH]nc2NC(=O)CC(C)C)C1(C)C)C1CC[NH+](CC1)C
748,1,O=C(NC)C1CCC(=CC1)c1[nH]c2nccc(c2c1)-c1nc(NCc2ccccc2)cnc1
749,1,O=C(NC)N1CCC(=CC1)c1[nH]c2nccc3-c4cccnc4N(Cc1c23)C
750,1,O=C(NC)N1CCC(CC1)c1[nH]c2nccc(c2c1)-c1nc(NCc2ccccc2)cnc1
751,1,O=C(NC)N1CCC(CC1)c1[nH]c2nccc(c2c1)-c1nc(NCc2cccnc2)cnc1
752,0,O=C(NC)c1nn(c-2c1C(Cc1c-2nc(nc1)Nc1ccc(N2CC[NH+](CC2)C)cc1)(C)C)C
753,0,O=C(Nc1cc(ccc1)-c1n2[NH+]=C(Nc3cc(NC(=O)C)ccc3)C=Cc2nc1)C
754,1,O=C(Nc1n[nH]c(c1)C1CCC1)Cc1ccc(cc1)-c1ccccc1
755,0,O=C(Nc1n[nH]c2ncc(cc12)-c1cncnc1)C1CCCCC1
756,1,O=C([O-])C1CCC([NH+]2CCC(=CC2)c2[nH]c3nccc4-c5c(N(Cc2c34)C)cccc5)CC1
757,1,O=C([O-])CC1CCC([NH+]2CCC(=CC2)c2[nH]c3nccc4-c5c(N(Cc2c34)C)cccc5)CC1
758,1,O=C/1NC(=N\C\1=C/c1c2cccnc2[nH]c1)NCc1ccccc1
759,0,O=C/1c2c(N\C\1=C/1\c3c(NC\1=O)cccc3)cccc2
760,0,O=C1N(C=C(C=C1)c1ccc(N(C(=O)NCc2ccccc2)C2CCC(Nc3ncc(cc3)C#N)CC2)cc1)C
761,0,O=C1N(C=CC=C1c1ccc(N(C(=O)NCc2ccccc2)C2CCC(Nc3ncc(cc3)C#N)CC2)cc1)C
762,1,O=C1N(CCC1)CCN(C)c1nc(ccc1)-c1c2cc([nH]c2ncc1)C1CC[NH+](CC1)C
763,1,O=C1N(CCC1)CCNc1nc(ccc1)-c1c2cc([nH]c2ncc1)C1CCNCC1
764,1,O=C1N(CCC1)CCNc1nc(ccc1)-c1c2cc([nH]c2ncc1)C1CC[NH+](CC1)C
765,0,O=C1N(O)C(=O)C(=C1c1c2c(n(c1)C)cccc2)c1c2c([nH]c1)cccc2
766,0,O=C1N(O)C(=O)C(=C1c1c2c(n(c1)C)cccc2)c1c2c(n(c1)C)cccc2
767,0,O=C1N(O)C(=O)C(=C1c1c2c(n(c1)CCCCCC#N)cccc2)c1c2c(n(c1)C)cccc2
768,0,O=C1N(O)C(=O)C(=C1c1c2c(n(c1)CCCCCC(O)=O)cccc2)c1c2c([nH]c1)cccc2
769,1,O=C1N(O)C(=O)C(=C1c1c2c(n(c1)CCCCCC(O)=O)cccc2)c1c2c(n(c1)C)cccc2
770,0,O=C1N([O-])C(=O)C(=C1c1c2c(n(c1)C(C)C)cccc2)c1c2c(n(c1)C)cccc2
771,1,O=C1N([O-])C(=O)C(=C1c1c2c(n(c1)C(C)C)cccc2)c1c2c(n(c1)CC)cccc2
772,0,O=C1N([O-])C(=O)C(=C1c1c2c(n(c1)CC)cccc2)c1c2c(n(c1)C)cccc2
773,1,O=C1N(c2nc(ncc2C(C)=C1C(=O)C)Nc1ncc(N2CC[NH2+]CC2)cc1)C1CCCC1
774,1,O=C1N(c2nc(ncc2C=C1C#N)Nc1ccc(N2CC[NH+](CC2)C)cc1)C1CCCC1
775,1,O=C1NC(=O)C(=C1c1c2c(n(c1)C)cccc2)c1c2cccnc2n(c1)C
776,0,O=C1NC(=O)C(=C1c1c2c(n(c1)C1CCN(CC1)Cc1ncccc1)cccc2)c1c2c(n(c1)C)cccc2
777,1,O=C1NC(=O)C(=C1c1c2c(n(c1)CCCCCC#N)cccc2)c1c2c(n(c1)CCCCCC#N)cccc2
778,1,O=C1NCC(c2[nH]c(cc12)-c1nc(ncc1)N)C(C)C
779,1,O=C1NCC(c2[nH]c(cc12)-c1nc(ncc1)N)C1CCC1
780,1,O=C1NCC(c2[nH]c(cc12)-c1nc(ncc1)N)CC
781,1,O=C1NCC2(n3c1cc1c3nc(nc1)Nc1ncc(N3CC[NH+](CC3)C(C)C)cc1)CCCCC2
782,1,O=C1NCCc2[nH]c(cc12)-c1ccncc1
783,1,O=C1NCCc2[nH]c(cc12)-c1nc(ncc1)N
784,1,O=C1Nc2c(-c3[nH]c4c(c3C1)c[n+]([O-])cc4)cccc2
785,1,O=C1Nc2c(-c3[nH]c4c(c3C1)cccc4)cccc2
786,1,O=C1Nc2c(-c3[nH]c4c(c3C1)cncc4)cccc2
787,0,O=[N+]([O-])c1cc(\N=N\c2c(n[nH]c2N)N)ccc1
788,0,O=[N+]([O-])c1ccccc1\N=N\c1c(n[nH]c1N)N
789,1,OC(=O)C1CCC(=CC1)c1[nH]c2nccc(c2c1)-c1nc(NCc2ccccc2)cnc1
790,1,OC(CN1CCC(CC1)c1[nH]c2nccc(c2c1)-c1nc(NCc2ccccc2)cnc1)CO
791,1,OC(CN1CCC(CC1)c1[nH]c2nccc(c2c1)-c1nc(NCc2cccnc2)cnc1)CO
792,1,OC(CNc1nc(NCc2ccc(cc2)-c2ncccc2)c2[nH]nc(c2n1)C(C)C)C
793,0,OC(CNc1nc(NCc2ccccc2N)c2ncn(c2n1)C(C)C)(C)C
794,1,OC([C@@H](Nc1nc(NCc2ccccc2N)c2ncn(c2n1)C(C)C)C(C)C)(C)C
795,1,OC([C@@H](Nc1nc(NCc2cccnc2)c2ncn(c2n1)C(C)C)CC)(C)C
796,1,OC([C@H](Nc1nc(NCc2cccnc2)c2ncn(c2n1)C(C)C)CC)(C)C
797,1,OCC(=O)N1CCC(=CC1)c1[nH]c2nccc(c2c1)-c1nc(NCc2ccccc2)cnc1
798,1,OCC(=O)N1CCC(CC1)c1[nH]c2nccc(c2c1)-c1nc(NCc2ccccc2)cnc1
799,1,OCC(=O)N1CCC(CC1)c1[nH]c2nccc(c2c1)-c1nc(NCc2cccnc2)cnc1
800,1,OCCNc1nc(ccc1)-c1c2cc([nH]c2ncc1)C1CC[NH+](CC1)C
801,1,OCC[C@@H]1N(CCCC1)C1=Nc2n(ncc2C)C(NCc2ccc[n+]([O-])c2)=C1
802,1,OCC[C@H]1N(CCCC1)C1=Nc2n(ncc2CC)C(NCc2ccc[n+]([O-])c2)=C1
803,1,OCC[C@H]1N(CCCC1)C1=Nc2n(ncc2CC)C(Nc2cc(NC(=O)C=C)ccc2)=C1
804,0,OC[C@@H](N(C(=O)C)C1=Nn2c(ncc2-c2cc(NC(=O)C)ccc2)C=C1)CC
805,0,OC[C@@H](NC1=[NH+]n2c(ncc2-c2[nH]c3c(c2)cccc3)C=C1)CC
806,0,OC[C@@H](NC1=[NH+]n2c(ncc2-c2cc(N)ccc2)C=C1)CC
807,1,OC[C@@H](NC1=[NH+]n2c(ncc2-c2cc(NC(=O)C)ccc2)C=C1)CC
808,1,OC[C@@H](NC1=[NH+]n2c(ncc2-c2cc(ccc2)C=O)C=C1)CC
809,0,OC[C@@H](NC1=[NH+]n2c(ncc2-c2cc(ccc2)\C=N\O)C=C1)CC
810,1,OC[C@@H](NC1=[NH+]n2c(ncc2-c2cc(ccc2)\C=N\[C@@H](CC)CO)C=C1)CC
811,0,OC[C@@H](NC1=[NH+]n2c(ncc2-c2cc3c([nH]cc3)cc2)C=C1)CC
812,0,OC[C@@H](NC1=[NH+]n2c(ncc2-c2cccnc2)C=C1)C(C)C
813,0,OC[C@@H](NC1=[NH+]n2c(ncc2-c2cccnc2)C=C1)CC
814,0,OC[C@@H](NC1=[NH+]n2c(ncc2-c2nc(ncc2)N)C=C1)CC
815,1,OC[C@@H](Nc1nc(c2ncn(c2n1)C(C)C)Cc1ccc(cc1)-c1ncccc1)CC
816,0,OC[C@@H](O)CCNc1nc(NCc2ccc(cc2)-c2ncccc2)c2ncn(c2n1)C(C)C
817,1,OC[C@H](NC1=[NH+]c2n(ncc2C(C)C)C(NCc2ccccc2)=C1)[C@H](O)CO
818,0,OC[C@H](NC1=[NH+]n2c(ncc2-c2cc(ccc2)\C=N\[C@H](CC)CO)C=C1)CC
819,1,OC[C@H](NC=1[NH+]=C(NCc2ccccc2)c2n([NH+]=1)c(cn2)C(C)C)CC
820,1,OC[C@H](NC=1[NH+]=C(n2ncc(c2[NH+]=1)C(C)C)NCc1ccccc1)CC
821,1,OC[C@H](Nc1nc(NCc2ccc(cc2)-c2ncccc2)c2ncn(c2n1)C(C)C)CC
822,1,OC[C@H](Nc1nc(NCc2ccccc2)c2[nH]nc(c2n1)C(C)C)CC
823,0,OC[C@H](Nc1nc(NCc2ccccc2)c2ncn(c2n1)C(C)C)CC
824,0,OC[C@H](Nc1nc(Nc2cc(ccc2)-c2ncccc2)c2ncn(c2n1)C(C)C)CC
825,1,OC[C@H](O)CNc1nc(NCc2ccc(cc2)-c2ncccc2)c2ncn(c2n1)C(C)C
826,0,OCc1ccccc1\N=N\c1c(n[nH]c1N)N
827,0,O[C@@H](CNc1nc(NCc2cccnc2)c2ncn(c2n1)C(C)C)C
828,1,O[C@@H]([C@@H](Nc1nc(NC2CC2)c2ncn(c2n1)C(C)C)CC)C
829,1,O[C@@H]([C@@H](Nc1nc(NC2CCC2)c2ncn(c2n1)C(C)C)CC)C
830,1,O[C@@H]([C@@H](Nc1nc(NCC2CC2)c2ncn(c2n1)C(C)C)CC)C
831,0,O[C@@H]([C@@H](Nc1nc(NCc2cc(nc(c2)C)C)c2ncn(c2n1)C(C)C)CC)C
832,0,O[C@@H]([C@@H](Nc1nc(NCc2ccc(nc2)C)c2ncn(c2n1)C(C)C)CC)C
833,1,O[C@@H]([C@@H](Nc1nc(NCc2cccnc2)c2ncn(c2n1)C(C)C)CC)C
834,0,O[C@@H]([C@@H](Nc1nc(NCc2cccnc2)c2ncn(c2n1)CC1CC1)CC)C
835,1,O[C@@H]([C@@H](Nc1nc(NCc2ccncc2)c2ncn(c2n1)C(C)C)CC)C
836,1,O[C@@H]([C@@H](Nc1nc(NCc2cnc(cc2C)C)c2ncn(c2n1)C(C)C)C)C
837,1,O[C@@H]([C@@H](Nc1nc(NCc2cnc(cc2C)C)c2ncn(c2n1)C(C)C)CC)C
838,0,O[C@@H]([C@@H](Nc1nc(NCc2nc(ccc2)C)c2ncn(c2n1)C(C)C)CC)C
839,0,O[C@@H]([C@@H](Nc1nc(NCc2ncccc2C)c2ncn(c2n1)C(C)C)CC)C
840,1,O[C@@H]1C[C@H](N(C1)c1nc(NCc2ccc(cc2)-c2ncccc2)c2ncn(c2n1)C(C)C)CO
841,0,O[C@@H]1C[NH2+]CC[C@H]1CNC1=[NH+]c2n(ncc2C(C)C)C(NCc2ccccc2)=C1
842,1,O[C@@H]1[C@H](Nc2nc(NCc3ccc(cc3)-c3ncccc3)c3ncn(c3n2)C(C)C)CCC[C@@H]1O
843,1,O[C@H]([C@H](Nc1nc(NCc2cccnc2)c2ncn(c2n1)C(C)C)CC)C
844,0,O\1c2c(ccc(O)c2)C(=O)/C/1=C/c1cc(O)c(O)cc1
845,0,Oc1[nH]c2c(cccc2)c1-c1[nH]c2c(cccc2)c1N=O
846,0,Oc1c2c([nH]cc2-c2nc(ncc2)N)ccc1
847,1,Oc1c2c([nH]cc2-c2nc(ncc2)N)ncc1
848,1,Oc1c2c([nH]cc2-c2ncncc2)ncc1
849,0,Oc1c2c(ccc1)[C@@H](N1c3nc(ncc3C(C)(C)C1=O)Nc1ccccc1)CC2
850,0,Oc1c2c(ncc1)n(cc2-c1nc(ncc1)N)C
851,0,Oc1cc(\N=N\c2c(n[nH]c2N)N)ccc1
852,1,Oc1ccc(\N=N\c2c(n[nH]c2N)N)cc1
853,0,Oc1ccc(cc1)-c1cc2c([nH]nc2NC(=O)C(CC)CC)nc1
854,0,Oc1ccc(cc1)-c1cc2c([nH]nc2NC(=O)C2CCCCC2)nc1
855,0,Oc1ccc(cc1)-c1cc2c([nH]nc2NC(=O)CC)nc1
856,0,Oc1ccc(cc1)-c1cc2c([nH]nc2NC(=O)CCCC)nc1
857,0,Oc1ccccc1-c1cc2c([nH]nc2NC(=O)C2CCCCC2)nc1
858,1,Oc1ccccc1-c1ncc(cc1)CNc1nc(nc2n(cnc12)C1CCCC1)NC1CCC(N)CC1
859,0,Oc1ccccc1CNc1nc(nc2n(cnc12)C(C)C)NCC(C)C
860,1,Oc1ccccc1CNc1nc(nc2n(cnc12)C(C)C)N[C@H](CC)CO
861,1,P(=O)([O-])(Cc1cc(Nc2ncnc(c2)-c2ccccc2OC)ccc1)CCC
862,1,P(=O)([O-])(Cc1cc(Nc2ncnc(c2)-c2ccccc2OCc2ccccc2)ccc1)CC
863,1,P(=O)([O-])(Cc1cc(Nc2ncnc(c2)-c2ccccc2OCc2ccccc2)ccc1)CCC
864,0,P(O)(O)(=O)Cc1ccc(Nc2ncnc(c2)-c2cc(N)ccc2)cc1
865,0,P(O)(O)(=O)Cc1ccc(Nc2ncnc(c2)-c2cc([N+](=O)[O-])ccc2)cc1
866,0,P(O)(O)(=O)c1cc(Nc2ncnc(c2)-c2cc([N+](=O)[O-])ccc2)ccc1
867,1,P(O)(O)(=O)c1cc(Nc2ncnc(c2)-c2ccccc2OC)ccc1
868,0,P(O)(O)(=O)c1ccc(Nc2ncnc(c2)-c2cc(N)ccc2)cc1
869,1,P(O)(O)(=O)c1ccc(Nc2ncnc(c2)-c2ccccc2OC)cc1
870,0,P(OC(C)C)(=O)(Nc1cc(Nc2ncnc(c2)-c2ccccc2OC)ccc1C)CCC
871,0,P(OCC)(=O)(CC)c1cc(Nc2ncnc(c2)-c2cc(N)ccc2)ccc1
872,1,P(OCC)(=O)(CC)c1cc(Nc2ncnc(c2)-c2ccccc2OC)ccc1
873,1,P(OCC)(=O)(CC)c1ccc(Nc2ncnc(c2)-c2ccccc2OC)cc1
874,0,P(OCC)(=O)(CCC)c1ccc(Nc2ncnc(c2)-c2ccccc2OC)cc1
875,1,P(OCC)(=O)(Cc1cc(Nc2ncnc(c2)-c2cc(N)ccc2)ccc1)CC
876,1,P(OCC)(=O)(Cc1cc(Nc2ncnc(c2)-c2cc(N)ccc2)ccc1)CCC
877,0,P(OCC)(=O)(Cc1cc(Nc2ncnc(c2)-c2cc(N)ccc2)ccc1)c1ccccc1
878,1,P(OCC)(=O)(Cc1cc(Nc2ncnc(c2)-c2cc(N)ccc2)ccc1C)CC
879,0,P(OCC)(=O)(Cc1cc(Nc2ncnc(c2)-c2cc(OC)ccc2)ccc1)CCC
880,0,P(OCC)(=O)(Cc1cc(Nc2ncnc(c2)-c2cc([N+](=O)[O-])ccc2)ccc1)CC
881,0,P(OCC)(=O)(Cc1cc(Nc2ncnc(c2)-c2cc([N+](=O)[O-])ccc2)ccc1)CCC
882,0,P(OCC)(=O)(Cc1cc(Nc2ncnc(c2)-c2cc([N+](=O)[O-])ccc2)ccc1C)CC
883,1,P(OCC)(=O)(Cc1cc(Nc2ncnc(c2)-c2ccc(F)cc2OC)ccc1)CCC
884,0,P(OCC)(=O)(Cc1cc(Nc2ncnc(c2)-c2ccc(OC)cc2)ccc1)CCC
885,0,P(OCC)(=O)(Cc1cc(Nc2ncnc(c2)-c2cccc(OC)c2OC)ccc1)CCC
886,1,P(OCC)(=O)(Cc1cc(Nc2ncnc(c2)-c2ccccc2OC(C)C)ccc1)CCC
887,1,P(OCC)(=O)(Cc1cc(Nc2ncnc(c2)-c2ccccc2OC)ccc1)CC
888,1,P(OCC)(=O)(Cc1cc(Nc2ncnc(c2)-c2ccccc2OC)ccc1)CCC
889,1,P(OCC)(=O)(Cc1cc(Nc2ncnc(c2)-c2ccccc2OC)ccc1)c1ccccc1
890,1,P(OCC)(=O)(Cc1cc(Nc2ncnc(c2)-c2ccccc2OC)ccc1C)CC
891,1,P(OCC)(=O)(Cc1cc(Nc2ncnc(c2)-c2ccccc2OCC)ccc1)CCC
892,1,P(OCC)(=O)(Cc1cc(Nc2ncnc(c2)-c2ccccc2OCCC)ccc1)CCC
893,1,P(OCC)(=O)(Cc1cc(Nc2ncnc(c2)-c2ccccc2OCc2ccccc2)ccc1)CC
894,1,P(OCC)(=O)(Cc1cc(Nc2ncnc(c2)-c2ccccc2OCc2ccccc2)ccc1)CCC
895,1,P(OCC)(=O)(Cc1cc(Nc2ncnc(c2)-c2ccccc2Oc2ccccc2)ccc1)CCC
896,0,P(OCC)(=O)(Cc1ccc(Nc2ncnc(c2)-c2cc(N)ccc2)cc1)CC
897,0,P(OCC)(=O)(Cc1ccc(Nc2ncnc(c2)-c2cc(N)ccc2)cc1)CCC
898,0,P(OCC)(=O)(Cc1ccc(Nc2ncnc(c2)-c2cc([N+](=O)[O-])ccc2)cc1)CC
899,0,P(OCC)(=O)(Cc1ccc(Nc2ncnc(c2)-c2cc([N+](=O)[O-])ccc2)cc1)CCC
900,1,P(OCC)(=O)(Cc1ccc(Nc2ncnc(c2)-c2ccccc2OC)cc1)CC
901,1,P(OCC)(=O)(Cc1ccc(Nc2ncnc(c2)-c2ccccc2OC)cc1)CCC
902,0,P(OCC)(=O)(Nc1cc(Nc2ncnc(c2)-c2ccccc2OC)ccc1C)CC
903,0,P(OCC)(=O)(Nc1cc(Nc2ncnc(c2)-c2ccccc2OC)ccc1C)c1ccccc1
904,0,P(OCC)(=O)(c1ccc(Nc2ncnc(c2)-c2cc(N)ccc2)cc1)c1ccccc1
905,1,P(OCC)(=O)(c1ccc(Nc2ncnc(c2)-c2ccccc2OC)cc1)c1ccccc1
906,0,P(OCC)(OCC)(=O)C(O)c1cc(Nc2ncnc(c2)-c2cc(N)ccc2)ccc1
907,0,P(OCC)(OCC)(=O)C(O)c1ccc(Nc2ncnc(c2)-c2cc([N+](=O)[O-])ccc2)cc1
908,1,P(OCC)(OCC)(=O)C(O)c1ccc(Nc2ncnc(c2)-c2ccccc2OC)cc1
909,1,P(OCC)(OCC)(=O)Cc1cc(Nc2ncnc(c2)-c2cc(N)ccc2)ccc1
910,0,P(OCC)(OCC)(=O)Cc1cc(Nc2ncnc(c2)-c2cc([N+](=O)[O-])ccc2)ccc1
911,1,P(OCC)(OCC)(=O)Cc1cc(Nc2ncnc(c2)-c2ccccc2OC)ccc1
912,0,P(OCC)(OCC)(=O)Cc1cc(Nc2ncnc(c2)-c2ccccc2OC)ccc1C
913,0,P(OCC)(OCC)(=O)Cc1ccc(Nc2ncnc(c2)-c2cc(N)ccc2)cc1
914,1,P(OCC)(OCC)(=O)Cc1ccc(Nc2ncnc(c2)-c2ccccc2OC)cc1
915,0,P(OCC)(OCC)(=O)c1cc(Nc2ncnc(c2)-c2ccccc2OC)ccc1
916,0,P(OCC)(OCC)(=O)c1ccc(Nc2ncnc(c2)-c2ccccc2OC)cc1
917,0,P(Oc1cc(Nc2ncnc(c2)-c2cc(N)ccc2)ccc1)(OC(C)C)(=O)CCC
918,0,P(Oc1cc(Nc2ncnc(c2)-c2cc(N)ccc2)ccc1)(OCC)(=O)CC
919,0,P(Oc1cc(Nc2ncnc(c2)-c2cc(N)ccc2)ccc1)(OCC)(=O)c1ccccc1
920,0,P(Oc1cc(Nc2ncnc(c2)-c2cc(N)ccc2)ccc1C)(OC(C)C)(=O)CCC
921,1,P(Oc1cc(Nc2ncnc(c2)-c2cc(N)ccc2)ccc1C)(OCC)(=O)CC
922,0,P(Oc1cc(Nc2ncnc(c2)-c2ccccc2OC)ccc1)(OC(C)C)(=O)CCC
923,1,P(Oc1cc(Nc2ncnc(c2)-c2ccccc2OC)ccc1)(OCC)(=O)CC
924,0,P(Oc1cc(Nc2ncnc(c2)-c2ccccc2OC)ccc1)(OCC)(=O)c1ccccc1
925,0,P(Oc1cc(Nc2ncnc(c2)-c2ccccc2OC)ccc1C)(=O)([O-])CC
926,0,P(Oc1cc(Nc2ncnc(c2)-c2ccccc2OC)ccc1C)(=O)([O-])CCC
927,0,P(Oc1cc(Nc2ncnc(c2)-c2ccccc2OC)ccc1C)(OC(C)C)(=O)CCC
928,1,P(Oc1cc(Nc2ncnc(c2)-c2ccccc2OC)ccc1C)(OCC)(=O)CC
929,0,P(Oc1cc(Nc2ncnc(c2)-c2ccccc2OC)ccc1C)(OCC)(=O)c1ccccc1
930,0,P(Oc1ccc(Nc2ncnc(c2)-c2cc(N)ccc2)cc1)(OC(C)C)(=O)CCC
931,0,P(Oc1ccc(Nc2ncnc(c2)-c2cc(N)ccc2)cc1)(OCC)(=O)CC
932,1,P(Oc1ccc(Nc2ncnc(c2)-c2ccccc2OC)cc1)(OC(C)C)(=O)CCC
933,1,P(Oc1ccc(Nc2ncnc(c2)-c2ccccc2OC)cc1)(OCC)(=O)CC
934,0,P(Oc1ccc(Nc2ncnc(c2)-c2ccccc2OC)cc1)(OCC)(=O)c1ccccc1
935,1,S(=O)(=NC#N)(Cc1cc(Nc2nc(-c3ccc(F)cc3OC)c(F)cn2)cc(F)c1)C1CC1
936,1,S(=O)(=NC#N)(Cc1cc(Nc2nc(-c3ccc(F)cc3OC)c(F)cn2)cc(F)c1)CC
937,1,S(=O)(=NC#N)(Cc1cc(Nc2nc(-c3ccc(F)cc3OC)c(F)cn2)cc(F)c1F)C
938,1,S(=O)(=NC#N)(Cc1cc(Nc2nc(-c3ccc(F)cc3OC)c(F)cn2)cc(OC)c1)C
939,1,S(=O)(=NC#N)(Cc1cc(Nc2nc(-c3ccc(F)cc3OC)c(F)cn2)ccc1)C
940,1,S(=O)(=NC#N)(Cc1cc(Nc2nc(-c3ccc(F)cc3OC)c(F)cn2)ccc1)C1CC1
941,1,S(=O)(=NC#N)(Cc1cc(Nc2nc(-c3ccc(F)cc3OC)c(F)cn2)ccc1)CC
942,1,S(=O)(=NC#N)(Cc1cc(Nc2nc(-c3ccc(F)cc3OCC)c(F)cn2)cc(F)c1)C
943,1,S(=O)(=NC#N)(Cc1cc(Nc2nc(-c3ccc(F)cc3OCc3ccccc3)c(F)cn2)ccc1)C
944,1,S(=O)(=NC#N)(Cc1cc(Nc2nc(ncn2)-c2ccc(F)cc2OC)ccc1)C1CC1
945,1,S(=O)(=NC#N)(Cc1cc(cc(Nc2nc(-c3ccc(F)cc3OC)c(F)cn2)c1)C(F)(F)C(F)(F)F)C
946,1,S(=O)(=NC#N)(Cc1cc(cc(Nc2nc(-c3ccc(F)cc3OC)c(F)cn2)c1)C(F)(F)F)C
947,1,S(=O)(=NC#N)(Cc1cc(cc(Nc2nc(-c3ccc(F)cc3OC)c(F)cn2)c1)C)C
948,1,S(=O)(=NC(=O)NC)(Cc1cc(Nc2nc(-c3ccc(F)cc3OC)c(F)cn2)ccc1)C
949,1,S(=O)(=NC(OCC)=O)(Cc1cc(Nc2nc(-c3c4OCCCc4ccc3)c(F)cn2)ccc1)C
950,1,S(=O)(=NC(OCC)=O)(Cc1cc(Nc2nc(-c3c4OCCc4ccc3)c(F)cn2)ccc1)C
951,1,S(=O)(=NC(OCC)=O)(Cc1cc(Nc2nc(-c3ccc(F)cc3OC)c(F)cn2)cc(F)c1)C
952,1,S(=O)(=NC(OCC)=O)(Cc1cc(Nc2nc(-c3ccc(F)cc3OC)c(F)cn2)ccc1)C
953,1,S(=O)(=NC(OCC)=O)(Cc1cc(Nc2nc(-c3ccc(F)cc3OCc3ccccc3)c(F)cn2)ccc1)C
954,1,S(=O)(=NC(OCCOC)=O)(Cc1cc(Nc2nc(-c3ccc(F)cc3OC)c(F)cn2)cc(F)c1)C
955,0,S(=O)(=O)(C)c1cc(ccc1)-c1n2[NH+]=C(N[C@@H](CC)CO)C=Cc2nc1
956,1,S(=O)(=O)(C)c1ccc(cc1)-c1[nH]c2nccc3-c4cc(F)ccc4N(Cc1c23)C
957,1,S(=O)(=O)(C)c1ccc(cc1)CNc1cc(-c2c3cc([nH]c3ncc2)C2CC[NH+](CC2)C)c(F)cc1
958,1,S(=O)(=O)(C)c1ncc(cc1)-c1[nH]c2nccc3-c4cc(F)ccc4N(Cc1c23)C
959,1,S(=O)(=O)(CC)c1cc(Nc2oc(cn2)\C=C\c2ccccc2)c(OC)cc1
960,1,S(=O)(=O)(Cc1cc(Nc2nc(ncn2)-c2ccc(F)cc2OCc2cc(F)ncc2)ccc1)C
961,1,S(=O)(=O)(Cc1cc(Nc2nc(ncn2)-c2ccc(F)cc2OCc2cc(ccc2)C(F)(F)F)ccc1)C
962,1,S(=O)(=O)(Cc1cc(Nc2nc(ncn2)-c2ccc(F)cc2OCc2ccccc2)ccc1)C
963,1,S(=O)(=O)(N(C(C)(C)C)C(O)=O)N1CCC(=CC1)c1[nH]c2nccc(c2c1)-c1cc(F)ccc1OC
964,1,S(=O)(=O)(N(C)C)CC[NH+]1CCC(=CC1)c1[nH]c2nccc3-c4cc(F)ccc4N(Cc1c23)C
965,1,S(=O)(=O)(N(CC)C(=O)[O-])N1CCC(=CC1)c1[nH]c2ncc(F)c(c2c1)-c1cc(F)ccc1OC
966,1,S(=O)(=O)(N(CC)C(=O)[O-])N1CCC(=CC1)c1[nH]c2nccc(c2c1)-c1cc(F)ccc1OC
967,1,S(=O)(=O)(N(CC)C(=O)[O-])N1CCC(CC1)c1[nH]c2nccc(c2c1)-c1nc(NCc2ccccc2)cnc1
968,1,S(=O)(=O)(N(\N=C\c1c2n(nc1)C=CC(=N2)C#N)C)c1cc([N+](=O)[O-])ccc1C
969,1,S(=O)(=O)(N(\N=C\c1c2n(nc1)C=CC(=N2)C)C)c1cc([N+](=O)[O-])ccc1C
970,0,S(=O)(=O)(N(\N=C\c1c2n(nc1)C=CC(=N2)N(C)C)C)c1cc([N+](=O)[O-])ccc1C
971,0,S(=O)(=O)(N(\N=C\c1c2n(nc1)C=CC(=N2)N1CCOCC1)C)c1cc([N+](=O)[O-])ccc1C
972,1,S(=O)(=O)(N(\N=C\c1c2n(nc1)C=CC(=N2)c1cccnc1)C)c1cc([N+](=O)[O-])ccc1C
973,0,S(=O)(=O)(N(\N=C\c1c2n(nc1)C=CC(OC)=N2)C)c1cc([N+](=O)[O-])ccc1C
974,1,S(=O)(=O)(N)CC[NH+]1CCC(=CC1)c1[nH]c2nccc3-c4cc(F)ccc4N(Cc1c23)C
975,1,S(=O)(=O)(N)Cc1cc(Nc2ncnc(c2)-c2ccccc2OC)ccc1
976,1,S(=O)(=O)(N)N1CCC(=CC1)c1[nH]c2nccc(c2c1)-c1cc(F)ccc1OC
977,1,S(=O)(=O)(N)c1cc(Nc2nc(-n3ncc4c3cccc4)ccn2)ccc1
978,1,S(=O)(=O)(N)c1cc(Nc2nc(ccn2)-c2nn(c3c2cccc3)C)ccc1
979,1,S(=O)(=O)(N)c1cc(Nc2nc(ccn2)-c2nn(c3c2cccc3)CC)ccc1
980,1,S(=O)(=O)(N)c1cc(Nc2nc(ccn2)-c2nn(c3c2cccc3)CCC)ccc1
981,1,S(=O)(=O)(N)c1cc(Nc2nc(ccn2)-c2nn(c3c2cccc3)Cc2cccnc2)ccc1
982,1,S(=O)(=O)(N)c1cc(Nc2nc3CCCCc3cn2)ccc1
983,1,S(=O)(=O)(N)c1cc(Nc2ncnc(c2)-c2ccccc2OC)ccc1
984,1,S(=O)(=O)(N)c1ccc(Nc2nc(-n3ncc4c3cccc4)ccn2)cc1
985,1,S(=O)(=O)(N)c1ccc(Nc2nc(OC(CC)C)c3nc[nH]c3n2)cc1
986,0,S(=O)(=O)(N)c1ccc(Nc2nc(OCC3CCCCC3)c3c([nH]nc3)n2)cc1
987,1,S(=O)(=O)(N)c1ccc(Nc2nc(OCC3CCCCC3)c3cc[nH]c3n2)cc1
988,0,S(=O)(=O)(N)c1ccc(Nc2nc(OCC3CCCCC3)c3nc[nH]c3n2)cc1
989,1,S(=O)(=O)(N)c1ccc(Nc2nc(OCC3CCCCC3)c3nn[nH]c3n2)cc1
990,0,S(=O)(=O)(N)c1ccc(Nc2nc(c3nc[nH]c3n2)-c2cc(ccc2)-c2ccccc2)cc1
991,1,S(=O)(=O)(N)c1ccc(Nc2nc(c3nc[nH]c3n2)-c2ccccc2)cc1
992,1,S(=O)(=O)(N)c1ccc(Nc2nc(ccn2)-c2nn(c3c2cccc3)C)cc1
993,1,S(=O)(=O)(N)c1ccc(Nc2nc(ccn2)-c2nn(c3c2cccc3)CC)cc1
994,1,S(=O)(=O)(N)c1ccc(Nc2nc(ccn2)-c2nn(c3c2cccc3)CCC)cc1
995,1,S(=O)(=O)(N)c1ccc(Nc2nc(ccn2)-c2nn(c3c2cccc3)Cc2cccnc2)cc1
996,1,S(=O)(=O)(N)c1ccc(Nc2nc(n(n2)C(=O)c2c(F)cccc2F)N)cc1
997,1,S(=O)(=O)(N)c1ccc(Nc2nc(n(n2)C(=S)Nc2c(F)cccc2F)N)cc1
998,0,S(=O)(=O)(N)c1ccc(Nc2nc3[nH]cnc3cn2)cc1
999,1,S(=O)(=O)(N1C2CC(=CC1CC2)c1[nH]c2nccc(c2c1)-c1cc(F)ccc1OC)C
1000,1,S(=O)(=O)(N1C2CC(=CC1CCC2)c1[nH]c2nccc3-c4cc(F)ccc4N(Cc1c23)C)C
1001,1,S(=O)(=O)(N1CC(=CCC1)c1[nH]c2nccc3-c4cc(F)ccc4N(Cc1c23)C)C
1002,1,S(=O)(=O)(N1CC(C)(C)C(=CC1)c1[nH]c2nccc3-c4cc(F)ccc4N(Cc1c23)C)C
1003,1,S(=O)(=O)(N1CC(C1)c1[nH]c2nccc(c2c1)-c1cc(F)ccc1OC)C
1004,1,S(=O)(=O)(N1CC2CC(=CC2C1)c1[nH]c2ncc(C#N)c(c2c1)-c1cc(F)ccc1OC)C
1005,1,S(=O)(=O)(N1CC2CC(=CC2C1)c1[nH]c2ncc(F)c(c2c1)-c1cc(F)ccc1OC)C
1006,1,S(=O)(=O)(N1CC2CC(=CC2C1)c1[nH]c2nccc(c2c1)-c1cc(F)ccc1OC)CCOC
1007,1,S(=O)(=O)(N1CC2CC(=CC2C1)c1[nH]c2nccc3-c4cc(F)ccc4N(Cc1c23)C)C
1008,1,S(=O)(=O)(N1CC2CC(=CC2C1)c1[nH]c2nccc3-c4cc(F)ccc4N(Cc1c23)C)CCOC
1009,1,S(=O)(=O)(N1CC=C(CC1(C)C)c1[nH]c2nccc(c2c1)-c1cc(F)ccc1OC)C
1010,1,S(=O)(=O)(N1CCC(=CC1(C)C)c1[nH]c2nccc(c2c1)-c1cc(F)ccc1OC)C
1011,1,S(=O)(=O)(N1CCC(=CC1)c1[nH]c2ncc(F)c(c2c1C#N)-c1cc(F)ccc1OC)C
1012,1,S(=O)(=O)(N1CCC(=CC1)c1[nH]c2ncc(F)c3-c4c(N(Cc1c23)C)cccc4)C
1013,1,S(=O)(=O)(N1CCC(=CC1)c1[nH]c2ncc(F)c3-c4cc(F)ccc4N(Cc1c23)C)C
1014,1,S(=O)(=O)(N1CCC(=CC1)c1[nH]c2nccc(c2c1)-c1cc(F)ccc1OC)C
1015,1,S(=O)(=O)(N1CCC(=CC1)c1[nH]c2nccc(c2c1)-c1cccc(F)c1F)C
1016,1,S(=O)(=O)(N1CCC(=CC1)c1[nH]c2nccc(c2c1)-c1nc(F)ccc1)C
1017,1,S(=O)(=O)(N1CCC(=CC1)c1[nH]c2nccc(c2c1)-c1nc(NCC2CC2)ccc1)C
1018,1,S(=O)(=O)(N1CCC(=CC1)c1[nH]c2nccc(c2c1)-c1nc(NCc2c(F)cccc2F)ccc1)C
1019,1,S(=O)(=O)(N1CCC(=CC1)c1[nH]c2nccc(c2c1)-c1nc(NCc2cc(F)ccc2)c(F)cc1F)C
1020,1,S(=O)(=O)(N1CCC(=CC1)c1[nH]c2nccc(c2c1)-c1nc(OCc2cc(F)ccc2)cnc1)C
1021,1,S(=O)(=O)(N1CCC(=CC1)c1[nH]c2nccc(c2c1C#N)-c1cc(F)ccc1OC)C
1022,1,S(=O)(=O)(N1CCC(=CC1)c1[nH]c2nccc3-c4c(N(Cc1c23)C)cccc4)C
1023,1,S(=O)(=O)(N1CCC(=CC1)c1[nH]c2nccc3-c4cc(F)c(F)cc4N(Cc1c23)C)C
1024,1,S(=O)(=O)(N1CCC(=CC1)c1[nH]c2nccc3-c4cc(F)ccc4N(C)C(c1c23)C)C
1025,1,S(=O)(=O)(N1CCC(=CC1)c1[nH]c2nccc3-c4cc(F)ccc4N(C)C(c1c23)CC)C
1026,1,S(=O)(=O)(N1CCC(=CC1)c1[nH]c2nccc3-c4cc(F)ccc4N(CCc1c23)C)C
1027,1,S(=O)(=O)(N1CCC(=CC1)c1[nH]c2nccc3-c4cc(F)ccc4N(Cc1c23)C)C
1028,1,S(=O)(=O)(N1CCC(=CC1)c1[nH]c2nccc3-c4cc(F)ccc4N(Cc1c23)CC1CCOCC1)C
1029,1,S(=O)(=O)(N1CCC(=CC1)c1[nH]c2nccc3-c4cc(F)ccc4N(Cc1c23)CCC)C
1030,1,S(=O)(=O)(N1CCC(=CC1)c1[nH]c2nccc3-c4cc(F)ccc4NCc1c23)C
1031,1,S(=O)(=O)(N1CCC(=CC1)c1[nH]c2nccc3-c4cc(F)ccc4OCc1c23)C
1032,1,S(=O)(=O)(N1CCC(=CC1)c1[nH]c2nccc3-c4cccnc4N(Cc1c23)C)C
1033,1,S(=O)(=O)(N1CCC(=CCC1)c1[nH]c2nccc3-c4cc(F)ccc4N(Cc1c23)C)C
1034,1,S(=O)(=O)(N1CCC(=C[C@@H]1C)c1[nH]c2nccc(c2c1)-c1cc(F)ccc1OC)C
1035,1,S(=O)(=O)(N1CCC(CC1)c1[nH]c2nccc(c2c1)-c1cc(F)ccc1OC)C
1036,1,S(=O)(=O)(N1CCC(CC1)c1[nH]c2nccc(c2c1)-c1nc(NCc2ccccc2)cnc1)C
1037,1,S(=O)(=O)(N1CCC(CC1)c1[nH]c2nccc(c2c1)-c1nc(OCc2cc(F)ccc2)cnc1)C
1038,1,S(=O)(=O)(N1CCC(Nc2nc(N)c(cn2)C(=O)c2c(F)c(F)ccc2OC)CC1)C
1039,1,S(=O)(=O)(N1C[C@@H]2[C@@H](C=C(C2)c2[nH]c3nccc(c3c2)-c2cc(F)ccc2OC)C1)C
1040,1,S(=O)(=O)(N1C[C@H]2[C@H](CC(C2)c2[nH]c3nccc(c3c2)-c2cc(F)ccc2OC)C1)C
1041,1,S(=O)(=O)(N1[C@@H]2CC(=C[C@H]1CC2)c1[nH]c2nccc3-c4cc(F)ccc4N(Cc1c23)C)C
1042,0,S(=O)(=O)(NC(C)(C)C)c1cc(Nc2nc(ncc2C)Nc2ccc(OCCN3CCCC3)cc2)ccc1
1043,1,S(=O)(=O)(NC)CC(=O)N1CC2CC(=CC2C1)c1[nH]c2nccc(c2c1)-c1cc(F)ccc1OC
1044,1,S(=O)(=O)(NC)CC(=O)N1CCC(=CC1)c1[nH]c2nccc3-c4cc(F)ccc4N(Cc1c23)C
1045,0,S(=O)(=O)(NC)c1ccc(Nc2nc(N)c(/[N+](/[O-])=N/C#N)c(OCC3CCCCC3)n2)cc1
1046,1,S(=O)(=O)(NC1CCC(=CC1)c1[nH]c2nccc(c2c1)-c1cc(F)ccc1OC)N(CC)C(=O)[O-]
1047,1,S(=O)(=O)(NCCCCCCCN=C=S)c1ccc(Nc2nc3n(c(cc3cn2)C(=O)N(C)C)C2CCCC2)cc1
1048,1,S(=O)(=O)(NCCCCCCN=C=S)c1ccc(Nc2nc3n(c(cc3cn2)C(=O)N(C)C)C2CCCC2)cc1
1049,1,S(=O)(=O)(NCCO)c1ccc(Nc2nc(N)c(/[N+](/[O-])=N/C#N)c(OCC3CCCCC3)n2)cc1
1050,0,S(=O)(=O)(NCCO)c1ccc(Nc2nc(N)c(N=O)c(OCC3CCCCC3)n2)cc1
1051,1,S(=O)(=O)(Nc1cc(Nc2ncnc(c2)-c2cc(N)ccc2)ccc1C)C
1052,1,S(=O)(=O)(Nc1cc(Nc2ncnc(c2)-c2ccccc2OC)ccc1)N
1053,1,S(=O)(=O)(Nc1cc(Nc2ncnc(c2)-c2ccccc2OC)ccc1C)C
1054,1,S(=O)(=O)(Nc1cc(Nc2ncnc(c2)-c2ccccc2OC)ccc1F)C
1055,1,S(=O)(=O)(Nc1cc(ccc1)C(=O)Nc1ncnc(c1)-c1ccccc1OC)C
1056,1,S(=O)(=O)(Nc1cc(ccc1C)C(=O)Nc1ncnc(c1)-c1ccccc1OC)C
1057,1,S(=O)(=O)(Nc1ccc(cc1)C(=O)Nc1ncnc(c1)-c1ccccc1OC)C
1058,1,S(=O)(=O)(Nc1noc(C)c1C)c1ccc(Nc2nc(ccn2)-c2ccccc2OC)cc1
1059,1,S(=O)(=O)(Nc1onc(C)c1C)c1ccc(Nc2nc(ccn2)-c2c(OC)cccc2F)cc1
1060,1,S(=O)(=O)(Nc1onc(C)c1C)c1ccc(Nc2nc(ccn2)-c2cc(F)ccc2OC)cc1
1061,1,S(=O)(=O)(Nc1onc(C)c1C)c1ccc(Nc2nc(ccn2)-c2ccc(F)cc2C)cc1
1062,1,S(=O)(=O)(Nc1onc(C)c1C)c1ccc(Nc2nc(ccn2)-c2ccc(F)cc2F)cc1
1063,1,S(=O)(=O)(Nc1onc(C)c1C)c1ccc(Nc2nc(ccn2)-c2ccc(F)cc2OC(C)C)cc1
1064,1,S(=O)(=O)(Nc1onc(C)c1C)c1ccc(Nc2nc(ccn2)-c2cccc(OC(C)C)c2F)cc1
1065,1,S(=O)(=O)(Nc1onc(C)c1C)c1ccc(Nc2nc(ccn2)-c2ccccc2OC)cc1
1066,1,S(=O)(=[NH])(C)C1CNCCC1c1[nH]c2nccc(c2c1)-c1cc(F)ccc1OC
1067,1,S(=O)(=[NH])(C1CC1)c1ccc(Nc2nc(O[C@@H]([C@@H](O)C)C)c(cn2)C(F)(F)F)cc1
1068,1,S(=O)(=[NH])(C1CC1)c1ccc(Nc2nc(O[C@@H]([C@H](O)C)C)c(cn2)C(F)(F)F)cc1
1069,1,S(=O)(=[NH])(Cc1cc(Nc2nc(-c3c4OCCCc4ccc3)c(F)cn2)ccc1)C
1070,1,S(=O)(=[NH])(Cc1cc(Nc2nc(-c3ccc(F)cc3OC)c(F)cn2)cc(F)c1)C
1071,1,S(=O)(=[NH])(Cc1cc(Nc2nc(-c3ccc(F)cc3OC)c(F)cn2)cc(F)c1)C1CC1
1072,1,S(=O)(=[NH])(Cc1cc(Nc2nc(-c3ccc(F)cc3OC)c(F)cn2)cc(F)c1)CC
1073,1,S(=O)(=[NH])(Cc1cc(Nc2nc(-c3ccc(F)cc3OC)c(F)cn2)cc(F)c1F)C
1074,1,S(=O)(=[NH])(Cc1cc(Nc2nc(-c3ccc(F)cc3OC)c(F)cn2)cc(OC)c1)C
1075,1,S(=O)(=[NH])(Cc1cc(Nc2nc(-c3ccc(F)cc3OC)c(F)cn2)ccc1)C
1076,1,S(=O)(=[NH])(Cc1cc(Nc2nc(-c3ccc(F)cc3OC)c(F)cn2)ccc1)C1CC1
1077,1,S(=O)(=[NH])(Cc1cc(Nc2nc(-c3ccc(F)cc3OC)c(F)cn2)ccc1)CC
1078,1,S(=O)(=[NH])(Cc1cc(Nc2nc(-c3ccc(F)cc3OCC)c(F)cn2)cc(F)c1)C
1079,1,S(=O)(=[NH])(Cc1cc(Nc2nc(-c3ccc(F)cc3OCc3ccc(F)cc3)c(F)cn2)ccc1)C
1080,1,S(=O)(=[NH])(Cc1cc(Nc2nc(-c3ccc(F)cc3OCc3ccccc3)c(F)cn2)ccc1)C
1081,1,S(=O)(=[NH])(Cc1cc(Nc2nc(ncn2)-c2ccc(F)cc2OC)ccc1)C
1082,1,S(=O)(=[NH])(Cc1cc(Nc2nc(ncn2)-c2ccc(F)cc2OCc2cc(F)ccc2)ccc1)C
1083,1,S(=O)(=[NH])(Cc1cc(cc(Nc2nc(-c3ccc(F)cc3OC)c(F)cn2)c1)C(F)(F)C(F)(F)F)C
1084,1,S(=O)(=[NH])(Cc1cc(cc(Nc2nc(-c3ccc(F)cc3OC)c(F)cn2)c1)C(F)(F)F)C
1085,1,S(=O)(=[NH])(Cc1cc(ncc1)Nc1ncc(F)c(c1)-c1ccc(F)cc1OC)C
1086,1,S(=O)([O-])(=NC(OCC)=O)N1CCC(=CC1)c1[nH]c2nccc3-c4cc(F)ccc4N(Cc1c23)C
1087,1,S(=O)([O-])(=NC(OCC)=O)N1CCC(CC1)c1[nH]c2nccc(c2c1)-c1nc(NCc2cc(F)ccc2)cnc1
1088,1,S(=O)([O-])(=Nc1noc(C)c1C)c1ccc(Nc2nc(ccn2)-c2ccc(F)cc2OC)cc1
1089,1,S(=O)([O-])(=Nc1noc2c1cccc2)c1ccc(Nc2nc(ccn2)-c2ccc(F)cc2OC)cc1
1090,1,S(=O)([O-])(=Nc1onc(C)c1C)c1ccc(Nc2nc(ccn2)-c2c(F)c(F)ccc2OC)cc1
1091,1,S(=O)([O-])(=Nc1onc(C)c1C)c1ccc(Nc2nc(ccn2)-c2c(F)cc(OC)cc2F)cc1
1092,1,S(=O)([O-])(=Nc1onc(C)c1C)c1ccc(Nc2nc(ccn2)-c2c(OCC)cccc2F)cc1
1093,1,S(=O)([O-])(=Nc1onc(C)c1C)c1ccc(Nc2nc(ccn2)-c2cc(F)c(F)cc2OC)cc1
1094,1,S(=O)([O-])(=Nc1onc(C)c1C)c1ccc(Nc2nc(ccn2)-c2ccc(F)cc2OC)cc1
1095,1,S(=O)([O-])(=Nc1onc(C)c1C)c1ccc(Nc2nc(ccn2)-c2ccc(F)cc2OCC)cc1
1096,1,S(=O)([O-])(=Nc1onc(C)c1C)c1ccc(Nc2nc(ccn2)-c2ccc(OC)cc2OC)cc1
1097,1,S(=O)([O-])(=Nc1onc(C)c1C)c1ccc(Nc2ncnc(c2)-c2ccc(F)cc2OC)cc1
1098,0,S(C)C1=Nn2c(ncc2-c2cc(ccc2)C(F)(F)F)C=C1
1099,0,S(C)C1=Nn2c(ncc2-c2cc3c([nH]cc3)cc2)C=C1
1100,1,S(C)c1cc(F)ccc1-c1nc(ncc1)Nc1ccc(S(=O)(=O)Nc2onc(C)c2C)cc1
1101,1,S(C)c1cc(ccc1)-c1n2[NH+]=C(N[C@@H](CC)CO)C=Cc2nc1
1102,1,S(C)c1ccc(cc1)-c1cc2c([nH]cc2-c2nc(ncc2)N)nc1
1103,1,S(C)c1ccccc1-c1cc2c([nH]cc2-c2nc(ncc2)N)nc1
1104,0,S(C)c1nc(ccn1)-c1c2c([nH]c1)nccc2OC
1105,1,S(CCNc1nc(ccc1)-c1c2cc([nH]c2ncc1)C1CCNCC1)c1ccccc1
1106,1,S(CCNc1nc(ccc1)-c1c2cc([nH]c2ncc1)C1CC[NH+](CC1)C)c1ccccc1
1107,1,S(CC[NH3+])c1nc(NCc2ccc(cc2)-c2ncccc2)c2[nH]nc(c2n1)C(C)C
1108,0,S(Cc1ccccc1)C=1NC(=O)/C(/N=1)=C/c1c2cccnc2[nH]c1
1109,1,S(Oc1cc2nc([nH]c2cc1)NC(=O)NCCOC)(=O)(=O)c1c(F)cccc1F
1110,1,S1(=O)(=O)CCC(CC1)Cn1nc2c(CCN([C@H]3COc4c(N(C)C3=O)cccc4)C2=O)c1
1111,1,S1C(c2nc(ncc2)Nc2ccc(N3CCNCC3)cc2)=C(N(C)C1=O)C
1112,1,S1\C(=C/c2c3cccnc3[nH]c2)\C(=O)N=C1NCc1ccccc1
1113,0,S1\C(=C/c2cc3c(nccc3)cc2)\C(=O)N=C1NCc1sccc1
1114,1,S=C=NCCCCCCCC(=O)Nc1cc(F)c(Nc2nc3n(c(cc3cn2)C(=O)N(C)C)C2CCCC2)cc1
1115,1,S=C=NCCCCCCCC(=O)Nc1cc(Nc2nc3n(c(cc3cn2)C(=O)N(C)C)C2CCCC2)ccc1
1116,1,S=C=NCCCCCCCC(=O)Nc1ccc(Nc2nc3n(c(cc3cn2)C(=O)N(C)C)C2CCCC2)cc1
1117,1,S=C=NCCCCCCCNC(=O)c1cc(F)c(Nc2nc3n(c(cc3cn2)C(=O)N(C)C)C2CCCC2)cc1
1118,1,S=C=NCCCCCCCNC(=O)c1ccc(Nc2nc3n(c(cc3cn2)C(=O)N(C)C)C2CCCC2)cc1
1119,1,S=C=NCCCCCCNC(=O)c1cc(F)c(Nc2nc3n(c(cc3cn2)C(=O)N(C)C)C2CCCC2)cc1
1120,1,S=C=NCCCCCNC(=O)c1cc(F)c(Nc2nc3n(c(cc3cn2)C(=O)N(C)C)C2CCCC2)cc1
1121,1,S=C=NCCCCCNC(=O)c1cc(O)c(Nc2nc3n(c(cc3cn2)C(=O)N(C)C)C2CCCC2)cc1
1122,1,S=C=NCCCCNC(=O)c1cc(F)c(Nc2nc3n(c(cc3cn2)C(=O)N(C)C)C2CCCC2)cc1
1123,1,S=C=NCCCCNC(=O)c1cc(O)c(Nc2nc3n(c(cc3cn2)C(=O)N(C)C)C2CCCC2)cc1
1124,1,S=C=NCCCNC(=O)c1cc(F)c(Nc2nc3n(c(cc3cn2)C(=O)N(C)C)C2CCCC2)cc1
1125,1,S=C=NCCCNC(=O)c1cc(O)c(Nc2nc3n(c(cc3cn2)C(=O)N(C)C)C2CCCC2)cc1
1126,0,[Br-].O=C1Nc2c(-c3[nH]c4c(c3C1)c[n+](cc4)Cc1ccccc1)cccc2
1127,1,[NH+]1(CC(CC1)CNc1nc(ccc1)-c1c2cc([nH]c2ncc1)C1CC[NH+](CC1)C)C
1128,1,[NH+]1(CC(CCC1)c1[nH]c2nccc(c2c1)-c1nc(NCc2ccccc2)ccc1)C
1129,1,[NH+]1(CCC(CC1)c1[nH]c2nccc(c2c1)-c1nc(N(CCc2ccccc2)C)ccc1)C
1130,1,[NH+]1(CCC(CC1)c1[nH]c2nccc(c2c1)-c1nc(N(Cc2ccccc2)C)ccc1)C
1131,1,[NH+]1(CCC(CC1)c1[nH]c2nccc(c2c1)-c1nc(N(Cc2ccccc2)C)cnc1)C
1132,1,[NH+]1(CCC(CC1)c1[nH]c2nccc(c2c1)-c1nc(NCC2CC2)ccc1)C
1133,1,[NH+]1(CCC(CC1)c1[nH]c2nccc(c2c1)-c1nc(NCCCc2ccccc2)ccc1)C
1134,1,[NH+]1(CCC(CC1)c1[nH]c2nccc(c2c1)-c1nc(NCCc2ccccc2)ccc1)C
1135,1,[NH+]1(CCC(CC1)c1[nH]c2nccc(c2c1)-c1nc(NCc2cc3[nH]ccc3cc2)ccc1)C
1136,1,[NH+]1(CCC(CC1)c1[nH]c2nccc(c2c1)-c1nc(NCc2ccccc2)ccc1)C
1137,1,[NH+]1(CCC(CC1)c1[nH]c2nccc(c2c1)-c1nc(NCc2ccccc2)cnc1)C
1138,1,[NH+]1(CCC(CC1)c1[nH]c2nccc(c2c1)-c1nc(NCc2cccnc2)ccc1)C
1139,1,[NH+]1(CCC(CC1)c1[nH]c2nccc(c2c1)-c1nc(NCc2cccnc2)cnc1)C
1140,1,[NH+]1(CCC(CC1)c1[nH]c2nccc(c2c1)-c1nc(NCc2n[nH]cc2)ccc1)C
1141,1,[NH+]1(CCN(CC1)c1ccc(nc1)Nc1ncnc(-n2c3c(nc2)cccc3)c1)C
1142,1,[NH+]1(CCN(CC1)c1nc(ccn1)-c1c2cccnc2[nH]c1)C
1143,1,[NH+]1=C(n2ncc(c2[NH+]=C1NC1CCC([NH3+])CC1)C(C)C)NCc1ccc(cc1)-c1ncccc1
1144,0,[NH+]=1c2n(ncc2C(C)C)C(NCc2ccccc2)=CC=1NCCCCCC[NH3+]
1145,1,[NH2+]1CCC(=CC1)c1[nH]c2nccc(c2c1)-c1nc(NCc2ccccc2)cnc1
1146,1,[NH2+]1CCC(=CC1)c1[nH]c2nccc3-c4c(N(Cc1c23)C)cccc4
1147,1,[NH2+]1CCC(=CC1)c1[nH]c2nccc3-c4cccnc4N(Cc1c23)C
1148,1,[NH2+]1Cc2cc(ccc2C1)CNc1nc(ccc1)-c1c2cc([nH]c2ncc1)C1CC[NH+](CC1)C
1149,0,[NH3+]C1CCC(Nc2nc(NCc3ccccc3)c3[nH]nc(c3n2)C(C)C)CC1
1150,1,[nH]1c2nccc(c2cc1-c1ccc(N2CCNCC2)cc1)C#N
1151,1,[nH]1c2nccc(c2cc1C1CCN(CC1)C)-c1nc(N[C@@H](C)c2ccccc2)ccc1
1152,1,[nH]1c2nccc(c2cc1C1CCNCC1)-c1nc(NCCc2ccccc2)ccc1
1153,1,[nH]1c2nccc(c2cc1C1CCNCC1)-c1nc(NCc2ccccc2)cnc1
1154,1,[nH]1c2nccc(c2cc1C1CCNCC1)-c1nc(NCc2cccnc2)cnc1
1155,1,[nH]1c2nccc(c2cc1C1CCNCC1)-c1nc(NCc2ccncc2)cnc1
1156,0,[nH]1c2ncccc2cc1-c1n(nnc1)CCCc1c2cccnc2[nH]c1
1157,1,[nH]1cc(c2c1cccc2)CCNc1nc(ccn1)-c1c2cccnc2[nH]c1
1158,1,[nH]1cc(c2cc(cnc12)-c1c2c(ccc1)cccc2)-c1nc(ncc1)N
1159,1,[nH]1cc(c2cc(cnc12)-c1cc(ccc1)C)-c1nc(ncc1)N
1160,1,[nH]1cc(c2cc(cnc12)-c1ccccc1CC)-c1nc(ncc1)N
1161,1,[nH]1cc(c2cc(cnc12)-c1cccnc1)-c1nc(ncc1)N
1162,1,[nH]1cc(c2cccnc12)-c1nc(ncc1)N
1163,1,[nH]1cc(c2cccnc12)-c1nc(ncc1)N1CCCC1
1164,1,[nH]1cc(c2cccnc12)-c1nc(ncc1)N1CCCCC1
1165,1,[nH]1cc(c2cccnc12)-c1nc(ncc1)NCCc1ccccc1
1166,0,[nH]1nc(N)c(\N=N\c2ccccc2)c1N
1167,1,[nH]1nc(N)c(\N=N\c2ccncc2)c1N
1168,0,[nH]1nc(N)c2nc3c(nc12)cccc3
1169,1,[nH]1nc(c2cc(ccc12)-c1cccnc1)C
1170,0,n1-2c(ncc1C)C(=Nc1c-2cc(cc1)C)NCCN
1171,0,n1c2n(C)c(cc2c(cc1)C#N)-c1ccc(N2CCNCC2)cc1
1172,0,n1n(C)c(N)c(\N=N\c2ccncc2)c1N
1173,1,o1c2c(cc1-c1cc3c([nH]cc3-c3nc(ncc3)N)nc1)cccc2
1174,0,o1cc(c2c1cccc2)C1=C(c2c3c(n(c2)C)c(ccc3)COC)C(=O)NC1=O
1175,1,o1cc(cc1)-c1cc2c([nH]cc2-c2nc(ncc2)N)nc1
1176,0,s1c(-c2ccc(nc2)N)c(nc1NC(=O)[C@H](CC(F)(F)F)C)C
1177,1,s1c(-c2nc(ncc2)Nc2cc(N3CCC[NH2+]CC3)ccc2)c(nc1NC)C
1178,1,s1c(-c2nc(ncc2)Nc2cc(O)ccc2)c(nc1NC)CC(F)(F)F
1179,1,s1c(-c2nc(ncc2)Nc2cc(OC)c(OC)c(OC)c2)c(nc1C)C
1180,1,s1c(-c2nc(ncc2)Nc2cc(OC)c(OC)c(OC)c2)c(nc1NC)C
1181,1,s1c(-c2nc(ncc2)Nc2cc(OC)c(OC)c(OC)c2)c(nc1NCC)C
1182,1,s1c(-c2nc(ncc2)Nc2cc(S(=O)(=O)N)ccc2)c(nc1NC)C
1183,1,s1c(-c2nc(ncc2)Nc2cc(S(=O)(=O)N)ccc2)c(nc1NC)C(F)(F)F
1184,1,s1c(-c2nc(ncc2)Nc2cc(S(=O)(=O)N)ccc2)c(nc1NC)CC(F)(F)F
1185,1,s1c(-c2nc(ncc2)Nc2cc(S(=O)(=O)N3CCOCC3)c(cc2)C)c(nc1NC)C
1186,1,s1c(-c2nc(ncc2)Nc2cc([N+](=O)[O-])ccc2)c(nc1N)C
1187,1,s1c(-c2nc(ncc2)Nc2cc([N+](=O)[O-])ccc2)c(nc1NC)C
1188,1,s1c(-c2nc(ncc2)Nc2cc([N+](=O)[O-])ccc2)c(nc1NC)CC(F)(F)F
1189,1,s1c(-c2nc(ncc2)Nc2cc(ccc2)C(=O)N2CCOCC2)c(nc1NC)C
1190,1,s1c(-c2nc(ncc2)Nc2ccc(N(C)C)cc2)c(nc1C)C
1191,1,s1c(-c2nc(ncc2)Nc2ccc(N)cc2)c(nc1C)C
1192,0,s1c(-c2nc(ncc2)Nc2ccc(N3CCN(CC3)C(=O)C)cc2)c(nc1C)C
1193,1,s1c(-c2nc(ncc2)Nc2ccc(N3CCN(CC3)C(=O)C)cc2)c(nc1N)C
1194,1,s1c(-c2nc(ncc2)Nc2ccc(N3CCN(CC3)C(=O)C)cc2)c(nc1NC)C
1195,0,s1c(-c2nc(ncc2)Nc2ccc(N3CCN(S(=O)(=O)C)CC3)cc2)c(nc1C)C
1196,1,s1c(-c2nc(ncc2)Nc2ccc(N3CCOCC3)cc2)c(nc1N)C
1197,0,s1c(-c2nc(ncc2)Nc2ccc(N3CCOCC3)cc2)c(nc1NC)C
1198,1,s1c(-c2nc(ncc2)Nc2ccc(N3CCOCC3)cc2)c(nc1NCC)C
1199,1,s1c(-c2nc(ncc2)Nc2ccc(NC)cc2)c(nc1C)C
1200,1,s1c(-c2nc(ncc2)Nc2ccc(O)cc2)c(nc1NC)CC(F)(F)F
1201,1,s1c(-c2nc(ncc2)Nc2ccc(S(=O)(=O)N)cc2)c(nc1NC)C(F)(F)F
1202,1,s1c(-c2nc(ncc2)Nc2ccc(cc2)CNC(=O)C)c(nc1NCC)C
1203,1,s1c(-c2nc(ncc2)Nc2ncc(N3CCC(N)CC3)cc2)c(nc1NC1CCCC1)C
1204,1,s1c(-c2nc(ncc2)Nc2ncc(N3CCCNCC3)cc2)c(nc1NC(C)C)C
1205,1,s1c(-c2nc(ncc2)Nc2ncc(N3CCCNCC3)cc2)c(nc1NC1CCCC1)C
1206,0,s1c(-c2nc(ncc2)Nc2ncc(N3CCN(CC3)C(=O)C)cc2)c(nc1NC(C)C)C
1207,1,s1c(-c2nc(ncc2)Nc2ncc(N3CCN(CC3)C(=O)C)cc2)c(nc1NC1CCCC1)C
1208,0,s1c(-c2nc(ncc2)Nc2ncc(N3CCN(CC3)C)cc2)c(nc1N(C)C1CCCC1)C
1209,0,s1c(-c2nc(ncc2)Nc2ncc(N3CCN(CC3)C)cc2)c(nc1N(C)c1ccccc1)C
1210,1,s1c(-c2nc(ncc2)Nc2ncc(N3CCN(CC3)C)cc2)c(nc1NC(C)C)C
1211,1,s1c(-c2nc(ncc2)Nc2ncc(N3CCN(CC3)C)cc2)c(nc1NC1CCCC1)C
1212,0,s1c(-c2nc(ncc2)Nc2ncc(N3CCN(S(=O)(=O)C)CC3)cc2)c(nc1NC1CCCC1)C
1213,0,s1c(-c2nc(ncc2)Nc2ncc(N3CCNCC3)cc2)c(nc1N(C)C1CCCC1)C
1214,0,s1c(-c2nc(ncc2)Nc2ncc(N3CCNCC3)cc2)c(nc1NC(C)C)C
1215,1,s1c(-c2nc(ncc2)Nc2ncc(N3CCNCC3)cc2)c(nc1NC1CCCC1)C
1216,1,s1c(-c2nc(ncc2)Nc2ncc(N3CCNCC3)cc2)c(nc1NC1CCCC1)C(F)(F)F
1217,1,s1c(-c2nc(ncc2)Nc2ncc(N3CCNCC3)cc2)c(nc1Nc1ccccc1)C
1218,1,s1c(-c2nc(ncc2)Nc2ncc(N3CC[NH+](CC3)C)cc2)c(nc1NC1CCCC1)C(F)(F)F
1219,1,s1c(-c2nc(ncc2)Nc2ncc(N3CC[NH+](CC3)CC)cc2)c(nc1NC1CCCC1)C
1220,0,s1c(-c2nc(ncc2)Nc2ncc(cc2)C[NH+]2CC[NH+](CC2)CC)c(nc1NC1CCCC1)C
1221,1,s1c(-c2nc(ncc2C#N)Nc2cc(N3CCCCC3)ccc2)c(nc1NC)C
1222,1,s1c(-c2nc(ncc2C#N)Nc2cc(N3CCCN(CC3)C(=O)C)ccc2)c(nc1NC)C
1223,1,s1c(-c2nc(ncc2C#N)Nc2cc(N3CCC[NH2+]CC3)ccc2)c(nc1NC)C
1224,1,s1c(-c2nc(ncc2C#N)Nc2cc(N3CCN(CC3)C(=O)C)ccc2)c(nc1NC)C
1225,1,s1c(-c2nc(ncc2C#N)Nc2cc(N3CC[NH2+]CC3)ccc2)c(nc1NC)C
1226,1,s1c(-c2nc(ncc2C#N)Nc2cc(O)ccc2)c(nc1NC)C
1227,1,s1c(-c2nc(ncc2C#N)Nc2cc(S(=O)(=O)C)ccc2)c(nc1NC)C
1228,1,s1c(-c2nc(ncc2C#N)Nc2cc(S(=O)(=O)N)ccc2)c(nc1NC)C
1229,1,s1c(-c2nc(ncc2C#N)Nc2cc(S(=O)(=O)N3CCOCC3)c(cc2)C)c(nc1NC)C
1230,1,s1c(-c2nc(ncc2C#N)Nc2cc(S(=O)(=O)N3CCOCC3)ccc2)c(nc1NC)C
1231,1,s1c(-c2nc(ncc2C#N)Nc2cc(S(=O)(=O)N3CC[NH+](CC3)C)ccc2)c(nc1NC)C
1232,1,s1c(-c2nc(ncc2C#N)Nc2cc(S(=O)(=O)NCCOC)ccc2)c(nc1NC)C
1233,1,s1c(-c2nc(ncc2C#N)Nc2cc([N+](=O)[O-])ccc2)c(nc1NC)C
1234,1,s1c(-c2nc(ncc2C#N)Nc2cc(ccc2)C(=O)N2CCN(CC2)C(=O)C)c(nc1NC)C
1235,1,s1c(-c2nc(ncc2C#N)Nc2cc(ccc2)C(=O)N2CCOCC2)c(nc1NC)C
1236,1,s1c(-c2nc(ncc2C#N)Nc2cc(ccc2)C(=O)N2CC[NH+](CC2)C)c(nc1NC)C
1237,1,s1c(-c2nc(ncc2C#N)Nc2cc(ccc2)C(=O)NC2CC[NH+](CC2)C)c(nc1NC)C
1238,1,s1c(-c2nc(ncc2C#N)Nc2cc(ccc2)CC(=O)N2CCC[NH2+]CC2)c(nc1NC)C
1239,1,s1c(-c2nc(ncc2C#N)Nc2ccc(N3CCN(CC3)C(=O)C)cc2)c(nc1NC)C
1240,1,s1c(-c2nc(ncc2C#N)Nc2ccc(N3CC[NH2+]CC3)cc2)c(nc1NC)C
1241,1,s1c(-c2nc(ncc2C#N)Nc2ccc(O)cc2)c(nc1NC)C
1242,1,s1c(-c2nc(ncc2C#N)Nc2ccc(S(=O)(=O)N)cc2)c(nc1NC)C
1243,1,s1c(-c2nc(ncc2C#N)Nc2ccc(S(=O)(=O)N3CCOCC3)cc2)c(nc1NC)C
1244,1,s1c(-c2nc(ncc2C#N)Nc2ccc(cc2)C(=O)NC2CC[NH+](CC2)C)c(nc1NC)C
1245,1,s1c(-c2nc(ncc2C)Nc2cc(S(=O)(=O)N)ccc2)c(nc1NC)C
1246,1,s1c(-c2nc(ncc2CC)Nc2cc(S(=O)(=O)N)ccc2)c(nc1NC)C
1247,1,s1c(-c2nc(ncc2F)Nc2cc(N3CCC[NH2+]CC3)ccc2)c(nc1NC)C
1248,1,s1c(-c2nc(ncc2F)Nc2cc(N3CCN(CC3)C(=O)C)ccc2)c(nc1N)C
1249,1,s1c(-c2nc(ncc2F)Nc2cc(N3CCN(CC3)C(=O)C)ccc2)c(nc1NC)C
1250,1,s1c(-c2nc(ncc2F)Nc2cc(N3CCN(CC3)C)ccc2)c(nc1N)C
1251,1,s1c(-c2nc(ncc2F)Nc2cc(N3CCOCC3)ccc2)c(nc1NC)C
1252,1,s1c(-c2nc(ncc2F)Nc2cc(N3CC[NH+](CC3)C)ccc2)c(nc1NC)C
1253,1,s1c(-c2nc(ncc2F)Nc2cc(N3CC[NH2+]CC3)ccc2)c(nc1NC)C
1254,1,s1c(-c2nc(ncc2F)Nc2cc(S(=O)(=O)N)ccc2)c(nc1N)C
1255,1,s1c(-c2nc(ncc2F)Nc2cc(S(=O)(=O)N)ccc2)c(nc1NC)C
1256,1,s1c(-c2nc(ncc2F)Nc2cc(S(=O)(=O)N3CCOCC3)c(cc2)C)c(nc1NC)C
1257,1,s1c(-c2nc(ncc2F)Nc2cc(S(=O)(=O)NCCOC)ccc2)c(nc1NC)C
1258,1,s1c(-c2nc(ncc2F)Nc2cc(ccc2)C(=O)NC2CC[NH+](CC2)C)c(nc1NC)C
1259,0,s1c(-c2nc(ncc2F)Nc2ncc(N3CCC(N(C)C)CC3)cc2)c(nc1NC1CCCC1)C
1260,1,s1c(-c2nc(ncc2F)Nc2ncc(N3CCCNCC3)cc2)c(nc1NC1CCCC1)C
1261,0,s1c(-c2nc(ncc2F)Nc2ncc(N3CCN(CC3)C(=O)C)cc2)c(nc1NC1CCCC1)C
1262,1,s1c(-c2nc(ncc2F)Nc2ncc(N3CCN(CC3)C)cc2)c(nc1NC1CCCC1)C
1263,1,s1c(-c2nc(ncc2F)Nc2ncc(N3CCNCC3)cc2)c(nc1NC1CCCC1)C
1264,0,s1c(-c2nc(ncc2F)Nc2ncc(cc2)C[NH+]2CC[NH+](CC2)CC)c(nc1NC1CCCC1)C
1265,1,s1c(-c2nc(ncc2O)Nc2cc([N+](=O)[O-])ccc2)c(nc1NC)C
1266,1,s1c(C(=O)c2ccccc2[N+](=O)[O-])c(nc1Nc1ccc(S(=O)(=O)N)cc1)N
1267,1,s1c(SCc2oc(cn2)C(C)(C)C)cnc1NC(=O)C1CC(C[NH2+]C1)C
1268,0,s1c(SCc2oc(cn2)C(C)(C)C)cnc1NC(=O)C1CC([NH2+]CC1)C
1269,1,s1c(SCc2oc(cn2)C(C)(C)C)cnc1NC(=O)C1CC([NH2+]CC1)C(C)C
1270,1,s1c(SCc2oc(cn2)C(C)(C)C)cnc1NC(=O)C1CC([NH2+]CC1)CC
1271,1,s1c(SCc2oc(cn2)C(C)(C)C)cnc1NC(=O)C1CCC([NH2+]C1)C
1272,1,s1c(SCc2oc(cn2)C(C)(C)C)cnc1NC(=O)C1CCC[NH2+]C1
1273,0,s1c(SCc2oc(cn2)C(C)(C)C)cnc1NC(=O)C1CCC[NH2+]C1C
1274,1,s1c(SCc2oc(cn2)C(C)(C)C)cnc1NC(=O)C1CC[NH2+]CC1
1275,1,s1c(SCc2oc(cn2)C(C)(C)C)cnc1NC(=O)N1CC[NH2+]CC1
1276,1,s1c(SCc2oc(cn2)C(C)(C)C)cnc1NC(=O)[C@@H]1C[C@@H](CNC1)C
1277,1,s1c(SCc2oc(cn2)C(C)(C)C)cnc1NC(=O)[C@@H]1C[C@H](CNC1)C
1278,0,s1c(SCc2oc(cn2)C(C)(C)C)cnc1NC(=O)[C@H]1C[C@@H](CNC1)C
1279,0,s1c(SCc2oc(cn2)C(C)(C)C)cnc1NC(=O)[C@H]1C[C@H](CNC1)C
1280,0,s1c(SCc2oc(cn2)C(C)(C)C)cnc1NC1CCC(O)CC1
1281,1,s1c(SCc2oc(cn2)C(C)(C)C)cnc1NC1CCC([NH3+])CC1
1282,0,s1c(c(nc1NC)-c1ccccc1)-c1nc(ncc1)Nc1cc(S(=O)(=O)N2CCOCC2)c(cc1)C
1283,0,s1c(c(nc1NC)-c1ccccc1)-c1nc(ncc1)Nc1cc([N+](=O)[O-])ccc1
1284,1,s1c(c(nc1NC)C1CC1)-c1nc(ncc1)Nc1cc(N2CCC[NH2+]CC2)ccc1
1285,1,s1c(c(nc1NC)C1CC1)-c1nc(ncc1)Nc1cc(S(=O)(=O)N)ccc1
1286,1,s1c(c(nc1NC)C1CC1)-c1nc(ncc1)Nc1ccc(S(=O)(=O)N)cc1
1287,1,s1c(c2c(-c3sncc3CC2)c1Oc1ccc(nc1)C(=O)NCCOC)C(=O)N
1288,1,s1c(c2c(-c3sncc3CC2)c1SC)C(=O)N
1289,0,s1c(cnc1NC(=O)Cc1ccccc1)C(C)C
1290,1,s1c(cnc1NC)-c1nc(ncc1)Nc1cc(S(=O)(=O)N)ccc1
1291,1,s1c(cnc1NC)-c1nc(ncc1)Nc1ccc(S(=O)(=O)N)cc1
1292,0,s1c(cnc1Nc1ncc(nc1)CN1CCN(CC1)C)-c1nc(OC2CCCCC2)nc(c1)C
1293,1,s1c(cnc1Nc1ncccc1)-c1nc(OC2CCCCC2)ncc1
1294,1,s1c(cnc1Nc1ncccc1)-c1nc(OC2CCCCC2)ncc1C
1295,1,s1c(nnc1NS(=O)(=O)c1ccc(Nc2nc(ccn2)-c2c(F)c(F)ccc2OC)cc1)C
1296,1,s1c(nnc1NS(=O)(=O)c1ccc(Nc2nc(ccn2)-c2c(OC)cccc2F)cc1)C
1297,1,s1c(nnc1NS(=O)(=O)c1ccc(Nc2nc(ccn2)-c2cc(F)c(F)cc2OC)cc1)C
1298,1,s1c(nnc1NS(=O)(=O)c1ccc(Nc2nc(ccn2)-c2cc(F)ccc2OC)cc1)C
1299,1,s1c(nnc1NS(=O)(=O)c1ccc(Nc2nc(ccn2)-c2ccc(F)cc2OC)cc1)C
1300,1,s1c(nnc1NS(=O)(=O)c1ccc(Nc2nc(ccn2)-c2ccc(F)cc2OCC)cc1)C
1301,1,s1c(nnc1NS(=O)(=O)c1ccc(Nc2nc(ccn2)-c2ccc(OC)cc2OC)cc1)C
1302,1,s1c(nnc1NS(=O)(=O)c1ccc(Nc2nc(ccn2)-c2ccccc2OC)cc1)C
1303,0,s1c-2c(nc1C)CCc1c-2nc(nc1)N(C)c1cc([N+](=O)[O-])ccc1
1304,1,s1c-2c(nc1C)CCc1c-2nc(nc1)Nc1cc(O)ccc1
1305,1,s1c-2c(nc1C)CCc1c-2nc(nc1)Nc1cc([N+](=O)[O-])ccc1
1306,1,s1c-2c(nc1C)CCc1c-2nc(nc1)Nc1ccc(N(C)C)cc1
1307,1,s1c-2c(nc1C)CCc1c-2nc(nc1)Nc1ccc(N2CCOCC2)cc1
1308,1,s1c-2c(nc1C)CCc1c-2nc(nc1)Nc1ccc(O)cc1
1309,1,s1c-2c(nc1C)CCc1c-2nc(nc1)Nc1ccc(OC)nc1
1310,1,s1c-2c(nc1C)CCc1c-2nc(nc1)Nc1ccc([N+](=O)[O-])cc1
1311,0,s1c-2c(nc1C)CCc1c-2nc(nc1)Nc1ccc(cc1)C(F)(F)F
1312,1,s1c-2c(nc1C)CCc1c-2nc(nc1)Nc1ccc(cc1)C(OC)=O
1313,1,s1c-2c(nc1C)CCc1c-2nc(nc1)Nc1ccccc1
1314,1,s1c-2c(nc1N)CCc1c-2nc(nc1)Nc1cc([N+](=O)[O-])ccc1
1315,1,s1c-2c(nc1N)CCc1c-2nc(nc1)Nc1ccc(N(C)C)cc1
1316,1,s1c-2c(nc1N)CCc1c-2nc(nc1)Nc1ccccc1
1317,1,s1c2c(cc1-c1cc3c([nH]cc3-c3nc(ncc3)N)nc1)cccc2
1318,1,s1c2c\3c(NC(=O)/C/3=C\Nc3ccc(S(=O)(=O)Nc4ncccc4)cc3)ccc2nc1
1319,1,s1c2ncnc(Nc3c[nH]nc3C(=O)Nc3ccc(cc3)C[NH+]3CC[NH+](CC3)C)c2cc1
1320,1,s1cc(cc1)-c1cc2c([nH]cc2-c2nc(ncc2)N)nc1
1321,1,s1cc(cc1)-c1n2[NH+]=C(N[C@@H](CC)CO)C=Cc2nc1
1322,1,s1cc(cc1C(=O)NCC(F)(F)F)-c1c2n(nc1)C=C(C=N2)c1ccc(OCCN2CCCCC2)cc1
1323,1,s1cc(cc1C(=O)NCC(F)(F)F)-c1c2n(nc1)C=C(C=N2)c1cn(nc1)C
1324,1,s1cc(cc1C(=O)N[C@@H]1CCCC[C@@H]1N)-c1c2n(nc1)C=C(C=N2)c1cn(nc1)C
1325,1,s1cc(nc1NCC1CCOCC1)-c1cc(ncc1)NC1CCC([NH2+]CCOC)CC1
1326,1,s1cc(nc1NCC1CCOCC1)-c1cc(ncc1C)NC1CCC([NH2+]CCOC)CC1
1327,1,s1ccnc1NS(=O)(=O)c1ccc(Nc2nc(ccn2)-c2c(OC)cccc2F)cc1
1328,1,s1ccnc1NS(=O)(=O)c1ccc(Nc2nc(ccn2)-c2ccc(F)cc2OC)cc1
1329,1,s1ccnc1NS(=O)(=O)c1ccc(Nc2nc(ccn2)-c2ccc(F)cc2OCC)cc1
1330,1,s1ccnc1NS(=O)(=O)c1ccc(Nc2nc(ccn2)-c2ccccc2OC)cc1
