Smiles,Standardized_SMILES
Brc1c(Br)c(Br)c(Br)c(Br)c1Br,BrC1=C(Br)C(Br)=C(Br)C(Br)=C1Br
Cc1c(Br)c(Br)c(Br)c(Br)c1Br,CC1=C(Br)C(Br)=C(Br)C(Br)=C1Br
CCc1c(Br)c(Br)c(Br)c(Br)c1Br,CCC1=C(Br)C(Br)=C(Br)C(Br)=C1Br
Brc1ccc(Br)c(Br)c1,BrC1=CC=C(Br)C(Br)=C1
Brc1cc(Br)c(Br)cc1Br,BrC1=C(Br)C=C(Br)C(Br)=C1
Brc1cc(Br)cc(Br)c1,BrC1=CC(Br)=CC(Br)=C1
Brc1ccc(Oc2ccc(Br)cc2)cc1,BrC1=CC=C(OC2=CC=C(Br)C=C2)C=C1
Brc1ccc(cc1)c2ccc(Br)cc2,BrC1=CC=C(C2=CC=C(Br)C=C2)C=C1
BrC(Br)(Br)Br,BrC(Br)(Br)Br
BrC(c1ccccc1)(c2ccccc2)c3ccccc3,BrC(C1=CC=CC=C1)(C1=CC=CC=C1)C1=CC=CC=C1
BrC(Br)c1ccccc1C(Br)Br,BrC(Br)C1=CC=CC=C1C(Br)Br
BrC(Br)c1cccc(c1)C(Br)Br,BrC(Br)C1=CC=CC(C(Br)Br)=C1
BrC(Br)C(Br)Br,BrC(Br)C(Br)Br
BrC(=C(c1ccccc1)c2ccccc2)c3ccccc3,BrC(=C(C1=CC=CC=C1)C1=CC=CC=C1)C1=CC=CC=C1
BrC(C(Br)c1ccccc1)c2ccccc2,BrC(C1=CC=CC=C1)C(Br)C1=CC=CC=C1
BrCC(CBr)(CBr)CBr,BrCC(CBr)(CBr)CBr
BrCCCCCCCCCCBr,BrCCCCCCCCCCBr
BrCCCCCCCCCCCBr,BrCCCCCCCCCCCBr
BrCCCCCCCCCCCCBr,BrCCCCCCCCCCCCBr
CCCCCCCCCCCCCCCCBr,CCCCCCCCCCCCCCCCBr
CCCCCCCCCCCCCCCCCCBr,CCCCCCCCCCCCCCCCCCBr
Fc1c(F)c(F)c(c(F)c1F)c2c(F)c(F)c(F)c(F)c2F,FC1=C(F)C(F)=C(C2=C(F)C(F)=C(F)C(F)=C2F)C(F)=C1F
Fc1c(F)c(F)c(Sc2c(F)c(F)c(F)c(F)c2F)c(F)c1F,FC1=C(F)C(F)=C(SC2=C(F)C(F)=C(F)C(F)=C2F)C(F)=C1F
Fc1c(F)c(F)c(C(=O)c2c(F)c(F)c(F)c(F)c2F)c(F)c1F,O=C(C1=C(F)C(F)=C(F)C(F)=C1F)C1=C(F)C(F)=C(F)C(F)=C1F
OC(c1c(F)c(F)c(F)c(F)c1F)c2c(F)c(F)c(F)c(F)c2F,OC(C1=C(F)C(F)=C(F)C(F)=C1F)C1=C(F)C(F)=C(F)C(F)=C1F
Fc1c(F)c(Br)c(F)c(F)c1Br,FC1=C(F)C(Br)=C(F)C(F)=C1Br
Cc1c(F)c(F)c(c(F)c1F)c2c(F)c(F)c(C)c(F)c2F,CC1=C(F)C(F)=C(C2=C(F)C(F)=C(C)C(F)=C2F)C(F)=C1F
FC(F)(F)c1cccc(c1)C(=O)c2cccc(c2)C(F)(F)F,O=C(C1=CC(C(F)(F)F)=CC=C1)C1=CC=CC(C(F)(F)F)=C1
FC(F)(F)c1cccc(Cc2cccc(c2)C(F)(F)F)c1,FC(F)(F)C1=CC=CC(CC2=CC=CC(C(F)(F)F)=C2)=C1
FC(F)(F)C(F)(F)C(F)(F)C(F)(F)N(C(F)(F)C(F)(F)C(F)(F)C(F)(F)F)C(F)(F)C(F)(F)C(F)(F)C(F)(F)F,FC(F)(F)C(F)(F)C(F)(F)C(F)(F)N(C(F)(F)C(F)(F)C(F)(F)C(F)(F)F)C(F)(F)C(F)(F)C(F)(F)C(F)(F)F
FC(F)(F)C(F)(F)C(F)(F)C(F)(F)C(F)(F)C(F)(F)F,FC(F)(F)C(F)(F)C(F)(F)C(F)(F)C(F)(F)C(F)(F)F
Oc1ccc(cc1)C(c2ccc(O)cc2)(C(F)(F)F)C(F)(F)F,OC1=CC=C(C(C2=CC=C(O)C=C2)(C(F)(F)F)C(F)(F)F)C=C1
ClC(Cl)(Br)C(Cl)(Cl)Br,ClC(Cl)(Br)C(Cl)(Cl)Br
ClC(Cl)(Cl)c1ccc(cc1)C(Cl)(Cl)Cl,ClC(Cl)(Cl)C1=CC=C(C(Cl)(Cl)Cl)C=C1
CC(=O)NC(c1ccc(Cl)cc1)(c2ccc(Cl)cc2)C(Cl)(Cl)Cl,CC(=O)NC(C1=CC=C(Cl)C=C1)(C1=CC=C(Cl)C=C1)C(Cl)(Cl)Cl
Clc1ccc(cc1)C(c2ccc(Cl)cc2)C(Cl)(Cl)Cl,ClC1=CC=C(C(C2=CC=C(Cl)C=C2)C(Cl)(Cl)Cl)C=C1
COc1ccc(cc1)C(c2ccc(OC)cc2)C(Cl)(Cl)Cl,COC1=CC=C(C(C2=CC=C(OC)C=C2)C(Cl)(Cl)Cl)C=C1
ClC(Cl)(Cl)COP(=O)(Cl)OCC(Cl)(Cl)Cl,O=P(Cl)(OCC(Cl)(Cl)Cl)OCC(Cl)(Cl)Cl
COc1ccc(cc1)C(Cl)(c2ccccc2)c3ccccc3,COC1=CC=C(C(Cl)(C2=CC=CC=C2)C2=CC=CC=C2)C=C1
ClC(=C(c1ccc(Cl)cc1)c2ccc(Cl)cc2)Cl,ClC(Cl)=C(C1=CC=C(Cl)C=C1)C1=CC=C(Cl)C=C1
ClC(Cl)C(=O)NCCCCCCCCNC(=O)C(Cl)Cl,O=C(NCCCCCCCCNC(=O)C(Cl)Cl)C(Cl)Cl
ClC(Cl)C(c1ccc(Cl)cc1)c2ccccc2Cl,ClC1=CC=C(C(C2=CC=CC=C2Cl)C(Cl)Cl)C=C1
ClC(Cl)C(c1ccc(Cl)cc1)c2ccc(Cl)cc2,ClC1=CC=C(C(C2=CC=C(Cl)C=C2)C(Cl)Cl)C=C1
ClCc1c(Cl)c(Cl)c(CCl)c(Cl)c1Cl,ClCC1=C(Cl)C(Cl)=C(CCl)C(Cl)=C1Cl
ClCC(=O)Nc1ccc(Cl)cc1C(=O)c2ccccc2Cl,O=C(CCl)NC1=CC=C(Cl)C=C1C(=O)C1=CC=CC=C1Cl
FC(F)(F)c1ccc(Cl)c(I)c1,FC(F)(F)C1=CC=C(Cl)C(I)=C1
Ic1ccccc1I,IC1=CC=CC=C1I
Ic1ccc(I)cc1,IC1=CC=C(I)C=C1
Fc1c(F)c(I)c(F)c(F)c1I,FC1=C(F)C(I)=C(F)C(F)=C1I
Ic1ccc(cc1)c2ccc(I)cc2,IC1=CC=C(C2=CC=C(I)C=C2)C=C1
FC(F)(F)C(F)(F)C(F)(F)C(F)(F)I,FC(F)(F)C(F)(F)C(F)(F)C(F)(F)I
FC(F)(F)C(F)(F)C(F)(F)C(F)(F)C(F)(F)C(F)(F)I,FC(F)(F)C(F)(F)C(F)(F)C(F)(F)C(F)(F)C(F)(F)I
FC(F)(F)C(F)(F)C(F)(F)C(F)(F)C(F)(F)C(F)(F)C(F)(F)C(F)(F)I,FC(F)(F)C(F)(F)C(F)(F)C(F)(F)C(F)(F)C(F)(F)C(F)(F)C(F)(F)I
FC(F)(F)C(F)(F)C(F)(F)C(F)(F)C(F)(F)C(F)(F)C(F)(F)C(F)(F)C(F)(F)C(F)(F)I,FC(F)(F)C(F)(F)C(F)(F)C(F)(F)C(F)(F)C(F)(F)C(F)(F)C(F)(F)C(F)(F)C(F)(F)I
FC(F)(F)C(F)(F)C(F)(F)C(F)(F)C(F)(F)C(F)(F)C(F)(F)C(F)(F)C(F)(F)C(F)(F)C(F)(F)C(F)(F)I,FC(F)(F)C(F)(F)C(F)(F)C(F)(F)C(F)(F)C(F)(F)C(F)(F)C(F)(F)C(F)(F)C(F)(F)C(F)(F)C(F)(F)I
IC(I)(I)I,IC(I)(I)I
IC(I)I,IC(I)I
IC(=C(I)I)I,IC(I)=C(I)I
ICCCCCCCCCCI,ICCCCCCCCCCI
CCCCCCCCCCCCCCCCI,CCCCCCCCCCCCCCCCI
CCCCCCCCCCCCCCCCCCI,CCCCCCCCCCCCCCCCCCI
ICCCCI,ICCCCI
ICCCCCI,ICCCCCI
ICCCCCCI,ICCCCCCI
ICCCCCCCCI,ICCCCCCCCI
c1ccc2c(c1)C(C3c4ccccc4c5ccccc35)c6ccccc26,C1=CC=C2C(=C1)C1=CC=CC=C1C2C1C2=CC=CC=C2C2=CC=CC=C21
c1ccc(cc1)C(=C2c3ccccc3c4ccccc24)C5c6ccccc6c7ccccc57,C1=CC=C(C(=C2C3=CC=CC=C3C3=CC=CC=C23)C2C3=CC=CC=C3C3=CC=CC=C32)C=C1
Cc1cc(C)c(c(C)c1Nc2ccc(Nc3c(C)cc(C)c(c3C)S(=O)(=O)O)c4C(=O)c5ccccc5C(=O)c24)S(=O)(=O)O,CC1=CC(C)=C(S(=O)(=O)O)C(C)=C1NC1=CC=C(NC2=C(C)C=C(C)C(S(=O)(=O)O)=C2C)C2=C1C(=O)C1=CC=CC=C1C2=O
Cc1ccc(Nc2ccc(Nc3ccc(C)cc3S(=O)(=O)O)c4C(=O)c5ccccc5C(=O)c24)c(c1)S(=O)(=O)O,CC1=CC=C(NC2=CC=C(NC3=CC=C(C)C=C3S(=O)(=O)O)C3=C2C(=O)C2=CC=CC=C2C3=O)C(S(=O)(=O)O)=C1
Cc1ccc(Nc2cccc3C(=O)c4c(Nc5ccc(C)cc5S(=O)(=O)O)cccc4C(=O)c23)c(c1)S(=O)(=O)O,CC1=CC=C(NC2=CC=CC3=C2C(=O)C2=CC=CC(NC4=CC=C(C)C=C4S(=O)(=O)O)=C2C3=O)C(S(=O)(=O)O)=C1
Cc1ccc(Nc2ccc(Nc3ccc(C)cc3)c4C(=O)c5ccccc5C(=O)c24)cc1,CC1=CC=C(NC2=CC=C(NC3=CC=C(C)C=C3)C3=C2C(=O)C2=CC=CC=C2C3=O)C=C1
CCCCc1ccc(Nc2ccc(Nc3ccc(CCCC)cc3S(=O)(=O)O)c4C(=O)c5ccccc5C(=O)c24)c(c1)S(=O)(=O)O,CCCCC1=CC=C(NC2=CC=C(NC3=CC=C(CCCC)C=C3S(=O)(=O)O)C3=C2C(=O)C2=CC=CC=C2C3=O)C(S(=O)(=O)O)=C1
CCCCCNc1ccc(NCCCCC)c2C(=O)c3ccccc3C(=O)c12,CCCCCNC1=CC=C(NCCCCC)C2=C1C(=O)C1=CC=CC=C1C2=O
OC(=O)CN(CC(=O)O)Cc1cc2C(=O)c3ccccc3C(=O)c2c(O)c1O,O=C(O)CN(CC(=O)O)CC1=CC2=C(C(=O)C3=CC=CC=C3C2=O)C(O)=C1O
Nc1c2C(=O)c3ccccc3C(=O)c2c(Nc4ccccc4)cc1S(=O)(=O)O,NC1=C2C(=O)C3=CC=CC=C3C(=O)C2=C(NC2=CC=CC=C2)C=C1S(=O)(=O)O
Nc1c2C(=O)c3ccccc3C(=O)c2c(Nc4cccc(c4)S(=O)(=O)CCOS(=O)(=O)O)cc1S(=O)(=O)O,NC1=C2C(=O)C3=CC=CC=C3C(=O)C2=C(NC2=CC=CC(S(=O)(=O)CCOS(=O)(=O)O)=C2)C=C1S(=O)(=O)O
CC(=O)Nc1ccc(Nc2cc(c(N)c3C(=O)c4ccccc4C(=O)c23)S(=O)(=O)O)cc1,CC(=O)NC1=CC=C(NC2=CC(S(=O)(=O)O)=C(N)C3=C2C(=O)C2=CC=CC=C2C3=O)C=C1
CN(C(=O)C)c1ccc(Nc2cc(c(N)c3C(=O)c4ccccc4C(=O)c23)S(=O)(=O)O)cc1,CC(=O)N(C)C1=CC=C(NC2=CC(S(=O)(=O)O)=C(N)C3=C2C(=O)C2=CC=CC=C2C3=O)C=C1
Nc1c2C(=O)c3ccccc3C(=O)c2c(Nc4ccc(c(Nc5nc(Cl)nc(Cl)n5)c4)S(=O)(=O)O)cc1S(=O)(=O)O,NC1=C2C(=O)C3=CC=CC=C3C(=O)C2=C(NC2=CC=C(S(=O)(=O)O)C(NC3=NC(Cl)=NC(Cl)=N3)=C2)C=C1S(=O)(=O)O
Cc1cc(Br)c2C(=O)c3ccccc3C(=O)c2c1N,CC1=CC(Br)=C2C(=O)C3=CC=CC=C3C(=O)C2=C1N
OS(=O)(=O)c1ccc2C(=O)c3ccccc3C(=O)c2c1,O=C1C2=CC=CC=C2C(=O)C2=CC(S(=O)(=O)O)=CC=C12
OS(=O)(=O)c1ccc2C(=O)c3cc(ccc3C(=O)c2c1)S(=O)(=O)O,O=C1C2=CC=C(S(=O)(=O)O)C=C2C(=O)C2=CC=C(S(=O)(=O)O)C=C12
O=C1c2ccccc2C(=C3c4ccccc4C(=O)c5ccccc35)c6ccccc16,O=C1C2=CC=CC=C2C(=C2C3=CC=CC=C3C(=O)C3=CC=CC=C23)C2=CC=CC=C12
Brc1c2ccccc2c(Br)c3ccccc13,BrC1=C2C=CC=CC2=C(Br)C2=CC=CC=C12
c1ccc(cc1)c2c3ccccc3c(c4ccccc4)c5ccccc25,C1=CC=C(C2=C3C=CC=CC3=C(C3=CC=CC=C3)C3=CC=CC=C23)C=C1
C1C(=C(C(=C1c2ccccc2)c3ccccc3)c4ccccc4)c5ccccc5,C1=CC=C(C2=C(C3=CC=CC=C3)C(C3=CC=CC=C3)=C(C3=CC=CC=C3)C2)C=C1
O=C1C(=C(C(=C1c2ccccc2)c3ccccc3)c4ccccc4)c5ccccc5,O=C1C(C2=CC=CC=C2)=C(C2=CC=CC=C2)C(C2=CC=CC=C2)=C1C1=CC=CC=C1
FC(F)(F)C1(F)C(F)(F)C(F)(F)C(F)(F)C(F)(F)C1(F)F,FC(F)(F)C1(F)C(F)(F)C(F)(F)C(F)(F)C(F)(F)C1(F)F
FC(F)(F)C1(F)C(F)(F)C(F)(F)C(F)(F)C(F)(C(F)(F)F)C1(F)F,FC(F)(F)C1(F)C(F)(F)C(F)(F)C(F)(F)C(F)(C(F)(F)F)C1(F)F
C\C(=C/C=C/C(=C/C(=O)O)/C)\C=C\C1=C(C)CCCC1(C)C,CC1=C(/C=C/C(C)=C/C=C/C(C)=C/C(=O)O)C(C)(C)CCC1
C\C(=C/C=C/C=C(\C)/C=C/C=C(\C)/C=C/C1=C(C)CCCC1(C)C)\C=C\C=C(/C)\C=C\C2=C(C)CCCC2(C)C,CC1=C(/C=C/C(C)=C/C=C/C(C)=C/C=C/C=C(C)/C=C/C=C(C)/C=C/C2=C(C)CCCC2(C)C)C(C)(C)CCC1
BrC1=CC(Br)(Br)C=C(Br)C1=O,O=C1C(Br)=CC(Br)(Br)C=C1Br
Oc1c(Cl)cc(cc1Br)\C(=C/2\C=C(Cl)C(=O)C(=C2)Br)\c3ccccc3S(=O)(=O)O,O=C1C(Cl)=C/C(=C(/C2=CC(Cl)=C(O)C(Br)=C2)C2=CC=CC=C2S(=O)(=O)O)C=C1Br
CC1=C\C(=C(/c2cc(C)c(O)c(c2)C(=O)O)\c3c(Cl)ccc(c3Cl)S(=O)(=O)O)\C=C(C(=O)O)C1=O,CC1=C/C(=C(\C2=CC(C)=C(O)C(C(=O)O)=C2)C2=C(Cl)C=CC(S(=O)(=O)O)=C2Cl)C=C(C(=O)O)C1=O
CC(C)(C)C1=CC(=Cc2cc(c(O)c(c2)C(C)(C)C)C(C)(C)C)C=C(C1=O)C(C)(C)C,CC(C)(C)C1=CC(=CC2=CC(C(C)(C)C)=C(O)C(C(C)(C)C)=C2)C=C(C(C)(C)C)C1=O
CC(C)C1=C\C(=C(\c2cc(C(C)C)c(O)cc2C)/c3ccccc3S(=O)(=O)O)\C(=CC1=O)C,CC1=CC(=O)C(C(C)C)=C/C1=C(/C1=CC(C(C)C)=C(O)C=C1C)C1=CC=CC=C1S(=O)(=O)O
CC1=C\C(=C(\c2ccc(O)c(C)c2)/c3ccccc3S(=O)(=O)O)\C=CC1=O,CC1=C/C(=C(/C2=CC=C(O)C(C)=C2)C2=CC=CC=C2S(=O)(=O)O)C=CC1=O
Nc1ccc(cc1)C(=C2C=CC(=N)C=C2)c3ccc(N)cc3,N=C1C=CC(=C(C2=CC=C(N)C=C2)C2=CC=C(N)C=C2)C=C1
CC(C)CCCC(C)CCCC(C)CCC\C(=C\CC1=C(C)C(=O)c2ccccc2C1=O)\C,CC1=C(C/C=C(\C)CCCC(C)CCCC(C)CCCC(C)C)C(=O)C2=CC=CC=C2C1=O
OC(=O)C1=C\C(=C(/c2ccccc2)\c3cc(C(=O)O)c(O)c4ccccc34)\c5ccccc5C1=O,O=C(O)C1=C/C(=C(\C2=CC=CC=C2)C2=CC(C(=O)O)=C(O)C3=CC=CC=C23)C2=CC=CC=C2C1=O
NC(=N)NCCCC(NC(=O)OCc1ccccc1)C(=O)O,N=C(N)NCCCC(NC(=O)OCC1=CC=CC=C1)C(=O)O
BrCCC(C#N)(c1ccccc1)c2ccccc2,N#CC(CCBr)(C1=CC=CC=C1)C1=CC=CC=C1
CCCCCCCCP(=O)(CCCCCCCC)CCCCCCCC,CCCCCCCCP(=O)(CCCCCCCC)CCCCCCCC
Oc1c(Br)c(Br)c(Br)c(Br)c1Br,OC1=C(Br)C(Br)=C(Br)C(Br)=C1Br
Cc1c(O)c(Br)c(Br)c(Br)c1Br,CC1=C(O)C(Br)=C(Br)C(Br)=C1Br
Oc1c(Br)cc(Br)cc1Br,OC1=C(Br)C=C(Br)C=C1Br
Oc1c(Cl)cc(Cl)c(Cl)c1Cc2c(O)c(Cl)cc(Cl)c2Cl,OC1=C(Cl)C=C(Cl)C(Cl)=C1CC1=C(O)C(Cl)=CC(Cl)=C1Cl
CC(C)(c1cc(Cl)c(O)c(Cl)c1)c2cc(Cl)c(O)c(Cl)c2,CC(C)(C1=CC(Cl)=C(O)C(Cl)=C1)C1=CC(Cl)=C(O)C(Cl)=C1
Oc1c(I)cc(I)cc1I,OC1=C(I)C=C(I)C=C1I
CC(=O)NC(Cc1ccccc1)C(=O)NC(Cc2cc(I)c(O)c(I)c2)C(=O)O,CC(=O)NC(CC1=CC=CC=C1)C(=O)NC(CC1=CC(I)=C(O)C(I)=C1)C(=O)O
Oc1c(O)c(Br)c(Br)c(Br)c1Br,OC1=C(O)C(Br)=C(Br)C(Br)=C1Br
CC(Cc1ccc(O)c(O)c1)C(C)Cc2ccc(O)c(O)c2,CC(CC1=CC=C(O)C(O)=C1)C(C)CC1=CC=C(O)C(O)=C1
Oc1ccccc1\C=N\CCCCCC\N=C\c2ccccc2O,OC1=CC=CC=C1/C=N/CCCCCC/N=C/C1=CC=CC=C1O
CCCCCCCCCCCCCCCc1cc(O)cc(O)c1,CCCCCCCCCCCCCCCC1=CC(O)=CC(O)=C1
CCCCCCCCCCCCCCCc1cccc(O)c1,CCCCCCCCCCCCCCCC1=CC=CC(O)=C1
Oc1ccc(cc1)C(c2ccccc2)(c3ccccc3)c4ccccc4,OC1=CC=C(C(C2=CC=CC=C2)(C2=CC=CC=C2)C2=CC=CC=C2)C=C1
Oc1ccc(cc1)C(C(c2ccc(O)cc2)c3ccc(O)cc3)c4ccc(O)cc4,OC1=CC=C(C(C2=CC=C(O)C=C2)C(C2=CC=C(O)C=C2)C2=CC=C(O)C=C2)C=C1
OC(=O)c1cc(I)cc(I)c1I,O=C(O)C1=CC(I)=CC(I)=C1I
OC(=O)c1cc(I)cc(I)c1O,O=C(O)C1=CC(I)=CC(I)=C1O
OC(=O)c1cc(I)cc(I)c1O,O=C(O)C1=CC(I)=CC(I)=C1O
OC(=O)c1c(C(=O)O)c(C(=O)O)c(C(=O)O)c(C(=O)O)c1C(=O)O,O=C(O)C1=C(C(=O)O)C(C(=O)O)=C(C(=O)O)C(C(=O)O)=C1C(=O)O
CCCCCCCCCCCCOc1ccc(cc1)C(=O)O,CCCCCCCCCCCCOC1=CC=C(C(=O)O)C=C1
CCCCCCCCCCCCCCCCOc1ccc(cc1)C(=O)O,CCCCCCCCCCCCCCCCOC1=CC=C(C(=O)O)C=C1
NC(Cc1cc(I)c(Oc2ccc(O)c(I)c2)c(I)c1)C(=O)O,NC(CC1=CC(I)=C(OC2=CC=C(O)C(I)=C2)C(I)=C1)C(=O)O
NC(Cc1cc(I)c(Oc2ccc(O)c(I)c2)c(I)c1)C(=O)O,NC(CC1=CC(I)=C(OC2=CC=C(O)C(I)=C2)C(I)=C1)C(=O)O
NC(Cc1ccc(O)c(I)c1)C(=O)O,NC(CC1=CC=C(O)C(I)=C1)C(=O)O
NC(CSC(c1ccccc1)(c2ccccc2)c3ccccc3)C(=O)O,NC(CSC(C1=CC=CC=C1)(C1=CC=CC=C1)C1=CC=CC=C1)C(=O)O
NC(CCC(=O)NC(CS)C(=O)NCC(=O)O)C(=O)O,NC(CCC(=O)NC(CS)C(=O)NCC(=O)O)C(=O)O
CCCCCCCCCCCCCCCCC(C(=O)O)C(O)(CC(=O)O)C(=O)O,CCCCCCCCCCCCCCCCC(C(=O)O)C(O)(CC(=O)O)C(=O)O
OC(=O)CNC(=O)c1ccccc1I,O=C(O)CNC(=O)C1=CC=CC=C1I
OC(=O)CC(c1ccccc1)(c2ccccc2)c3ccccc3,O=C(O)CC(C1=CC=CC=C1)(C1=CC=CC=C1)C1=CC=CC=C1
CCCCCCCC\C=C\CCCCCCCCCCCC(=O)O,CCCCCCCC/C=C/CCCCCCCCCCCC(=O)O
CCCCCCCCCCCCCCCCCCCC(=O)O,CCCCCCCCCCCCCCCCCCCC(=O)O
OC(=O)CCN(CCN(CCC(=O)O)CC(=O)O)CC(=O)O,O=C(O)CCN(CCN(CCC(=O)O)CC(=O)O)CC(=O)O
CCCCCCCCCCCCCCCCCCCCC(=O)O,CCCCCCCCCCCCCCCCCCCCC(=O)O
OC(=O)CCCCCCCCCCCCCCCCCCCCC(=O)O,O=C(O)CCCCCCCCCCCCCCCCCCCCC(=O)O
CCCCCCCCCCCCCCCCCCCCCC(=O)O,CCCCCCCCCCCCCCCCCCCCCC(=O)O
CCCCCCCCCCCCCCCCCCCCCCC(=O)O,CCCCCCCCCCCCCCCCCCCCCCC(=O)O
OC(=O)CCCCCCCCCCCCCCCCCCCCCCC(=O)O,O=C(O)CCCCCCCCCCCCCCCCCCCCCCC(=O)O
CCCCCCCCCCCCCCCCCCCCCCCC(=O)O,CCCCCCCCCCCCCCCCCCCCCCCC(=O)O
CCCCCCCCCCCCCCCCCCCCCCCCCC(=O)O,CCCCCCCCCCCCCCCCCCCCCCCCCC(=O)O
CCCCCCCCCCCCCCCCCCCCCCCCCCCC(=O)O,CCCCCCCCCCCCCCCCCCCCCCCCCCCC(=O)O
CCCCCCCCCCCCCCCCCCCCCCCCCCCCCC(=O)O,CCCCCCCCCCCCCCCCCCCCCCCCCCCCCC(=O)O
CCCCCCCCCCCCCCCCCCCCCCO,CCCCCCCCCCCCCCCCCCCCCCO
CCCCCCCCCCCCCCCCCCCCCCCCCCO,CCCCCCCCCCCCCCCCCCCCCCCCCCO
CCCCCCCCCCCCCCCCCCCCCCCCCCCCCCO,CCCCCCCCCCCCCCCCCCCCCCCCCCCCCCO
N(c1ccccc1)c2ccc(cc2)c3ccc(Nc4ccccc4)cc3,C1=CC=C(NC2=CC=C(C3=CC=C(NC4=CC=CC=C4)C=C3)C=C2)C=C1
O=P(Oc1ccccc1)(Oc2ccccc2)Oc3ccccc3,O=P(OC1=CC=CC=C1)(OC1=CC=CC=C1)OC1=CC=CC=C1
O(P(Oc1ccccc1)Oc2ccccc2)c3ccccc3,C1=CC=C(OP(OC2=CC=CC=C2)OC2=CC=CC=C2)C=C1
c1ccc(cc1)P(P(c2ccccc2)c3ccccc3)c4ccccc4,C1=CC=C(P(C2=CC=CC=C2)P(C2=CC=CC=C2)C2=CC=CC=C2)C=C1
c1ccc(cc1)P(C#CP(c2ccccc2)c3ccccc3)c4ccccc4,C(#CP(C1=CC=CC=C1)C1=CC=CC=C1)P(C1=CC=CC=C1)C1=CC=CC=C1
C(=C/P(c1ccccc1)c2ccccc2)/P(c3ccccc3)c4ccccc4,C(=C\P(C1=CC=CC=C1)C1=CC=CC=C1)\P(C1=CC=CC=C1)C1=CC=CC=C1
C(CP(c1ccccc1)c2ccccc2)P(c3ccccc3)c4ccccc4,C1=CC=C(P(CCP(C2=CC=CC=C2)C2=CC=CC=C2)C2=CC=CC=C2)C=C1
C(CP(c1ccccc1)c2ccccc2)P(CCP(c3ccccc3)c4ccccc4)c5ccccc5,C1=CC=C(P(CCP(C2=CC=CC=C2)C2=CC=CC=C2)CCP(C2=CC=CC=C2)C2=CC=CC=C2)C=C1
C(CP(CCP(c1ccccc1)c2ccccc2)c3ccccc3)P(CCP(c4ccccc4)c5ccccc5)c6ccccc6,C1=CC=C(P(CCP(CCP(C2=CC=CC=C2)C2=CC=CC=C2)C2=CC=CC=C2)CCP(C2=CC=CC=C2)C2=CC=CC=C2)C=C1
C(CP(c1ccccc1)c2ccccc2)CP(c3ccccc3)c4ccccc4,C1=CC=C(P(CCCP(C2=CC=CC=C2)C2=CC=CC=C2)C2=CC=CC=C2)C=C1
C(CCP(c1ccccc1)c2ccccc2)CP(c3ccccc3)c4ccccc4,C1=CC=C(P(CCCCP(C2=CC=CC=C2)C2=CC=CC=C2)C2=CC=CC=C2)C=C1
C(CCP(c1ccccc1)c2ccccc2)CCP(c3ccccc3)c4ccccc4,C1=CC=C(P(CCCCCP(C2=CC=CC=C2)C2=CC=CC=C2)C2=CC=CC=C2)C=C1
C(CCCP(c1ccccc1)c2ccccc2)CCP(c3ccccc3)c4ccccc4,C1=CC=C(P(CCCCCCP(C2=CC=CC=C2)C2=CC=CC=C2)C2=CC=CC=C2)C=C1
c1ccc(cc1)c2cccc(c3ccccc3)c2c4ccccc4,C1=CC=C(C2=CC=CC(C3=CC=CC=C3)=C2C2=CC=CC=C2)C=C1
c1ccc(cc1)c2c(c3ccccc3)c(c4ccccc4)c(c5ccccc5)c(c6ccccc6)c2c7ccccc7,C1=CC=C(C2=C(C3=CC=CC=C3)C(C3=CC=CC=C3)=C(C3=CC=CC=C3)C(C3=CC=CC=C3)=C2C2=CC=CC=C2)C=C1
c1ccc(cc1)c2cc(cc(c2)c3ccccc3)c4ccccc4,C1=CC=C(C2=CC(C3=CC=CC=C3)=CC(C3=CC=CC=C3)=C2)C=C1
c1ccc(cc1)c2ccc(cc2)c3ccc(cc3)c4ccccc4,C1=CC=C(C2=CC=C(C3=CC=C(C4=CC=CC=C4)C=C3)C=C2)C=C1
C(=C\c1ccc(cc1)c2ccccc2)/c3ccc(cc3)c4ccccc4,C(=C/C1=CC=C(C2=CC=CC=C2)C=C1)\C1=CC=C(C2=CC=CC=C2)C=C1
CC(C)(C)c1ccc(cc1)c2oc(nn2)c3ccc(cc3)c4ccccc4,CC(C)(C)C1=CC=C(C2=NN=C(C3=CC=C(C4=CC=CC=C4)C=C3)O2)C=C1
OP(=O)(O)OP(=O)(O)OP(=O)(O)O,O=P(O)(O)OP(=O)(O)OP(=O)(O)O
C(P(c1ccccc1)c2ccccc2)P(c3ccccc3)c4ccccc4,C1=CC=C(P(CP(C2=CC=CC=C2)C2=CC=CC=C2)C2=CC=CC=C2)C=C1
CC(N)C(=O)NC(C)C(=O)NC(C)C(=O)NC(C)C(=O)O,CC(N)C(=O)NC(C)C(=O)NC(C)C(=O)NC(C)C(=O)O
CC(C)CCCC(C)C1CCC2C3CC(=O)C4CC(O)CCC4(C)C3CCC12C,CC(C)CCCC(C)C1CCC2C3CC(=O)C4CC(O)CCC4(C)C3CCC12C
CN1C(=O)c2ccccc2C13c4ccccc4CCc5ccccc35,CN1C(=O)C2=CC=CC=C2C12C1=CC=CC=C1CCC1=CC=CC=C12
CC12CC(=O)C3C(CCC4=CC(=O)CCC34C)C1CCC2=O,CC12CC(=O)C3C(CCC4=CC(=O)CCC43C)C1CCC2=O
CC12CCC(O)CC1CCC3C4CCC(=O)C4(C)CC(=O)C23,CC12CC(=O)C3C(CCC4CC(O)CCC43C)C1CCC2=O
CC12CC(=O)C3C(CCC4=CC(=O)C=CC34C)C1CCC2(O)C(=O)CO,CC12C=CC(=O)C=C1CCC1C2C(=O)CC2(C)C1CCC2(O)C(=O)CO
CC12CCC(=O)C=C1CCC3C4CCC(O)(C(=O)CO)C4(C)CC(=O)C23,CC12CCC(=O)C=C1CCC1C2C(=O)CC2(C)C1CCC2(O)C(=O)CO
COCOC1CCC2(C)C3CCC4(C)C(CCC4=O)C3CC=C2C1,COCOC1CCC2(C)C(=CCC3C4CCC(=O)C4(C)CCC32)C1
CC12CCC3C(CCC4=CC(=O)CCC34CO)C1CCC2=O,CC12CCC3C(CCC4=CC(=O)CCC43CO)C1CCC2=O
CC12CCC(O)CC1CCC3C4CCC(=O)C4(C)CC(O)C23,CC12CC(O)C3C(CCC4CC(O)CCC43C)C1CCC2=O
CC(CCC(=O)O)C1CCC2=C3CCC4CC(O)CCC4(C)C3CC(O)C12C,CC(CCC(=O)O)C1CCC2=C3CCC4CC(O)CCC4(C)C3CC(O)C21C
CC(C)C(C)\C=C\C(C)C1CCC2C3=CC=C4CC(O)CCC4(C)C3CCC12C,CC(C)C(C)/C=C/C(C)C1CCC2C3=CC=C4CC(O)CCC4(C)C3CCC21C
CC(C)CCCC(C)C1CCC2C3=CC=C4CC(O)CCC4(C)C3CCC12C,CC(C)CCCC(C)C1CCC2C3=CC=C4CC(O)CCC4(C)C3CCC21C
CC(C)CCCC(C)(O)C1CCC2C3CC=C4CC(O)CCC4(C)C3CCC12C,CC(C)CCCC(C)(O)C1CCC2C3CC=C4CC(O)CCC4(C)C3CCC21C
CCC(\C=C\C(C)C1CCC2C3CC=C4CC(O)CCC4(C)C3CCC12C)C(C)C,CCC(/C=C/C(C)C1CCC2C3CC=C4CC(O)CCC4(C)C3CCC12C)C(C)C
CCC(CCC(C)C1CCC2C3CC=C4CC(O)CCC4(C)C3CCC12C)C(C)C,CCC(CCC(C)C1CCC2C3CC=C4CC(O)CCC4(C)C3CCC12C)C(C)C
CC(C)CCCC(C)C1CCC2C3CC=C4CC(Cl)CCC4(C)C3CCC12C,CC(C)CCCC(C)C1CCC2C3CC=C4CC(Cl)CCC4(C)C3CCC12C
CC(C)CCCC(C)C1CCC2C3CC=C4CC(CCC4(C)C3CCC12C)OC(=O)Cl,CC(C)CCCC(C)C1CCC2C3CC=C4CC(OC(=O)Cl)CCC4(C)C3CCC12C
CCCCCCCC\C=C/CCCCCCCCOC(=O)OC1CCC2(C)C3CCC4(C)C(CCC4C3CC=C2C1)C(C)CCCC(C)C,CCCCCCCC/C=C\CCCCCCCCOC(=O)OC1CCC2(C)C(=CCC3C2CCC2(C)C(C(C)CCCC(C)C)CCC32)C1
CC(C)CCCC(C)C1CCC2C3CC=C4CC(O)CCC4(C)C3CCC12C,CC(C)CCCC(C)C1CCC2C3CC=C4CC(O)CCC4(C)C3CCC12C
CC(C)CCCC(C)C1CCC2C3CC=C4CC(S)CCC4(C)C3CCC12C,CC(C)CCCC(C)C1CCC2C3CC=C4CC(S)CCC4(C)C3CCC12C
CC12CC(O)C3C(CCC4=CC(=O)C=CC34C)C1CCC2(O)C(=O)CO,CC12C=CC(=O)C=C1CCC1C2C(O)CC2(C)C1CCC2(O)C(=O)CO
CC1(O)CCC2C3CCC4=CC(=O)C=CC4(C)C3CCC12C,CC12C=CC(=O)C=C1CCC1C2CCC2(C)C1CCC2(C)O
CC1(O)CCC2C3CCC4=CC(=O)CCC4(C)C3CCC12C,CC12CCC(=O)C=C1CCC1C2CCC2(C)C1CCC2(C)O
CC12CCC(=O)C=C1CCC3C2CCC4(C)C3CCC4(O)C#C,C#CC1(O)CCC2C3CCC4=CC(=O)CCC4(C)C3CCC21C
CC12CCC3C(CCC4=CC(=O)CCC34C)C1CCC2C(=O)CO,CC12CCC(=O)C=C1CCC1C2CCC2(C)C(C(=O)CO)CCC12
CC12CCC(=O)C=C1CCC3C2CCC4(C)C3CCC4(O)C(=O)CO,CC12CCC(=O)C=C1CCC1C2CCC2(C)C1CCC2(O)C(=O)CO
CC(C)CCCC(C)C1CCC2C3CCC4=CC(=O)CCC4(C)C3CCC12C,CC(C)CCCC(C)C1CCC2C3CCC4=CC(=O)CCC4(C)C3CCC12C
CC12CCC(O)CC1CCC3C4CCC(O)(C(=O)CO)C4(C)CC(O)C23,CC12CCC(O)CC1CCC1C2C(O)CC2(C)C1CCC2(O)C(=O)CO
CC(CCC(=O)NCCS(=O)(=O)O)C1CCC2C3CCC4CC(O)CCC4(C)C3CC(O)C12C,CC(CCC(=O)NCCS(=O)(=O)O)C1CCC2C3CCC4CC(O)CCC4(C)C3CC(O)C12C
CC(CCC(=O)O)C1CCC2C3C(O)CC4CC(O)CCC4(C)C3CC(O)C12C,CC(CCC(=O)O)C1CCC2C3C(O)CC4CC(O)CCC4(C)C3CC(O)C12C
CC(CCC(=O)O)C1CCC2C3CCC4CC(O)CCC4(C)C3CC(O)C12C,CC(CCC(=O)O)C1CCC2C3CCC4CC(O)CCC4(C)C3CC(O)C12C
CC(O)C1(O)CCC2C3CCC4CC(O)CCC4(C)C3CCC12C,CC(O)C1(O)CCC2C3CCC4CC(O)CCC4(C)C3CCC21C
CC(O)C1CCC2C3CCC4CC(O)CCC4(C)C3CCC12C,CC(O)C1CCC2C3CCC4CC(O)CCC4(C)C3CCC12C
CC(CCC(=O)O)C1CCC2C3C(O)CC4CC(O)CCC4(C)C3CCC12C,CC(CCC(=O)O)C1CCC2C3C(O)CC4CC(O)CCC4(C)C3CCC12C
CC(CCC(=O)O)C1CCC2C3CC(O)C4CC(O)CCC4(C)C3CCC12C,CC(CCC(=O)O)C1CCC2C3CC(O)C4CC(O)CCC4(C)C3CCC12C
CC(CCC(=O)O)C1CCC2C3CCC4CC(O)CCC4(C)C3CCC12C,CC(CCC(=O)O)C1CCC2C3CCC4CC(O)CCC4(C)C3CCC12C
COc1ccc2C3CCC4(C)C(CCC4(O)C#C)C3CCc2c1,C#CC1(O)CCC2C3CCC4=CC(OC)=CC=C4C3CCC21C
CN(C)C1C2C(O)C3C(=C(O)C2(O)C(=O)C(=C1O)C(=O)N)C(=O)c4c(O)cccc4C3(C)O,CN(C)C1C(O)=C(C(N)=O)C(=O)C2(O)C(O)=C3C(=O)C4=C(O)C=CC=C4C(C)(O)C3C(O)C12
c1ccc(cc1)c2c3ccccc3c(c4ccccc4)c5c(c6ccccc6)c7ccccc7c(c8ccccc8)c25,C1=CC=C(C2=C3C(C4=CC=CC=C4)=C4C=CC=CC4=C(C4=CC=CC=C4)C3=C(C3=CC=CC=C3)C3=CC=CC=C23)C=C1
c1cc2c3c4c5cccc6cccc(c4c7c8cccc9cccc(c7c3c%10cccc(c1)c2%10)c89)c56,C1=CC2=C3C(=C1)C=CC=C3C1=C3C4=C5C(=CC=C4)C=CC=C5C3=C3C4=CC=CC5=C4C(=CC=C5)C3=C21
CC1(C)C(O)CCC2(C)C1CCC3(C)C2C(=O)C=C4C5CC(C)(CCC5(C)CCC34C)C(=O)O,CC1(C(=O)O)CCC2(C)CCC3(C)C(=CC(=O)C4C5(C)CCC(O)C(C)(C)C5CCC43C)C2C1
O=C1c2cc3ccccc3cc2C(=O)c4cc5ccccc5cc14,O=C1C2=CC3=CC=CC=C3C=C2C(=O)C2=CC3=CC=CC=C3C=C12
BrC1CCC(Br)C(Br)CCC(Br)C(Br)CCC1Br,BrC1CCC(Br)C(Br)CCC(Br)C(Br)CCC1Br
CC1(C)C2CCC1(C)C(=O)C2C(=O)C(F)(F)C(F)(F)C(F)(F)F,CC12CCC(C(C(=O)C(F)(F)C(F)(F)C(F)(F)F)C1=O)C2(C)C
N\N=C/1\C(C(=O)C(c2ccccc2)c3ccccc3)C(=O)c4ccccc14,N/N=C1\C2=CC=CC=C2C(=O)C1C(=O)C(C1=CC=CC=C1)C1=CC=CC=C1
c1ccc2c(c1)c3ccc4c5ccc6c7ccccc7c8ccc(c9ccc2c3c49)c5c68,C1=CC=C2C(=C1)C1=CC=C3C4=CC=C5C6=CC=CC=C6C6=CC=C(C7=CC=C2C1=C37)C4=C56
FC1(F)C(F)(F)C(F)(F)C(F)(F)C(F)(F)C1(F)F,FC1(F)C(F)(F)C(F)(F)C(F)(F)C(F)(F)C1(F)F
OC(=O)CN(CC(=O)O)C1CCCCC1N(CC(=O)O)CC(=O)O,O=C(O)CN(CC(=O)O)C1CCCCC1N(CC(=O)O)CC(=O)O
N#CCCOC1C(OCCC#N)C(OCCC#N)C(OCCC#N)C(OCCC#N)C1OCCC#N,N#CCCOC1C(OCCC#N)C(OCCC#N)C(OCCC#N)C(OCCC#N)C1OCCC#N
Oc1ccc2cc(Br)ccc2c1Br,OC1=CC=C2C=C(Br)C=CC2=C1Br
COc1cc2c(Cl)c(Cl)c(Cl)c(Cl)c2c(Cl)c1Cl,COC1=CC2=C(Cl)C(Cl)=C(Cl)C(Cl)=C2C(Cl)=C1Cl
Oc1c(N=O)c2ccc(cc2cc1S(=O)(=O)O)S(=O)(=O)O,O=NC1=C(O)C(S(=O)(=O)O)=CC2=CC(S(=O)(=O)O)=CC=C12
CCOc1ccc(c2nc(Cl)nc(Cl)n2)c3ccccc13,CCOC1=CC=C(C2=NC(Cl)=NC(Cl)=N2)C2=CC=CC=C12
Oc1cc(cc2cc(ccc12)S(=O)(=O)O)S(=O)(=O)O,O=S(=O)(O)C1=CC=C2C(O)=CC(S(=O)(=O)O)=CC2=C1
Oc1cc(cc2cc(cc(O)c12)S(=O)(=O)O)S(=O)(=O)O,O=S(=O)(O)C1=CC(O)=C2C(O)=CC(S(=O)(=O)O)=CC2=C1
Oc1ccc(c2ccccc12)C(O)(c3ccccc3)c4ccc(O)c5ccccc45,OC1=CC=C(C(O)(C2=CC=CC=C2)C2=CC=C(O)C3=CC=CC=C23)C2=CC=CC=C12
OS(=O)(=O)c1ccc2c(cc(cc2c1)S(=O)(=O)O)S(=O)(=O)O,O=S(=O)(O)C1=CC=C2C(S(=O)(=O)O)=CC(S(=O)(=O)O)=CC2=C1
Nc1ccc2cc(cc(c2c1)S(=O)(=O)O)S(=O)(=O)O,NC1=CC=C2C=C(S(=O)(=O)O)C=C(S(=O)(=O)O)C2=C1
OS(=O)(=O)c1cccc2c(NCCNC(=O)CI)cccc12,O=C(CI)NCCNC1=C2C=CC=C(S(=O)(=O)O)C2=CC=C1
OS(=O)(=O)c1cccc2cccc(NCCNC(=O)CI)c12,O=C(CI)NCCNC1=C2C(S(=O)(=O)O)=CC=CC2=CC=C1
OC(=O)c1ccc(C(=O)O)c2c(ccc(C(=O)O)c12)C(=O)O,O=C(O)C1=CC=C(C(=O)O)C2=C(C(=O)O)C=CC(C(=O)O)=C12
OCC1OC(Oc2ccc3ccccc3c2)C(O)C(O)C1O,OCC1OC(OC2=CC=C3C=CC=CC3=C2)C(O)C(O)C1O
COc1ccccc1NC(=O)c2cc3cc(Br)ccc3cc2OP(=O)(O)O,COC1=CC=CC=C1NC(=O)C1=CC2=CC(Br)=CC=C2C=C1OP(=O)(O)O
COc1ccccc1NC(=O)c2cc3cc(Br)ccc3cc2O,COC1=CC=CC=C1NC(=O)C1=CC2=CC(Br)=CC=C2C=C1O
OC(=O)c1cc2ccccc2c(Cc3c(O)c(cc4ccccc34)C(=O)O)c1O,O=C(O)C1=CC2=CC=CC=C2C(CC2=C(O)C(C(=O)O)=CC3=CC=CC=C23)=C1O
Oc1cc2cc(O)c(cc2cc1S(=O)(=O)O)S(=O)(=O)O,O=S(=O)(O)C1=CC2=CC(S(=O)(=O)O)=C(O)C=C2C=C1O
Cc1ccc(Nc2ccc3cc(ccc3c2)S(=O)(=O)O)cc1,CC1=CC=C(NC2=CC=C3C=C(S(=O)(=O)O)C=CC3=C2)C=C1
OS(=O)(=O)c1ccc2cc(ccc2c1)S(=O)(=O)O,O=S(=O)(O)C1=CC=C2C=C(S(=O)(=O)O)C=CC2=C1
Nc1cc2ccc(cc2cc1S(=O)(=O)O)S(=O)(=O)O,NC1=CC2=CC=C(S(=O)(=O)O)C=C2C=C1S(=O)(=O)O
OC(=O)C(F)(F)C(F)(F)C(F)(F)C(F)(F)C(F)(F)C(F)(F)C(F)(F)F,O=C(O)C(F)(F)C(F)(F)C(F)(F)C(F)(F)C(F)(F)C(F)(F)C(F)(F)F
OC(=O)C(F)(F)C(F)(F)C(F)(F)C(F)(F)C(F)(F)C(F)(F)C(F)(F)C(F)(F)C(F)(F)F,O=C(O)C(F)(F)C(F)(F)C(F)(F)C(F)(F)C(F)(F)C(F)(F)C(F)(F)C(F)(F)C(F)(F)F
OC(=O)C(Br)C(Br)c1ccccc1,O=C(O)C(Br)C(Br)C1=CC=CC=C1
CCCCCCCCCCCCC(Br)C(=O)O,CCCCCCCCCCCCC(Br)C(=O)O
CCCCCCCCCCCCCCC(Br)C(=O)O,CCCCCCCCCCCCCCC(Br)C(=O)O
OC(=O)C(Oc1ccc(Cl)cc1)Oc2ccc(Cl)cc2,O=C(O)C(OC1=CC=C(Cl)C=C1)OC1=CC=C(Cl)C=C1
OC(=O)C(NCCNC(C(=O)O)c1ccccc1O)c2ccccc2O,O=C(O)C(NCCNC(C(=O)O)C1=CC=CC=C1O)C1=CC=CC=C1O
NC1CCCCC1,NC1CCCCC1
NC(Cc1cc(I)c(Oc2ccc(O)cc2)c(I)c1)C(=O)O,NC(CC1=CC(I)=C(OC2=CC=C(O)C=C2)C(I)=C1)C(=O)O
OC(=O)CNC(c1ccccc1)(c2ccccc2)c3ccccc3,O=C(O)CNC(C1=CC=CC=C1)(C1=CC=CC=C1)C1=CC=CC=C1
CC(CN(CC(=O)O)CC(=O)O)N(CC(=O)O)CC(=O)O,CC(CN(CC(=O)O)CC(=O)O)N(CC(=O)O)CC(=O)O
OC(CN(CC(=O)O)CC(=O)O)CN(CC(=O)O)CC(=O)O,O=C(O)CN(CC(=O)O)CC(O)CN(CC(=O)O)CC(=O)O
OC(=O)CN(CCN(CC(=O)O)CC(=O)O)CCN(CC(=O)O)CC(=O)O,O=C(O)CN(CCN(CC(=O)O)CC(=O)O)CCN(CC(=O)O)CC(=O)O
OC(=O)CN(CCN(CCN(CC(=O)O)CC(=O)O)CC(=O)O)CCN(CC(=O)O)CC(=O)O,O=C(O)CN(CCN(CCN(CC(=O)O)CC(=O)O)CC(=O)O)CCN(CC(=O)O)CC(=O)O
OC(=O)CN(CCOCCOCCN(CC(=O)O)CC(=O)O)CC(=O)O,O=C(O)CN(CCOCCOCCN(CC(=O)O)CC(=O)O)CC(=O)O
OC(=O)CN(CCCCCCN(CC(=O)O)CC(=O)O)CC(=O)O,O=C(O)CN(CCCCCCN(CC(=O)O)CC(=O)O)CC(=O)O
OC(=O)CSC(SCC(=O)O)C(SCC(=O)O)SCC(=O)O,O=C(O)CSC(SCC(=O)O)C(SCC(=O)O)SCC(=O)O
OC(=O)CCCc1ccc(cc1)C(=O)c2ccccc2C(=O)O,O=C(O)CCCC1=CC=C(C(=O)C2=CC=CC=C2C(=O)O)C=C1
CCCCC\C=C/C\C=C/C\C=C/C\C=C/CCCC(=O)O,CCCCC/C=C\C/C=C\C/C=C\C/C=C\CCCC(=O)O
CCCCCCCC\C=C/CCCCCCCC(=O)O,CCCCCCCC/C=C\CCCCCCCC(=O)O
OC(c1ccccc1)(c2ccccc2)C(O)(c3ccccc3)c4ccccc4,OC(C1=CC=CC=C1)(C1=CC=CC=C1)C(O)(C1=CC=CC=C1)C1=CC=CC=C1
CCCCCCC(O)CCCCCCCCCCC(=O)O,CCCCCCC(O)CCCCCCCCCCC(=O)O
OCC(F)(F)C(F)(F)C(F)(F)C(F)(F)C(F)(F)C(F)(F)C(F)(F)F,OCC(F)(F)C(F)(F)C(F)(F)C(F)(F)C(F)(F)C(F)(F)C(F)(F)F
OCC(CO)(CO)COCC(CO)(CO)COCC(CO)(CO)CO,OCC(CO)(CO)COCC(CO)(CO)COCC(CO)(CO)CO
CCCCCCCCCCCCCCCCCCOCC(O)CO,CCCCCCCCCCCCCCCCCCOCC(O)CO
O=C(c1ccccc1)C(c2ccccc2)(c3ccccc3)c4ccccc4,O=C(C1=CC=CC=C1)C(C1=CC=CC=C1)(C1=CC=CC=C1)C1=CC=CC=C1
c1ccc(cc1)C(=C(c2ccccc2)c3ccccc3)c4ccccc4,C1=CC=C(C(=C(C2=CC=CC=C2)C2=CC=CC=C2)C2=CC=CC=C2)C=C1
C(=C(c1ccccc1)c2ccccc2)C=C(c3ccccc3)c4ccccc4,C(C=C(C1=CC=CC=C1)C1=CC=CC=C1)=C(C1=CC=CC=C1)C1=CC=CC=C1
ClCc1ccc(OCc2ccccc2)c(OCc3ccccc3)c1,ClCC1=CC=C(OCC2=CC=CC=C2)C(OCC2=CC=CC=C2)=C1
OC(=O)C(CSCc1ccccc1)NC(=O)OCc2ccccc2,O=C(NC(CSCC1=CC=CC=C1)C(=O)O)OCC1=CC=CC=C1
Brc1ccc2[nH]c3ccc(Br)cc3c2c1,BrC1=CC=C2NC3=CC=C(Br)C=C3C2=C1
Cc1cc(c2ccccc2)c3ccc4c(cc(C)nc4c3n1)c5ccccc5,CC1=CC(C2=CC=CC=C2)=C2C=CC3=C(C4=CC=CC=C4)C=C(C)N=C3C2=N1
c1ccc(cc1)c2ccnc3c2ccc4c(ccnc34)c5ccccc5,C1=CC=C(C2=CC=NC3=C2C=CC2=C(C4=CC=CC=C4)C=CN=C23)C=C1
OS(=O)(=O)c1cnc2c(ccc3c(c4ccccc4)c(cnc23)S(=O)(=O)O)c1c5ccccc5,O=S(=O)(O)C1=CN=C2C(=C1C1=CC=CC=C1)C=CC1=C(C3=CC=CC=C3)C(S(=O)(=O)O)=CN=C12
OC(=O)c1ccccc1C2=C3C=C(Br)C(=O)C(=C3Oc4c(Br)c(O)c(Br)cc24)Br,O=C(O)C1=CC=CC=C1C1=C2C=C(Br)C(=O)C(Br)=C2OC2=C(Br)C(O)=C(Br)C=C12
OC1=CC2=C(c3ccccc3)c4cc(O)c(O)cc4OC2=CC1=O,O=C1C=C2OC3=CC(O)=C(O)C=C3C(C3=CC=CC=C3)=C2C=C1O
COc1cc2OC3OC=CC3c2c4Oc5cccc(O)c5C(=O)c14,COC1=CC2=C(C3=C1C(=O)C1=C(O)C=CC=C1O3)C1C=COC1O2
c1ccc2c(c1)c3nc4nc(nc5[nH]c(nc6nc(nc2[nH]3)c7ccccc67)c8ccccc58)c9ccccc49,C1=CC=C2C3=NC(=NC4=C5C=CC=CC5=C(N=C5N=C(N=C6NC(=N3)C3=CC=CC=C63)C3=CC=CC=C53)N4)C2=C1
Cc1c2CCc3c(C)c4ccccc4nc3c2nc5ccccc15,CC1=C2CCC3=C(C)C4=CC=CC=C4N=C3C2=NC2=CC=CC=C12
C1COc2ccccc2OCCOCCOc3ccccc3OCCO1,C1=CC=C2OCCOCCOC3=CC=CC=C3OCCOCCOC2=C1
C1CCC2OCCOCCOC3CCCCC3OCCOCCOC2C1,C1CCC2OCCOCCOC3CCCCC3OCCOCCOC2C1
C1COCCOc2ccccc2OCCOCCOCCOc3ccccc3OCCO1,C1=CC=C2OCCOCCOCCOC3=CC=CC=C3OCCOCCOCCOC2=C1
C1CCC2OCCOCCOCCOC3CCCCC3OCCOCCOCCOC2C1,C1CCC2OCCOCCOCCOC3CCCCC3OCCOCCOCCOC2C1
C1COCCN2CCOCCOCCN(CCO1)CCOCC2,C1COCCN2CCOCCOCCN(CCO1)CCOCC2
C1COCCN2CCOCCOCCN(CCOCCOCC2)CCO1,C1COCCN2CCOCCOCCN(CCO1)CCOCCOCC2
COc1ccc(cc1)P2(=S)SP(=S)(S2)c3ccc(OC)cc3,COC1=CC=C(P2(=S)SP(=S)(C3=CC=C(OC)C=C3)S2)C=C1
CC1(C)SC2C(NC(=O)C(N)c3ccccc3)C(=O)N2C1C(=O)O,CC1(C)SC2C(NC(=O)C(N)C3=CC=CC=C3)C(=O)N2C1C(=O)O
CC12CCC(=O)C=C1CCC3C4CCC(C(=O)CO)C45CC(OC5O)C23,CC12CCC(=O)C=C1CCC1C2C2CC3(C(O)O2)C(C(=O)CO)CCC13
Brc1nc(Br)c(Br)[nH]1,BrC1=NC(Br)=C(Br)N1
CC(C)CC(NC(=O)C(Cc1c[nH]cn1)NC(=O)CNC(=O)c2ccccc2)C(=O)O,CC(C)CC(NC(=O)C(CC1=CNC=N1)NC(=O)CNC(=O)C1=CC=CC=C1)C(=O)O
o1c(cnc1c2ccc(cc2)c3ccccc3)c4ccc(cc4)c5ccccc5,C1=CC=C(C2=CC=C(C3=CN=C(C4=CC=C(C5=CC=CC=C5)C=C4)O3)C=C2)C=C1
o1c(cnc1c2ccc(cc2)c3oc(cn3)c4ccccc4)c5ccccc5,C1=CC=C(C2=CN=C(C3=CC=C(C4=NC=C(C5=CC=CC=C5)O4)C=C3)O2)C=C1
Cc1nc(oc1c2ccccc2)c3ccc(cc3)c4oc(c(C)n4)c5ccccc5,CC1=C(C2=CC=CC=C2)OC(C2=CC=C(C3=NC(C)=C(C4=CC=CC=C4)O3)C=C2)=N1
CCCCCCCCCCCCCCc1sc(N)nc1c2ccccc2,CCCCCCCCCCCCCCC1=C(C2=CC=CC=C2)N=C(N)S1
Brc1sc(Br)c(Br)c1Br,BrC1=C(Br)C(Br)=C(Br)S1
O=C1C=CC(=O)N1c2ccc(Cc3ccc(cc3)N4C(=O)C=CC4=O)cc2,O=C1C=CC(=O)N1C1=CC=C(CC2=CC=C(N3C(=O)C=CC3=O)C=C2)C=C1
Brc1ccc(cc1)C2CN3CCSC3=N2,BrC1=CC=C(C2CN3CCSC3=N2)C=C1
OCC(O)C1OC2OC(OC2C1O)C(Cl)(Cl)Cl,OCC(O)C1OC2OC(C(Cl)(Cl)Cl)OC2C1O
COC(=O)Nc1nc2cc(ccc2[nH]1)C(=O)c3cccs3,COC(=O)NC1=NC2=CC(C(=O)C3=CC=CS3)=CC=C2N1
OCC1OC(Oc2c[nH]c3ccc(Br)c(Cl)c23)C(O)C(O)C1O,OCC1OC(OC2=CNC3=CC=C(Br)C(Cl)=C23)C(O)C(O)C1O
OS(=O)(=O)c1ccc2N\C(=C/3\Nc4ccc(cc4C3=O)S(=O)(=O)O)\C(=O)c2c1,O=C1/C(=C2\NC3=CC=C(S(=O)(=O)O)C=C3C2=O)NC2=CC=C(S(=O)(=O)O)C=C12
Nc1ncnc2c1nc(Br)n2C3OC(CO)C(O)C3O,NC1=NC=NC2=C1N=C(Br)N2C1OC(CO)C(O)C1O
Nc1nc(Cl)c2ncn(C3OC(CO)C(O)C3O)c2n1,NC1=NC(Cl)=C2N=CN(C3OC(CO)C(O)C3O)C2=N1
OCC1OC(C(O)C1O)n2cnc3c(NCc4ccccc4)ncnc23,OCC1OC(N2C=NC3=C(NCC4=CC=CC=C4)N=CN=C32)C(O)C1O
CC(=CCNc1ncnc2c1ncn2C3OC(CO)C(O)C3O)C,CC(C)=CCNC1=NC=NC2=C1N=CN2C1OC(CO)C(O)C1O
Nc1ncnc2c1ncn2C3OC(CO)C(OP(=O)(O)O)C3O,NC1=NC=NC2=C1N=CN2C1OC(CO)C(OP(=O)(O)O)C1O
Nc1ncnc2c1ncn2C3OC(CI)C(O)C3O,NC1=NC=NC2=C1N=CN2C1OC(CI)C(O)C1O
Nc1ncnc2c1ncn2C3OC(COP(=O)(O)OP(=O)(O)O)C(O)C3O,NC1=NC=NC2=C1N=CN2C1OC(COP(=O)(O)OP(=O)(O)O)C(O)C1O
Nc1ncnc2c1ncn2C3OC(COP(=O)(O)O)C(O)C3O,NC1=NC=NC2=C1N=CN2C1OC(COP(=O)(O)O)C(O)C1O
Nc1ncnc2c1ncn2C3CC(O)C(COP(=O)(O)O)O3,NC1=NC=NC2=C1N=CN2C1CC(O)C(COP(=O)(O)O)O1
CC1(C)OC2C(CO)OC(C2O1)n3cnc4c(N)ncnc34,CC1(C)OC2C(CO)OC(N3C=NC4=C(N)N=CN=C43)C2O1
Nc1ncnc2c1ncn2C3OC(CO)C4OP(=O)(O)OC34,NC1=NC=NC2=C1N=CN2C1OC(CO)C2OP(=O)(O)OC21
OC1C(O)C(OC1COP(=O)(O)OP(=O)(O)OP(=O)(O)O)n2cnc3C(=O)NC=Nc23,O=C1NC=NC2=C1N=CN2C1OC(COP(=O)(O)OP(=O)(O)OP(=O)(O)O)C(O)C1O
NC1=Nc2c(ncn2C3OC(CO)C(OP(=O)(O)O)C3O)C(=O)N1,NC1=NC2=C(N=CN2C2OC(CO)C(OP(=O)(O)O)C2O)C(=O)N1
o1c(nc2ccc(cc12)c3ccccc3)c4ccc(cc4)c5ccccc5,C1=CC=C(C2=CC=C(C3=NC4=CC=C(C5=CC=CC=C5)C=C4O3)C=C2)C=C1
CC(C)(C)c1ccc2oc(nc2c1)c3ccc(s3)c4oc5ccc(cc5n4)C(C)(C)C,CC(C)(C)C1=CC=C2OC(C3=CC=C(C4=NC5=CC(C(C)(C)C)=CC=C5O4)S3)=NC2=C1
Cc1ccc2nc(sc2c1S(=O)(=O)O)c3ccc4nc(sc4c3)c5ccc(N)cc5,CC1=CC=C2N=C(C3=CC=C4N=C(C5=CC=C(N)C=C5)SC4=C3)SC2=C1S(=O)(=O)O
CCCCOCCOCCOCc1cc2OCOc2cc1CCC,CCCCOCCOCCOCC1=CC2=C(C=C1CCC)OCO2
Nc1ncnc2c1nc(Br)n2C3OC4COP(=O)(O)OC4C3O,NC1=NC=NC2=C1N=C(Br)N2C1OC2COP(=O)(O)OC2C1O
Nc1ncnc2c1ncn2C3OC4COP(=O)(O)OC4C3O,NC1=NC=NC2=C1N=CN2C1OC2COP(=O)(O)OC2C1O
Brc1c(Br)c(Br)c2C(=O)NC(=O)c2c1Br,O=C1NC(=O)C2=C(Br)C(Br)=C(Br)C(Br)=C12
O=C1CC2OCC=C3CN4CCC56C4CC3C2C5N1c7ccccc67,O=C1CC2OCC=C3CN4CCC56C7=CC=CC=C7N1C5C2C3CC46
COc1cc2N3C4C5C(CC3=O)OCC=C6CN7CCC4(C7CC56)c2cc1OC,COC1=CC2=C(C=C1OC)C13CCN4CC5=CCOC6CC(=O)N2C1C6C5CC43
c1ccc(nc1)c2nc(nc(n2)c3ccccn3)c4ccccn4,C1=CC=C(C2=NC(C3=CC=CC=N3)=NC(C3=CC=CC=N3)=N2)N=C1
O(c1ccccc1)c2nc(Oc3ccccc3)nc(Oc4ccccc4)n2,C1=CC=C(OC2=NC(OC3=CC=CC=C3)=NC(OC3=CC=CC=C3)=N2)C=C1
c1ccc(cc1)c2nc(nc(n2)c3ccccc3)c4ccccc4,C1=CC=C(C2=NC(C3=CC=CC=C3)=NC(C3=CC=CC=C3)=N2)C=C1
C1CCC(CC1)N2CN(CN(C2)C3CCCCC3)C4CCCCC4,C1CCC(N2CN(C3CCCCC3)CN(C3CCCCC3)C2)CC1
COc1ccc(COC(=O)Sc2nc(C)cc(C)n2)cc1,COC1=CC=C(COC(=O)SC2=NC(C)=CC(C)=N2)C=C1
OS(=O)(=O)CCN1CCN(CCS(=O)(=O)O)CC1,O=S(=O)(O)CCN1CCN(CCS(=O)(=O)O)CC1
ClP(=O)(OCC(Br)(Br)Br)N1CCOCC1,O=P(Cl)(OCC(Br)(Br)Br)N1CCOCC1
OC(=O)CN1C=C(I)C(=O)C(=C1)I,O=C(O)CN1C=C(I)C(=O)C(I)=C1
C(CSCCc1ccccn1)SCCc2ccccn2,C1=CC=C(CCSCCSCCC2=CC=CC=N2)N=C1
O=C(N(Cc1ccccc1)C(=O)c2cccnc2)c3cccnc3,O=C(C1=CC=CN=C1)N(CC1=CC=CC=C1)C(=O)C1=CC=CN=C1
c1ccc(cc1)c2ccnc(c2)c3cc(ccn3)c4ccccc4,C1=CC=C(C2=CC=NC(C3=CC(C4=CC=CC=C4)=CC=N3)=C2)C=C1
c1ccc(cc1)c2nnc(nc2c3ccccc3)c4ccccn4,C1=CC=C(C2=NN=C(C3=CC=CC=N3)N=C2C2=CC=CC=C2)C=C1
Clp1(Cl)np(Cl)(Cl)np(Cl)(Cl)n1,ClP1(Cl)=NP(Cl)(Cl)=NP(Cl)(Cl)=N1
OC1C(O)C(OC1COP(=O)(O)OP(=O)(O)OP(=O)(O)O)N2C=CC(=O)NC2=O,O=C1C=CN(C2OC(COP(=O)(O)OP(=O)(O)OP(=O)(O)O)C(O)C2O)C(=O)N1
OC1C(O)C(OC1COP(=O)(O)OP(=O)(O)O)N2C=CC(=O)NC2=O,O=C1C=CN(C2OC(COP(=O)(O)OP(=O)(O)O)C(O)C2O)C(=O)N1
OC1C(O)C(OC1COP(=O)(O)O)N2C=CC(=O)NC2=O,O=C1C=CN(C2OC(COP(=O)(O)O)C(O)C2O)C(=O)N1
OCC1OC(C(O)C1O)N2C=C(Br)C(=O)NC2=O,O=C1NC(=O)N(C2OC(CO)C(O)C2O)C=C1Br
OCC1OC(CC1O)N2C=C(Br)C(=O)NC2=O,O=C1NC(=O)N(C2CC(O)C(CO)O2)C=C1Br
OCC1OC(C(O)C1O)N2C=C(I)C(=O)NC2=O,O=C1NC(=O)N(C2OC(CO)C(O)C2O)C=C1I
NC1=NC(=O)N(C=C1)C2OC(CO)C(O)C2OP(=O)(O)O,NC1=NC(=O)N(C2OC(CO)C(O)C2OP(=O)(O)O)C=C1
NC1=NC(=O)N(C=C1)C2OC(CO)C(OP(=O)(O)O)C2O,NC1=NC(=O)N(C2OC(CO)C(OP(=O)(O)O)C2O)C=C1
NC1=NC(=O)N(C=C1)C2OC(COP(=O)(O)O)C(O)C2O,NC1=NC(=O)N(C2OC(COP(=O)(O)O)C(O)C2O)C=C1
NC1=NC(=O)N(C=C1)C2CC(O)C(COP(=O)(O)O)O2,NC1=NC(=O)N(C2CC(O)C(COP(=O)(O)O)O2)C=C1
CCCP1(=O)OP(=O)(CCC)OP(=O)(CCC)O1,CCCP1(=O)OP(=O)(CCC)OP(=O)(CCC)O1
OCC1OC(Oc2cc(O)cc(O)c2C(=O)CCc3ccc(O)cc3)C(O)C(O)C1O,O=C(CCC1=CC=C(O)C=C1)C1=C(O)C=C(O)C=C1OC1OC(CO)C(O)C(O)C1O
OCC1OC(OCC2OC(OC(C#N)c3ccccc3)C(O)C(O)C2O)C(O)C(O)C1O,N#CC(OC1OC(COC2OC(CO)C(O)C(O)C2O)C(O)C(O)C1O)C1=CC=CC=C1
OCC(O)C(O)C(OC1OC(CO)C(O)C(O)C1O)C(O)CO,OCC(O)C(O)C(OC1OC(CO)C(O)C(O)C1O)C(O)CO
OCC1OC(OC2C(O)C(O)COC2(O)CO)C(O)C(O)C1O,OCC1OC(OC2C(O)C(O)COC2(O)CO)C(O)C(O)C1O
OCC1OC(S\C(=N\OS(=O)(=O)O)\CC=C)C(O)C(O)C1O,C=CC/C(=N\OS(=O)(=O)O)SC1OC(CO)C(O)C(O)C1O
CC(=O)NC1C(O)CC(O)(OC1C(O)C(O)CO)C(=O)O,CC(=O)NC1C(O)CC(O)(C(=O)O)OC1C(O)C(O)CO
OCC1OC(OC2(CO)OC(CO)C(O)C2O)C(O)C(O)C1O,OCC1OC(OC2(CO)OC(CO)C(O)C2O)C(O)C(O)C1O
OCC1OC(OC2C(O)C(CO)OC2(CO)OC3OC(CO)C(O)C(O)C3O)C(O)C(O)C1O,OCC1OC(OC2C(O)C(CO)OC2(CO)OC2OC(CO)C(O)C(O)C2O)C(O)C(O)C1O
OCC1OC(OC2OC(CO)C(O)C(O)C2O)C(O)C(O)C1O,OCC1OC(OC2OC(CO)C(O)C(O)C2O)C(O)C(O)C1O
OCC1OC(OC2C(O)C(O)C(OC3C(O)C(O)C(O)OC3CO)OC2CO)C(O)C(O)C1O,OCC1OC(OC2C(CO)OC(OC3C(CO)OC(O)C(O)C3O)C(O)C2O)C(O)C(O)C1O
OCC1OC(OCC2OC(OC3(CO)OC(CO)C(O)C3O)C(O)C(O)C2O)C(O)C(O)C1O,OCC1OC(OCC2OC(OC3(CO)OC(CO)C(O)C3O)C(O)C(O)C2O)C(O)C(O)C1O
OCC1OC(OCC2OC(OCC3OC(OC4(CO)OC(CO)C(O)C4O)C(O)C(O)C3O)C(O)C(O)C2O)C(O)C(O)C1O,OCC1OC(OCC2OC(OCC3OC(OC4(CO)OC(CO)C(O)C4O)C(O)C(O)C3O)C(O)C(O)C2O)C(O)C(O)C1O
CC(C)COC1C=Cc2ccccc2N1C(=O)OCC(C)C,CC(C)COC(=O)N1C2=CC=CC=C2C=CC1OCC(C)C
Nc1nc(O)c2nc(CN(C(=O)C(F)(F)F)c3ccc(cc3)C(=O)O)cnc2n1,NC1=NC(O)=C2N=C(CN(C(=O)C(F)(F)F)C3=CC=C(C(=O)O)C=C3)C=NC2=N1
Nc1nc(N)c2nc(CNc3ccc(cc3)C(=O)O)cnc2n1,NC1=NC(N)=C2N=C(CNC3=CC=C(C(=O)O)C=C3)C=NC2=N1
CN(Cc1cnc2nc(N)nc(N)c2n1)c3ccc(cc3)C(=O)NC(CCC(=O)O)C(=O)O,CN(CC1=CN=C2N=C(N)N=C(N)C2=N1)C1=CC=C(C(=O)NC(CCC(=O)O)C(=O)O)C=C1
BrCc1nc2ccccc2nc1CBr,BrCC1=NC2=CC=CC=C2N=C1CBr
Cc1cc2nc(c3ccccn3)c(nc2cc1C)c4ccccn4,CC1=CC2=NC(C3=CC=CC=N3)=C(C3=CC=CC=N3)N=C2C=C1C
BrC(Br)(Br)c1ccc2ccccc2n1,BrC(Br)(Br)C1=CC=C2C=CC=CC2=N1
Oc1c(Br)cc(Br)c2cccnc12,OC1=C(Br)C=C(Br)C2=CC=CN=C12
Oc1c(I)cc(Cl)c2cccnc12,OC1=C(I)C=C(Cl)C2=CC=CN=C12
Oc1c(I)cc(I)c2cccnc12,OC1=C(I)C=C(I)C2=CC=CN=C12
Oc1c(I)cc(c2cccnc12)S(=O)(=O)O,O=S(=O)(O)C1=CC(I)=C(O)C2=NC=CC=C12
OC1=C(Oc2cc(O)cc(O)c2C1=O)c3ccc(O)cc3O,O=C1C(O)=C(C2=CC=C(O)C=C2O)OC2=CC(O)=CC(O)=C12
OC1=C(Oc2cc(O)cc(O)c2C1=O)c3cc(O)c(O)c(O)c3,O=C1C(O)=C(C2=CC(O)=C(O)C(O)=C2)OC2=CC(O)=CC(O)=C12
OC1=C(Oc2cc(O)cc(O)c2C1=O)c3ccc(O)c(O)c3,O=C1C(O)=C(C2=CC=C(O)C(O)=C2)OC2=CC(O)=CC(O)=C12
CC1OC(OCC2OC(OC3=C(Oc4cc(O)cc(O)c4C3=O)c5ccc(O)c(O)c5)C(O)C(O)C2O)C(O)C(O)C1O,CC1OC(OCC2OC(OC3=C(C4=CC=C(O)C(O)=C4)OC4=CC(O)=CC(O)=C4C3=O)C(O)C(O)C2O)C(O)C(O)C1O
CNc1ccc(Cl)cc1C2NCCc3ccccc23,CNC1=CC=C(Cl)C=C1C1NCCC2=CC=CC=C21
COc1ccc(CC2N(C)CCc3cc(OC)c(OC)cc23)cc1OC,COC1=CC=C(CC2C3=CC(OC)=C(OC)C=C3CCN2C)C=C1OC
CCCCCCCCCCCCCCOS(=O)(=O)O,CCCCCCCCCCCCCCOS(=O)(=O)O
CCCCCCCCCCCCCCCCCCOS(=O)(=O)O,CCCCCCCCCCCCCCCCCCOS(=O)(=O)O
Oc1cc(cc(c1O)S(=O)(=O)O)S(=O)(=O)O,O=S(=O)(O)C1=CC(S(=O)(=O)O)=C(O)C(O)=C1
Oc1cc(c(O)cc1S(=O)(=O)O)S(=O)(=O)O,O=S(=O)(O)C1=CC(O)=C(S(=O)(=O)O)C=C1O
OS(=O)(=O)c1ccccc1S(=O)(=O)O,O=S(=O)(O)C1=CC=CC=C1S(=O)(=O)O
CC(=O)Nc1ccc(\C=C\c2ccc(cc2S(=O)(=O)O)N=C=S)c(c1)S(=O)(=O)O,CC(=O)NC1=CC=C(/C=C/C2=CC=C(N=C=S)C=C2S(=O)(=O)O)C(S(=O)(=O)O)=C1
OS(=O)(=O)C(F)(F)C(F)(F)C(F)(F)C(F)(F)F,O=S(=O)(O)C(F)(F)C(F)(F)C(F)(F)C(F)(F)F
OC(CCCC(O)S(=O)(=O)O)S(=O)(=O)O,O=S(=O)(O)C(O)CCCC(O)S(=O)(=O)O
CCCCCCCCCCCCCCCCS(=O)(=O)O,CCCCCCCCCCCCCCCCS(=O)(=O)O
BrCc1ccccc1CS(=O)(=O)c2ccccc2,O=S(=O)(CC1=CC=CC=C1CBr)C1=CC=CC=C1
NNS(=O)(=O)c1ccc(Oc2ccc(cc2)S(=O)(=O)NN)cc1,NNS(=O)(=O)C1=CC=C(OC2=CC=C(S(=O)(=O)NN)C=C2)C=C1
Nc1c(Br)cc(Br)cc1Br,NC1=C(Br)C=C(Br)C=C1Br
Nc1c(Br)cc(cc1Br)S(=O)(=O)O,NC1=C(Br)C=C(S(=O)(=O)O)C=C1Br
Nc1c(F)c(F)c(c(F)c1F)c2c(F)c(F)c(N)c(F)c2F,NC1=C(F)C(F)=C(C2=C(F)C(F)=C(N)C(F)=C2F)C(F)=C1F
Nc1c(I)cc(I)c(C(=O)O)c1I,NC1=C(I)C=C(I)C(C(=O)O)=C1I
Nc1c(I)cc(I)cc1C(=O)O,NC1=C(I)C=C(I)C=C1C(=O)O
Nc1c(I)cc(cc1I)C(=O)O,NC1=C(I)C=C(C(=O)O)C=C1I
Cc1cc(ccc1N)C(O)(c2ccc(Nc3ccccc3)cc2)c4ccc(Nc5ccc(cc5)S(=O)(=O)O)cc4,CC1=CC(C(O)(C2=CC=C(NC3=CC=CC=C3)C=C2)C2=CC=C(NC3=CC=C(S(=O)(=O)O)C=C3)C=C2)=CC=C1N
Nc1ccc(cc1)S(=O)(=O)NS(=O)(=O)c2ccccc2,NC1=CC=C(S(=O)(=O)NS(=O)(=O)C2=CC=CC=C2)C=C1
CCCCCCCCCCCCCCCCS(=O)(=O)c1ccc(N)cc1,CCCCCCCCCCCCCCCCS(=O)(=O)C1=CC=C(N)C=C1
Nc1ccc(cc1)C(c2ccccc2)(c3ccccc3)c4ccccc4,NC1=CC=C(C(C2=CC=CC=C2)(C2=CC=CC=C2)C2=CC=CC=C2)C=C1
CCCCCCCCCCCCCCCCc1ccc(N)cc1,CCCCCCCCCCCCCCCCC1=CC=C(N)C=C1
CCCCCCCC\C=C\CCCCCCCCCCCC(=O)N,CCCCCCCC/C=C/CCCCCCCCCCCC(N)=O
CN(C)c1ccc(cc1)C(c2ccc(cc2)N(C)C)c3ccc(cc3)N(C)C,CN(C)C1=CC=C(C(C2=CC=C(N(C)C)C=C2)C2=CC=C(N(C)C)C=C2)C=C1
CN(C)c1ccc(cc1)C(c2ccccc2)c3ccc(cc3)N(C)C,CN(C)C1=CC=C(C(C2=CC=CC=C2)C2=CC=C(N(C)C)C=C2)C=C1
COc1ccc(cc1OC)C(=O)c2cccc(OC)c2OC,COC1=CC=C(C(=O)C2=CC=CC(OC)=C2OC)C=C1OC
COc1cc(\C=N\N=C\c2cc(OC)c(O)c(OC)c2)cc(OC)c1O,COC1=C(O)C(OC)=CC(/C=N/N=C/C2=CC(OC)=C(O)C(OC)=C2)=C1
COc1cc(\C=N\N=C\c2ccc(O)c(OC)c2)ccc1O,COC1=CC(/C=N/N=C/C2=CC=C(O)C(OC)=C2)=CC=C1O
COc1ccc(cc1)C(Cl)(c2ccc(OC)cc2)c3ccc(OC)cc3,COC1=CC=C(C(Cl)(C2=CC=C(OC)C=C2)C2=CC=C(OC)C=C2)C=C1
COc1ccc(cc1)C(Cl)(c2ccccc2)c3ccc(OC)cc3,COC1=CC=C(C(Cl)(C2=CC=CC=C2)C2=CC=C(OC)C=C2)C=C1
Cc1ccc(cc1)S(=O)(=O)OS(=O)(=O)c2ccc(C)cc2,CC1=CC=C(S(=O)(=O)OS(=O)(=O)C2=CC=C(C)C=C2)C=C1
CCN(CS(=O)(=O)c1ccc(C)cc1)CS(=O)(=O)c2ccc(C)cc2,CCN(CS(=O)(=O)C1=CC=C(C)C=C1)CS(=O)(=O)C1=CC=C(C)C=C1
Cc1ccc(OP(=O)(Oc2cccc(C)c2)Oc3cccc(C)c3)cc1,CC1=CC=C(OP(=O)(OC2=CC=CC(C)=C2)OC2=CC=CC(C)=C2)C=C1
CC(C)(C)c1cc(Cc2cc(c(O)c(c2)C(C)(C)C)C(C)(C)C)cc(c1O)C(C)(C)C,CC(C)(C)C1=CC(CC2=CC(C(C)(C)C)=C(O)C(C(C)(C)C)=C2)=CC(C(C)(C)C)=C1O
Cc1cc(Sc2cc(C)c(O)c(c2)C(C)(C)C)cc(c1O)C(C)(C)C,CC1=CC(SC2=CC(C)=C(O)C(C(C)(C)C)=C2)=CC(C(C)(C)C)=C1O
CC(=CCC\C(=C\CC\C(=C\CC\C=C(/C)\CC\C=C(/C)\CCC=C(C)C)\C)\C)C,CC(C)=CCC/C(C)=C/CC/C(C)=C/CC/C=C(\C)CC/C=C(\C)CCC=C(C)C
CC(C)CCCC(C)CCCC(C)CCCCC(C)CCCC(C)CCCC(C)C,CC(C)CCCC(C)CCCC(C)CCCCC(C)CCCC(C)CCCC(C)C
CCCCCCCCCCCCN(CCCCCCCCCCCC)CCCCCCCCCCCC,CCCCCCCCCCCCN(CCCCCCCCCCCC)CCCCCCCCCCCC
CCCCCCCCCCCCSCCCCCCCCCCCC,CCCCCCCCCCCCSCCCCCCCCCCCC
CCCCCCCCCCCCC\C=C/CCCCCCCC,CCCCCCCC/C=C\CCCCCCCCCCCCC
CCCCCCCCCCCCCCCC(=O)c1ccccc1,CCCCCCCCCCCCCCCC(=O)C1=CC=CC=C1
CCCCCCCCCCCCCCCCOP(=O)(O)OCCCCCCCCCCCCCCCC,CCCCCCCCCCCCCCCCOP(=O)(O)OCCCCCCCCCCCCCCCC
CCN(CC)c1ccc(cc1)C(=O)c2ccc(cc2)N(CC)CC,CCN(CC)C1=CC=C(C(=O)C2=CC=C(N(CC)CC)C=C2)C=C1
CCOc1cc(NC(=O)c2ccccc2)c(OCC)cc1N,CCOC1=CC(NC(=O)C2=CC=CC=C2)=C(OCC)C=C1N
CCCCCCCCCCCCCCCCCCCCCC,CCCCCCCCCCCCCCCCCCCCCC
CCCCCCCCCCCCCCCCCCCCCCC,CCCCCCCCCCCCCCCCCCCCCCC
CCCCCCCCCCCCCCCCCCCCCCCC,CCCCCCCCCCCCCCCCCCCCCCCC
CCCCCCCCCCCCCCCCCCCCCCCCC,CCCCCCCCCCCCCCCCCCCCCCCCC
CCCCCCCCCCCCCCCCCCCCCCCCCC,CCCCCCCCCCCCCCCCCCCCCCCCCC
CCCCCCCCCCCCCCCCCCCCCCCCCCCC,CCCCCCCCCCCCCCCCCCCCCCCCCCCC
CCCCCCCCCCCCCCCCCCCCCCCCCCCCC,CCCCCCCCCCCCCCCCCCCCCCCCCCCCC
CCCCCCCCCCCCCCCCCCCCCCCCCCCCCC,CCCCCCCCCCCCCCCCCCCCCCCCCCCCCC
CCCCCCCCCCCCCCCCCCCCCCCCCCCCCCCC,CCCCCCCCCCCCCCCCCCCCCCCCCCCCCCCC
CCCCCCCCCCCCCCCCCCCCCCCCCCCCCCCCCC,CCCCCCCCCCCCCCCCCCCCCCCCCCCCCCCCCC
CCCCCCCCCCCCCCCCCCCCCCCCCCCCCCCCCCCC,CCCCCCCCCCCCCCCCCCCCCCCCCCCCCCCCCCCC
CCCCOCCOP(=O)(OCCOCCCC)OCCOCCCC,CCCCOCCOP(=O)(OCCOCCCC)OCCOCCCC
CCCCC(CC)COP(=O)OCC(CC)CCCC,CCCCC(CC)CO[PH](=O)OCC(CC)CCCC
CCCCC(CC)COP(=O)(OCC(CC)CCCC)OCC(CC)CCCC,CCCCC(CC)COP(=O)(OCC(CC)CCCC)OCC(CC)CCCC
CCCCC(CC)COP(=O)(O)OCC(CC)CCCC,CCCCC(CC)COP(=O)(O)OCC(CC)CCCC
CCCCCCCCN(CCCCCCCC)CCCCCCCC,CCCCCCCCN(CCCCCCCC)CCCCCCCC
CCCCCCCCc1ccc(cc1)\C(=C\c2ccc(OCC)cc2)\Cl,CCCCCCCCC1=CC=C(/C(Cl)=C/C2=CC=C(OCC)C=C2)C=C1
CC(=C)C1CCC2(CCC3(C)C(CCC4C5(C)CCC(O)C(C)(C)C5CCC34C)C12)C(=O)O,C=C(C)C1CCC2(C(=O)O)CCC3(C)C(CCC4C5(C)CCC(O)C(C)(C)C5CCC43C)C12
CC1CCC2(CO)CCC3(C)C(=CCC4C5(C)CCC(O)C(C)(C)C5CCC34C)C2C1C,CC1CCC2(CO)CCC3(C)C(=CCC4C5(C)CCC(O)C(C)(C)C5CCC43C)C2C1C
CC1CCC2(CCC3(C)C(=CCC4C5(C)CCC(O)C(C)(C)C5CCC34C)C2C1C)C(=O)O,CC1CCC2(C(=O)O)CCC3(C)C(=CCC4C5(C)CCC(O)C(C)(C)C5CCC43C)C2C1C
OCC1OC(CC1O)n2cnc3c(NC(=O)c4ccccc4)ncnc23,O=C(NC1=C2N=CN(C3CC(O)C(CO)O3)C2=NC=N1)C1=CC=CC=C1
OS(=O)(=O)c1cc(ccc1\C=C\c2ccc(cc2S(=O)(=O)O)N=C=S)N=C=S,O=S(=O)(O)C1=CC(N=C=S)=CC=C1/C=C/C1=CC=C(N=C=S)C=C1S(=O)(=O)O
Cc1ccc(cc1)S(=O)(=O)NN=C(Cc2ccccc2)Cc3ccccc3,CC1=CC=C(S(=O)(=O)NN=C(CC2=CC=CC=C2)CC2=CC=CC=C2)C=C1
COc1ccc(Cc2cc(cc(c2O)C(C)(C)C)C(C)(C)C)cc1,COC1=CC=C(CC2=CC(C(C)(C)C)=CC(C(C)(C)C)=C2O)C=C1
BrCc1cc(CBr)c(CBr)cc1CBr,BrCC1=C(CBr)C=C(CBr)C(CBr)=C1
Brc1ccc(cc1)N(c2ccc(Br)cc2)c3ccc(Br)cc3,BrC1=CC=C(N(C2=CC=C(Br)C=C2)C2=CC=C(Br)C=C2)C=C1
Clc1ccc(NC(=N)NC(=N)NCCCCCCNC(=N)NC(=N)Nc2ccc(Cl)cc2)cc1,N=C(NCCCCCCNC(=N)NC(=N)NC1=CC=C(Cl)C=C1)NC(=N)NC1=CC=C(Cl)C=C1
NC(=N)SCCCSC(=N)N,N=C(N)SCCCSC(=N)N
ClP(=O)(Cl)OCC(Br)(Br)Br,O=P(Cl)(Cl)OCC(Br)(Br)Br
Oc1c(Br)cc(Br)cc1c2ccccc2,OC1=C(Br)C=C(Br)C=C1C1=CC=CC=C1
Oc1c(Br)cc(Br)c(O)c1Br,OC1=C(Br)C=C(Br)C(O)=C1Br
CC1(C)OC(CP(c2ccccc2)c3ccccc3)C(CP(c4ccccc4)c5ccccc5)O1,CC1(C)OC(CP(C2=CC=CC=C2)C2=CC=CC=C2)C(CP(C2=CC=CC=C2)C2=CC=CC=C2)O1
COc1ccc(cc1O)C2=CC(=O)c3c(O)cc(OC4OC(COC5OC(C)C(O)C(O)C5O)C(O)C(O)C4O)cc3O2,COC1=CC=C(C2=CC(=O)C3=C(O)C=C(OC4OC(COC5OC(C)C(O)C(O)C5O)C(O)C(O)C4O)C=C3O2)C=C1O
Nc1c(cc2C(=O)N(C(=O)c3cc(cc1c23)S(=O)(=O)O)c4cccc(c4)S(=O)(=O)C=C)S(=O)(=O)O,C=CS(=O)(=O)C1=CC(N2C(=O)C3=C4C(=CC(S(=O)(=O)O)=C(N)C4=CC(S(=O)(=O)O)=C3)C2=O)=CC=C1
CC(O)C1CCC2C3CCC4=CC(=O)CCC4(C)C3CCC12C,CC(O)C1CCC2C3CCC4=CC(=O)CCC4(C)C3CCC12C
CC(C)CCCC(C)C1CCC2C3C=CC4=CC(=O)CCC4(C)C3CCC12C,CC(C)CCCC(C)C1CCC2C3C=CC4=CC(=O)CCC4(C)C3CCC12C
CC(C(C)P(c1ccccc1)c2ccccc2)P(c3ccccc3)c4ccccc4,CC(C(C)P(C1=CC=CC=C1)C1=CC=CC=C1)P(C1=CC=CC=C1)C1=CC=CC=C1
COc1ccc(cc1)C(O)(c2ccc(OC)cc2OC)c3ccc(OC)cc3OC,COC1=CC=C(C(O)(C2=CC=C(OC)C=C2OC)C2=CC=C(OC)C=C2OC)C=C1
CCCCCCCCCCCCCCCCCCCCCCCCCCC,CCCCCCCCCCCCCCCCCCCCCCCCCCC
FC(F)(F)COP(OCC(F)(F)F)OCC(F)(F)F,FC(F)(F)COP(OCC(F)(F)F)OCC(F)(F)F
FC(F)(F)c1cc(CBr)cc(c1)C(F)(F)F,FC(F)(F)C1=CC(CBr)=CC(C(F)(F)F)=C1
COc1ccc(cc1)c2c3ccccc3c(c4ccc(OC)cc4)c5cc(Cl)ccc25,COC1=CC=C(C2=C3C=CC(Cl)=CC3=C(C3=CC=C(OC)C=C3)C3=CC=CC=C23)C=C1
COc1ccc(cc1)c2c3ccccc3c(c4ccc(OC)cc4)c5ccccc25,COC1=CC=C(C2=C3C=CC=CC3=C(C3=CC=C(OC)C=C3)C3=CC=CC=C23)C=C1
Clc1ccc2c(c3ccccc3)c4ccccc4c(c5ccccc5)c2c1,ClC1=CC=C2C(C3=CC=CC=C3)=C3C=CC=CC3=C(C3=CC=CC=C3)C2=C1
CC(C)CCCC(C)C1CCC2C3CC=C4C=CCCC4(C)C3CCC12C,CC(C)CCCC(C)C1CCC2C3CC=C4C=CCCC4(C)C3CCC12C
CC(C)CCCC(C)C1CCC2C3CC=C4CC(=O)CCC4(C)C3CCC12C,CC(C)CCCC(C)C1CCC2C3CC=C4CC(=O)CCC4(C)C3CCC12C
CC(C)C1=C(Br)C(=O)C(=C(Br)C1=O)C,CC1=C(Br)C(=O)C(C(C)C)=C(Br)C1=O
Oc1ccccc1\C=N\c2ccccc2\N=C\c3ccccc3O,OC1=CC=CC=C1/C=N/C1=CC=CC=C1/N=C/C1=CC=CC=C1O
C(CP(c1ccccc1)c2ccccc2)P(CCP(c3ccccc3)c4ccccc4)CCP(c5ccccc5)c6ccccc6,C1=CC=C(P(CCP(CCP(C2=CC=CC=C2)C2=CC=CC=C2)CCP(C2=CC=CC=C2)C2=CC=CC=C2)C2=CC=CC=C2)C=C1
Cc1cc(Br)c2C(=O)c3ccccc3C4=C(C(=O)Nc1c24)c5ccccc5,CC1=CC(Br)=C2C(=O)C3=CC=CC=C3C3=C(C4=CC=CC=C4)C(=O)NC1=C23
OP1(=O)Oc2ccc3ccccc3c2c4c(O1)ccc5ccccc45,O=P1(O)OC2=CC=C3C=CC=CC3=C2C2=C(C=CC3=CC=CC=C23)O1
COc1ccc(cc1)C(OCC2OC(CC2O)n3cnc4c(NC(=O)c5ccccc5)ncnc34)(c6ccccc6)c7ccc(OC)cc7,COC1=CC=C(C(OCC2OC(N3C=NC4=C(NC(=O)C5=CC=CC=C5)N=CN=C43)CC2O)(C2=CC=CC=C2)C2=CC=C(OC)C=C2)C=C1
COc1ccc(cc1)C(OCC2OC(CC2O)n3cnc4C(=O)NC(=Nc34)NC(=O)C(C)C)(c5ccccc5)c6ccc(OC)cc6,COC1=CC=C(C(OCC2OC(N3C=NC4=C3N=C(NC(=O)C(C)C)NC4=O)CC2O)(C2=CC=CC=C2)C2=CC=C(OC)C=C2)C=C1
CC(C)C(=O)NC1=Nc2c(ncn2C3CC(O)C(CO)O3)C(=O)N1,CC(C)C(=O)NC1=NC2=C(N=CN2C2CC(O)C(CO)O2)C(=O)N1
CN1C(=O)c2c(onc2c3ccccc3)C=C1c4ccccc4,CN1C(C2=CC=CC=C2)=CC2=C(C(C3=CC=CC=C3)=NO2)C1=O
CCC1(CCCCCCCCCCCCCCC(=O)O)OCC(C)(C)N1O,CCC1(CCCCCCCCCCCCCCC(=O)O)OCC(C)(C)N1O
CCN(CC)c1ccc(cc1)c2oc(nn2)c3ccc(cc3)N(CC)CC,CCN(CC)C1=CC=C(C2=NN=C(C3=CC=C(N(CC)CC)C=C3)O2)C=C1
CC1(C)CC(NC(=O)CNC(=O)CBr)C(C)(C)N1O,CC1(C)CC(NC(=O)CNC(=O)CBr)C(C)(C)N1O
CC1(C)CC(C(=O)NCCOCCNC(=O)CBr)C(C)(C)N1O,CC1(C)CC(C(=O)NCCOCCNC(=O)CBr)C(C)(C)N1O
CC1(C)CC(C(=O)NCCCNC(=O)CBr)C(C)(C)N1O,CC1(C)CC(C(=O)NCCCNC(=O)CBr)C(C)(C)N1O
CC1(C)OC(C(O1)C(O)(c2ccccc2)c3ccccc3)C(O)(c4ccccc4)c5ccccc5,CC1(C)OC(C(O)(C2=CC=CC=C2)C2=CC=CC=C2)C(C(O)(C2=CC=CC=C2)C2=CC=CC=C2)O1
CN1C(=O)C(=C(O)C=C1c2ccccc2)C(=N)c3ccccc3,CN1C(C2=CC=CC=C2)=CC(O)=C(C(=N)C2=CC=CC=C2)C1=O
COc1ccc(cc1)C(OCC2OC(CC2O)N3C=C(C)C(=O)NC3=O)(c4ccccc4)c5ccc(OC)cc5,COC1=CC=C(C(OCC2OC(N3C=C(C)C(=O)NC3=O)CC2O)(C2=CC=CC=C2)C2=CC=C(OC)C=C2)C=C1
COc1ccc(cc1)C(OCC2OC(CC2O)N3C=CC(=NC3=O)NC(=O)c4ccccc4)(c5ccccc5)c6ccc(OC)cc6,COC1=CC=C(C(OCC2OC(N3C=CC(NC(=O)C4=CC=CC=C4)=NC3=O)CC2O)(C2=CC=CC=C2)C2=CC=C(OC)C=C2)C=C1
OCC1OC(CC1O)N2C=CC(=NC2=O)NC(=O)c3ccccc3,O=C(NC1=NC(=O)N(C2CC(O)C(CO)O2)C=C1)C1=CC=CC=C1
COc1ccc(\C=C\c2cc(O)cc(OC3OC(CO)C(O)C(O)C3O)c2)cc1O,COC1=CC=C(/C=C/C2=CC(O)=CC(OC3OC(CO)C(O)C(O)C3O)=C2)C=C1O
O=S(=O)(\C=C/S(=O)(=O)c1ccccc1)c2ccccc2,O=S(=O)(/C=C\S(=O)(=O)C1=CC=CC=C1)C1=CC=CC=C1
CCCCCCC1(CCCCCCCCCCC(=O)O)OCC(C)(C)N1O,CCCCCCC1(CCCCCCCCCCC(=O)O)OCC(C)(C)N1O
CC1(C)CC(CNC(=O)CI)C(C)(C)N1O,CC1(C)CC(CNC(=O)CI)C(C)(C)N1O
CC1(C)CC(NC(=O)CI)C(C)(C)N1O,CC1(C)CC(NC(=O)CI)C(C)(C)N1O
CC1(C)CC(NC(=O)CNC(=O)CI)C(C)(C)N1O,CC1(C)CC(NC(=O)CNC(=O)CI)C(C)(C)N1O
CC1(C)CC(C(=O)NCCCNC(=O)CI)C(C)(C)N1O,CC1(C)CC(C(=O)NCCCNC(=O)CI)C(C)(C)N1O
CC1(C)CC(C(=O)NCCN2C(=O)C=CC2=O)C(C)(C)N1O,CC1(C)CC(C(=O)NCCN2C(=O)C=CC2=O)C(C)(C)N1O
CC1(C)CC(C(=O)NCCOCCN2C(=O)C=CC2=O)C(C)(C)N1O,CC1(C)CC(C(=O)NCCOCCN2C(=O)C=CC2=O)C(C)(C)N1O
CC1(C)CC(CC(C)(C)N1O)NC(=O)CI,CC1(C)CC(NC(=O)CI)CC(C)(C)N1O
CC1=CC(=O)C=C/C/1=C(/c2ccc(O)cc2C)\c3ccccc3S(=O)(=O)O,CC1=CC(=O)C=C/C1=C(/C1=CC=C(O)C=C1C)C1=CC=CC=C1S(=O)(=O)O
CCCCCCCCCCCCCCCCCCCCCCCCCCCCCCCCC,CCCCCCCCCCCCCCCCCCCCCCCCCCCCCCCCC
CC(NS(=O)(=O)NC(C)c1ccccc1)c2ccccc2,CC(NS(=O)(=O)NC(C)C1=CC=CC=C1)C1=CC=CC=C1
BrCc1cccc2cccc(CBr)c12,BrCC1=CC=CC2=CC=CC(CBr)=C12
Clc1ccc(cc1)C(CC#N)(c2ccc(Cl)cc2)c3ccc(Cl)cc3,N#CCC(C1=CC=C(Cl)C=C1)(C1=CC=C(Cl)C=C1)C1=CC=C(Cl)C=C1
OC(=O)CC(c1ccc(Cl)cc1)(c2ccc(Cl)cc2)c3ccc(Cl)cc3,O=C(O)CC(C1=CC=C(Cl)C=C1)(C1=CC=C(Cl)C=C1)C1=CC=C(Cl)C=C1
CC\C=C\C\C=C\C\C=C\C\C=C\C\C=C\C\C=C\CCC(=O)O,CC/C=C/C/C=C/C/C=C/C/C=C/C/C=C/C/C=C/CCC(=O)O
CC\C=C\C\C=C\C\C=C\C\C=C\C\C=C\CCCC(=O)O,CC/C=C/C/C=C/C/C=C/C/C=C/C/C=C/CCCC(=O)O
OC(C(O)C(=O)NCc1ccccc1)C(=O)NCc2ccccc2,O=C(NCC1=CC=CC=C1)C(O)C(O)C(=O)NCC1=CC=CC=C1
C(C1CC(CN1)P(c2ccccc2)c3ccccc3)P(c4ccccc4)c5ccccc5,C1=CC=C(P(CC2CC(P(C3=CC=CC=C3)C3=CC=CC=C3)CN2)C2=CC=CC=C2)C=C1
CC1(C)CC(C(=O)NCCOCCN=C=S)C(C)(C)N1O,CC1(C)CC(C(=O)NCCOCCN=C=S)C(C)(C)N1O
COc1cc(N(CC(=O)O)CC(=O)O)c2nc(COc3cc(C)ccc3N(CC(=O)O)CC(=O)O)ccc2c1,COC1=CC(N(CC(=O)O)CC(=O)O)=C2N=C(COC3=CC(C)=CC=C3N(CC(=O)O)CC(=O)O)C=CC2=C1
BrCC(Br)CN1C(=O)N(CC(Br)CBr)C(=O)N(CC(Br)CBr)C1=O,O=C1N(CC(Br)CBr)C(=O)N(CC(Br)CBr)C(=O)N1CC(Br)CBr
FC(F)(F)c1ccc(CBr)c(c1)C(F)(F)F,FC(F)(F)C1=CC=C(CBr)C(C(F)(F)F)=C1
Cc1c(Br)c(Br)c(C)c(Br)c1Br,CC1=C(Br)C(Br)=C(C)C(Br)=C1Br
ClSC(c1ccccc1)(c2ccccc2)c3ccccc3,ClSC(C1=CC=CC=C1)(C1=CC=CC=C1)C1=CC=CC=C1
Oc1ccc(O)c2C(=O)c3cc(Cl)c(Cl)cc3C(=O)c12,O=C1C2=CC(Cl)=C(Cl)C=C2C(=O)C2=C1C(O)=CC=C2O
BrC1C(Br)c2ccccc2C(=O)c3ccccc13,O=C1C2=CC=CC=C2C(Br)C(Br)C2=CC=CC=C12
S(C(Sc1ccccc1)Sc2ccccc2)c3ccccc3,C1=CC=C(SC(SC2=CC=CC=C2)SC2=CC=CC=C2)C=C1
O=C(C(CC(C(=O)c1ccccc1)c2ccccc2)c3ccccc3)c4ccccc4,O=C(C1=CC=CC=C1)C(CC(C(=O)C1=CC=CC=C1)C1=CC=CC=C1)C1=CC=CC=C1
CCN1\C(=N\N=C\2/Sc3cc(ccc3N2CC)S(=O)(=O)O)\Sc4cc(ccc14)S(=O)(=O)O,CCN1/C(=N/N=C2\SC3=CC(S(=O)(=O)O)=CC=C3N2CC)SC2=CC(S(=O)(=O)O)=CC=C21
CCCCCCCCCCCC1(CCCCCC(=O)O)OCC(C)(C)N1O,CCCCCCCCCCCC1(CCCCCC(=O)O)OCC(C)(C)N1O
BrN1C(=O)N(Br)C(C1=O)(c2ccccc2)c3ccccc3,O=C1N(Br)C(=O)C(C2=CC=CC=C2)(C2=CC=CC=C2)N1Br
CCCCC(CC)CN1CN(CC(CC)CCCC)CC(C)(N)C1,CCCCC(CC)CN1CN(CC(CC)CCCC)CC(C)(N)C1
COc1ccc(\C=C\C(=O)c2c(O)cc(OC3OC(COC4OC(C)C(O)C(O)C4O)C(O)C(O)C3O)cc2OC)cc1O,COC1=CC=C(/C=C/C(=O)C2=C(O)C=C(OC3OC(COC4OC(C)C(O)C(O)C4O)C(O)C(O)C3O)C=C2OC)C=C1O
CC\C(=C(/c1ccccc1)\c2ccc(OCCN(C)C)cc2)\c3ccccc3,CC/C(=C(\C1=CC=CC=C1)C1=CC=C(OCCN(C)C)C=C1)C1=CC=CC=C1
CC12CC(=O)C3C(CCC4=CC(=O)CCC34C)C1CCC2O,CC12CCC(=O)C=C1CCC1C2C(=O)CC2(C)C(O)CCC12
CC12CCC3C(CC=C4CC(CCC34C)OS(=O)(=O)O)C1CCC2=O,CC12CCC3C(CC=C4CC(OS(=O)(=O)O)CCC43C)C1CCC2=O
CC(C)CCCC(C)C1CCC2C3C(CCC12C)C4(C)CCC(O)CC4=CC3=O,CC(C)CCCC(C)C1CCC2C3C(=O)C=C4CC(O)CCC4(C)C3CCC12C
CC(C)C(C)CCC(C)C1CCC2C3CC=C4CC(O)CCC4(C)C3CCC12C,CC(C)C(C)CCC(C)C1CCC2C3CC=C4CC(O)CCC4(C)C3CCC12C
CC(C)CCC(O)C(C)C1CCC2C3CC=C4CC(O)CCC4(C)C3CCC12C,CC(C)CCC(O)C(C)C1CCC2C3CC=C4CC(O)CCC4(C)C3CCC12C
CC1(O)CCC2C3CCC4=CC(=O)CCC4(C)C3(F)C(O)CC12C,CC1(O)CCC2C3CCC4=CC(=O)CCC4(C)C3(F)C(O)CC21C
CC12CC(O)C3C(CCC4=CC(=O)CCC34C)C1CCC2O,CC12CCC(=O)C=C1CCC1C2C(O)CC2(C)C(O)CCC12
CC(O)C1(O)CCC2C3CCC4=CC(=O)CCC4(C)C3CCC12C,CC(O)C1(O)CCC2C3CCC4=CC(=O)CCC4(C)C3CCC21C
CC12CCC(=O)C=C1CCC3C2CCC4(CO)C3CCC4C(=O)CO,CC12CCC(=O)C=C1CCC1C2CCC2(CO)C(C(=O)CO)CCC12
COc1cc2C3CCC4(C)C(O)CCC4C3CCc2cc1O,COC1=CC2=C(C=C1O)CCC1C2CCC2(C)C(O)CCC12
CCCCC\C=C\C\C=C\CCCCCCCCCC(=O)O,CCCCC/C=C/C/C=C/CCCCCCCCCC(=O)O
CCCCCCCC\C=C/CCCCCCCCCC(=O)O,CCCCCCCC/C=C\CCCCCCCCCC(=O)O
CCCCCCCC\C=C/CCCCCCCCCCCCCC(=O)O,CCCCCCCC/C=C\CCCCCCCCCCCCCC(=O)O
NC(=N)NCCCC(NC(CCC(=O)O)C(=O)O)C(=O)O,N=C(N)NCCCC(NC(CCC(=O)O)C(=O)O)C(=O)O
CN1CCC23C4Nc5ccccc5C2(CCN4C)C1Nc6ccccc36,CN1CCC23C4=CC=CC=C4NC1C21CCN(C)C3NC2=CC=CC=C21
NC1=Nc2c(ncn2C3OC(CO)C(O)C3OP(=O)(O)O)C(=O)N1,NC1=NC2=C(N=CN2C2OC(CO)C(O)C2OP(=O)(O)O)C(=O)N1
CCCCCCCCCCCCCC1(CCCC(=O)O)OCC(C)(C)N1O,CCCCCCCCCCCCCC1(CCCC(=O)O)OCC(C)(C)N1O
NS(=O)(=O)c1cc(C(=O)O)c(NCc2occc2)cc1Cl,NS(=O)(=O)C1=CC(C(=O)O)=C(NCC2=CC=CO2)C=C1Cl
CC1(C)CC(C(=O)NCCCN2C(=O)C=CC2=O)C(C)(C)N1O,CC1(C)CC(C(=O)NCCCN2C(=O)C=CC2=O)C(C)(C)N1O
OCCN(CCO)c1nc(N2CCCCC2)c3nc(nc(N4CCCCC4)c3n1)N(CCO)CCO,OCCN(CCO)C1=NC(N2CCCCC2)=C2N=C(N(CCO)CCO)N=C(N3CCCCC3)C2=N1
OCC1OC(C(O)C1O)N2C=CC(=NC2=O)NC(=O)c3ccccc3,O=C(NC1=NC(=O)N(C2OC(CO)C(O)C2O)C=C1)C1=CC=CC=C1
OCC1OC(OC2C(O)C(O)C(OC3C(O)C(O)C(OC4C(O)C(O)C(O)OC4CO)OC3CO)OC2CO)C(O)C(O)C1O,OCC1OC(OC2C(CO)OC(OC3C(CO)OC(OC4C(CO)OC(O)C(O)C4O)C(O)C3O)C(O)C2O)C(O)C(O)C1O
CC1CC2C3CCC(O)(C(=O)CO)C3(C)CC(O)C2C4(C)C=CC(=O)C=C14,CC1CC2C(C(O)CC3(C)C2CCC3(O)C(=O)CO)C2(C)C=CC(=O)C=C12
COc1ccc(CCNC(=O)Cc2ccc(OC)c(OC)c2)cc1OC,COC1=CC=C(CCNC(=O)CC2=CC=C(OC)C(OC)=C2)C=C1OC
Fc1cc(Br)ccc1I,FC1=CC(Br)=CC=C1I
FC1(F)C(F)(F)C(F)(F)C2(F)C(F)(F)C(F)(F)C(F)(F)C(F)(F)C2(F)C1(F)F,FC1(F)C(F)(F)C(F)(F)C2(F)C(F)(F)C(F)(F)C(F)(F)C(F)(F)C2(F)C1(F)F
CC(C)(C)OC(=O)N1CC(CC1CP(c2ccccc2)c3ccccc3)P(c4ccccc4)c5ccccc5,CC(C)(C)OC(=O)N1CC(P(C2=CC=CC=C2)C2=CC=CC=C2)CC1CP(C1=CC=CC=C1)C1=CC=CC=C1
CCCCCCCCCCCCCCCCCC(=O)c1ccccc1,CCCCCCCCCCCCCCCCCC(=O)C1=CC=CC=C1
COCCOCCN(CCOCCOC)CCOCCOC,COCCOCCN(CCOCCOC)CCOCCOC
Nc1c(Br)cc2c(Cc3ccccc23)c1Br,NC1=C(Br)C=C2C3=CC=CC=C3CC2=C1Br
Brc1ccc2c(c1)C(=O)c3cc(Br)ccc23,O=C1C2=CC(Br)=CC=C2C2=CC=C(Br)C=C12
Nc1c2C(=O)c3ccccc3C(=O)c2c(Nc4cccc(c4)S(=O)(=O)C=C)cc1S(=O)(=O)O,C=CS(=O)(=O)C1=CC(NC2=C3C(=O)C4=CC=CC=C4C(=O)C3=C(N)C(S(=O)(=O)O)=C2)=CC=C1
C(N1CCOCCOCCN(Cc2ccccc2)CCOCCOCC1)c3ccccc3,C1=CC=C(CN2CCOCCOCCN(CC3=CC=CC=C3)CCOCCOCC2)C=C1
C1CSCCSCCSCCSCCSCCS1,C1CSCCSCCSCCSCCSCCS1
OC(=O)O,O=C(O)O
OS(=O)(=O)O,O=S(=O)(O)O
OS(=O)(=O)O,O=S(=O)(O)O
OP(=O)(O)OP(=O)(O)O,O=P(O)(O)OP(=O)(O)O
CCCCCCCCCCCCc1ccc(cc1)S(=O)(=O)O,CCCCCCCCCCCCC1=CC=C(S(=O)(=O)O)C=C1
IP(I)P(I)I,IP(I)P(I)I
CC12CCC(=O)C=C1CCC3C4CCC(O)(C(=O)CO)C4(C)CC(O)C23,CC12CCC(=O)C=C1CCC1C2C(O)CC2(C)C1CCC2(O)C(=O)CO
OC(=O)C1=CC(=C(c2:c:c:c(O):c(:c:2)C(=O)O)c3:c:c:c(O):c(:c:3)C(=O)O)C=CC1=O,O=C(O)C1=CC(=C(C2=CC=C(O)C(C(=O)O)=C2)C2=CC=C(O)C(C(=O)O)=C2)C=CC1=O
Cc1nc2c(ccc3c(c4ccccc4)c(c(C)nc23)S(=O)(=O)O)c(c5ccccc5)c1S(=O)(=O)O,CC1=NC2=C(C=CC3=C(C4=CC=CC=C4)C(S(=O)(=O)O)=C(C)N=C32)C(C2=CC=CC=C2)=C1S(=O)(=O)O
CC(C)CCCCCN(CCCCCC(C)C)CCCCCC(C)C,CC(C)CCCCCN(CCCCCC(C)C)CCCCCC(C)C
OC(COCc1ccc(Cl)cc1)C(O)COCc2ccc(Cl)cc2,OC(COCC1=CC=C(Cl)C=C1)C(O)COCC1=CC=C(Cl)C=C1
CCCCNc1ccc(NCCCC)c2C(=O)c3ccccc3C(=O)c12,CCCCNC1=CC=C(NCCCC)C2=C1C(=O)C1=CC=CC=C1C2=O
Cc1ccc(Nc2ccc(Nc3ccc(C)cc3S(=O)(=O)O)c4C(=O)c5c(O)ccc(O)c5C(=O)c24)c(c1)S(=O)(=O)O,CC1=CC=C(NC2=CC=C(NC3=CC=C(C)C=C3S(=O)(=O)O)C3=C2C(=O)C2=C(O)C=CC(O)=C2C3=O)C(S(=O)(=O)O)=C1
CC(CO)C1CCC2C3CCC4=CC(=O)C=CC4(C)C3CCC12C,CC(CO)C1CCC2C3CCC4=CC(=O)C=CC4(C)C3CCC12C
CCCCCCCCCCCCCCCCP(CCCC)(CCCC)CCCC,CCCCCCCCCCCCCCCC[PH](CCCC)(CCCC)CCCC
CCCCCCCCCCCCCCCCCCP(CCCC)(CCCC)CCCC,CCCCCCCCCCCCCCCCCC[PH](CCCC)(CCCC)CCCC
CCCCP(CCCC)(CCCC)CCCC,CCCC[PH](CCCC)(CCCC)CCCC
CP(Oc1ccccc1)(Oc2ccccc2)Oc3ccccc3,C[PH](OC1=CC=CC=C1)(OC1=CC=CC=C1)OC1=CC=CC=C1
CN(C)c1ccc2Nc3c(Oc2c1)c(O)c(O)cc3C(=O)O,CN(C)C1=CC=C2NC3=C(OC2=C1)C(O)=C(O)C=C3C(=O)O
CCN(CC)c1ccc2Nc3c(Oc2c1)c(O)c(O)cc3C(=O)N,CCN(CC)C1=CC=C2NC3=C(OC2=C1)C(O)=C(O)C=C3C(N)=O
CCN(CC)c1ccc2Nc3ccc(cc3Oc2c1)N(CC)CC,CCN(CC)C1=CC=C2NC3=CC=C(N(CC)CC)C=C3OC2=C1
CN(C)P(On1nnc2ccccc12)(N(C)C)N(C)C,CN(C)[PH](ON1N=NC2=CC=CC=C21)(N(C)C)N(C)C
Clc1cccc2c(C#Cc3ccccc3)c4ccccc4c(C#Cc5ccccc5)c12,ClC1=CC=CC2=C(C#CC3=CC=CC=C3)C3=CC=CC=C3C(C#CC3=CC=CC=C3)=C12
Clc1cccc2c(C#Cc3ccccc3)c4cccc(Cl)c4c(C#Cc5ccccc5)c12,ClC1=CC=CC2=C(C#CC3=CC=CC=C3)C3=CC=CC(Cl)=C3C(C#CC3=CC=CC=C3)=C12
Clc1ccc2c(C#Cc3ccccc3)c4ccccc4c(C#Cc5ccccc5)c2c1,ClC1=CC=C2C(C#CC3=CC=CC=C3)=C3C=CC=CC3=C(C#CC3=CC=CC=C3)C2=C1
c1ccc(cc1)C#Cc2c3ccccc3c(C#Cc4ccccc4)c5ccccc25,C(#CC1=C2C=CC=CC2=C(C#CC2=CC=CC=C2)C2=CC=CC=C12)C1=CC=CC=C1
c1ccc(cc1)C#Cc2c3ccccc3c(C#Cc4ccccc4)c5cc6ccccc6cc25,C(#CC1=C2C=C3C=CC=CC3=CC2=C(C#CC2=CC=CC=C2)C2=CC=CC=C12)C1=CC=CC=C1
CC(O)CN(CCN(CC(C)O)CC(C)O)CCN(CC(C)O)CC(C)O,CC(O)CN(CCN(CC(C)O)CC(C)O)CCN(CC(C)O)CC(C)O
OC1CSCCCSCC(O)CSCCCSC1,OC1CSCCCSCC(O)CSCCCSC1
CCCCCCCCCCCCc1cccc(c1)S(=O)(=O)O,CCCCCCCCCCCCC1=CC=CC(S(=O)(=O)O)=C1
CC(c1ccc(O)cc1)(c2ccc(O)cc2)c3ccc(O)cc3,CC(C1=CC=C(O)C=C1)(C1=CC=C(O)C=C1)C1=CC=C(O)C=C1
CCCCCCCCSC1OC(CO)C(O)C(O)C1O,CCCCCCCCSC1OC(CO)C(O)C(O)C1O
CC(C)N(C(C)C)P(OCCC#N)N(C(C)C)C(C)C,CC(C)N(C(C)C)P(OCCC#N)N(C(C)C)C(C)C
BrC1(C(=C(C(=C1c2ccccc2)c3ccccc3)c4ccccc4)c5ccccc5)c6ccccc6,BrC1(C2=CC=CC=C2)C(C2=CC=CC=C2)=C(C2=CC=CC=C2)C(C2=CC=CC=C2)=C1C1=CC=CC=C1
c1ccc(cc1)C2C(=C(C(=C2c3ccccc3)c4ccccc4)c5ccccc5)c6ccccc6,C1=CC=C(C2=C(C3=CC=CC=C3)C(C3=CC=CC=C3)C(C3=CC=CC=C3)=C2C2=CC=CC=C2)C=C1
CC1(CBr)C2CCC1(C)C(=O)C2Br,CC12CCC(C(Br)C1=O)C2(C)CBr
CC1(CBr)C2CCC1(CBr)C(=O)C2Br,CC1(CBr)C2CCC1(CBr)C(=O)C2Br
CC(CP(c1ccccc1)c2ccccc2)P(c3ccccc3)c4ccccc4,CC(CP(C1=CC=CC=C1)C1=CC=CC=C1)P(C1=CC=CC=C1)C1=CC=CC=C1
Nc1c(cc(cc1c2ccccc2)c3ccccc3)c4ccccc4,NC1=C(C2=CC=CC=C2)C=C(C2=CC=CC=C2)C=C1C1=CC=CC=C1
c1ccc(cc1)c2nnc(nc2c3ccccc3)c4ccnc(c4)c5nnc(c6ccccc6)c(n5)c7ccccc7,C1=CC=C(C2=NN=C(C3=CC=NC(C4=NN=C(C5=CC=CC=C5)C(C5=CC=CC=C5)=N4)=C3)N=C2C2=CC=CC=C2)C=C1
NS(=O)(=O)CC(NC(=O)OCc1ccccc1)C(=O)O,NS(=O)(=O)CC(NC(=O)OCC1=CC=CC=C1)C(=O)O
CC1=C\C(=C(\c2cc(C)c(O)c(c2)C(=O)O)/c3ccccc3S(=O)(=O)O)\C=C(C(=O)O)C1=O,CC1=C/C(=C(/C2=CC(C)=C(O)C(C(=O)O)=C2)C2=CC=CC=C2S(=O)(=O)O)C=C(C(=O)O)C1=O
OC(=O)CN(CCN(CC(=O)O)CC(=O)O)CC(=O)O,O=C(O)CN(CCN(CC(=O)O)CC(=O)O)CC(=O)O
OC(=O)CN(CCN(CC(=O)O)CC(=O)O)CC(=O)O,O=C(O)CN(CCN(CC(=O)O)CC(=O)O)CC(=O)O
CN(C)CCOC(c1ccccc1)c2ccccc2C,CC1=CC=CC=C1C(OCCN(C)C)C1=CC=CC=C1
CN(C)c1ccc(cc1)C(O)(c2ccccc2)c3ccc(cc3)N(C)C,CN(C)C1=CC=C(C(O)(C2=CC=CC=C2)C2=CC=C(N(C)C)C=C2)C=C1
CN(C)c1ccc(cc1)C(=N)c2ccc(cc2)N(C)C,CN(C)C1=CC=C(C(=N)C2=CC=C(N(C)C)C=C2)C=C1
COc1cc(ccc1N)c2ccc(N)c(OC)c2,COC1=CC(C2=CC=C(N)C(OC)=C2)=CC=C1N
CCN(CC)CCNC(=O)c1ccc(NC(=O)C)cc1,CCN(CC)CCNC(=O)C1=CC=C(NC(C)=O)C=C1
CCOc1ccc(cc1)C(=O)NCCN(CC)CC,CCOC1=CC=C(C(=O)NCCN(CC)CC)C=C1
Clc1ccc(NC(=N)NC(=N)NCCCCCCNC(=N)NC(=N)Nc2ccc(Cl)cc2)cc1,N=C(NCCCCCCNC(=N)NC(=N)NC1=CC=C(Cl)C=C1)NC(=N)NC1=CC=C(Cl)C=C1
CN(C)CCC=C1c2ccccc2CCc3ccccc13,CN(C)CCC=C1C2=CC=CC=C2CCC2=CC=CC=C12
CN1CCC(=C2c3ccccc3C=Cc4ccccc24)CC1,CN1CCC(=C2C3=CC=CC=C3C=CC3=CC=CC=C23)CC1
CN(C)C1C2CC3Cc4c(ccc(O)c4C(=O)C3=C(O)C2(O)C(=O)C(=C1O)C(=O)N)N(C)C,CN(C)C1=C2CC3CC4C(N(C)C)C(O)=C(C(N)=O)C(=O)C4(O)C(O)=C3C(=O)C2=C(O)C=C1
COc1cc(N)cc2ccccc12,COC1=CC(N)=CC2=CC=CC=C12
OS(=O)(=O)c1cccc2cccc(Nc3ccccc3)c12,O=S(=O)(O)C1=CC=CC2=CC=CC(NC3=CC=CC=C3)=C12
CC1=CC(=C(c2ccc(N)c(C)c2)c3ccc(N)c(C)c3)C=CC1=N,CC1=CC(=C(C2=CC=C(N)C(C)=C2)C2=CC=C(N)C(C)=C2)C=CC1=N
Cc1cc(ccc1N)C(=C2C=CC(=N)C=C2)c3ccc(N)cc3,CC1=CC(C(=C2C=CC(=N)C=C2)C2=CC=C(N)C=C2)=CC=C1N
Nc1ccc(cc1)C(=C2C=CC(=N)C=C2)c3ccc(N)cc3,N=C1C=CC(=C(C2=CC=C(N)C=C2)C2=CC=C(N)C=C2)C=C1
CC(C)NCC(O)c1ccc(O)c(O)c1,CC(C)NCC(O)C1=CC=C(O)C(O)=C1
NCCc1ccc(OCc2ccccc2)c(OCc3ccccc3)c1,NCCC1=CC=C(OCC2=CC=CC=C2)C(OCC2=CC=CC=C2)=C1
Fc1ccc(CN2C3=NCCN3C(=O)c4ccccc24)cc1,O=C1C2=CC=CC=C2N(CC2=CC=C(F)C=C2)C2=NCCN12
CC(CN1c2ccccc2Sc3ccccc13)N(C)C,CC(CN1C2=CC=CC=C2SC2=CC=CC=C21)N(C)C
CCN(CC)C(C)CN1c2ccccc2Sc3ccccc13,CCN(CC)C(C)CN1C2=CC=CC=C2SC2=CC=CC=C21
CN(C)CCCN1c2ccccc2Sc3ccc(Cl)cc13,CN(C)CCCN1C2=CC=CC=C2SC2=CC=C(Cl)C=C21
CSc1ccc2Sc3ccccc3N(CCC4CCCCN4C)c2c1,CSC1=CC=C2SC3=CC=CC=C3N(CCC3CCCCN3C)C2=C1
CN1CCN(CCCN2c3ccccc3Sc4ccc(cc24)C(F)(F)F)CC1,CN1CCN(CCCN2C3=CC=CC=C3SC3=CC=C(C(F)(F)F)C=C32)CC1
CCN(CCCl)CCCNc1c2ccc(Cl)cc2nc3ccc(OC)cc13,CCN(CCCl)CCCNC1=C2C=CC(Cl)=CC2=NC2=CC=C(OC)C=C12
CCN(CC)CCCC(C)Nc1c2ccc(Cl)cc2nc3ccc(OC)cc13,CCN(CC)CCCC(C)NC1=C2C=CC(Cl)=CC2=NC2=CC=C(OC)C=C12
CN(C)c1ccc2cc3ccc(cc3nc2c1)N(C)C,CN(C)C1=CC=C2C=C3C=CC(N(C)C)=CC3=NC2=C1
CN(C)CCCN1c2ccccc2CCc3ccccc13,CN(C)CCCN1C2=CC=CC=C2CCC2=CC=CC=C21
CCOc1ccc(cc1)c2nc3cc(ccc3[nH]2)c4nc5cc(ccc5[nH]4)N6CCN(C)CC6,CCOC1=CC=C(C2=NC3=CC(C4=NC5=CC(N6CCN(C)CC6)=CC=C5N4)=CC=C3N2)C=C1
CN1CCN(CC1)c2ccc3[nH]c(nc3c2)c4ccc5[nH]c(nc5c4)c6ccc(O)cc6,CN1CCN(C2=CC=C3NC(C4=CC=C5NC(C6=CC=C(O)C=C6)=NC5=C4)=NC3=C2)CC1
NC(=N)c1ccc(cc1)c2cc3ccc(cc3[nH]2)C(=N)N,N=C(N)C1=CC=C(C2=CC3=CC=C(C(=N)N)C=C3N2)C=C1
NCCc1c[nH]c2ccc(OCc3ccccc3)cc12,NCCC1=CNC2=CC=C(OCC3=CC=CC=C3)C=C12
NC(=N)Sc1c[nH]c2ccccc12,N=C(N)SC1=CNC2=CC=CC=C12
COc1ccc(CC(N)C(=O)NC2C(CO)OC(C2O)n3cnc4c(ncnc34)N(C)C)cc1,COC1=CC=C(CC(N)C(=O)NC2C(CO)OC(N3C=NC4=C(N(C)C)N=CN=C43)C2O)C=C1
NCCCCC(NC(=O)C(Cc1c[nH]cn1)NC(=O)CN)C(=O)O,NCCCCC(NC(=O)C(CC1=CNC=N1)NC(=O)CN)C(=O)O
CO\N=C(/C(=O)O)\c1csc(NC(c2ccccc2)(c3ccccc3)c4ccccc4)n1,CO/N=C(\C(=O)O)C1=CSC(NC(C2=CC=CC=C2)(C2=CC=CC=C2)C2=CC=CC=C2)=N1
CN(Cc1cnc2nc(N)nc(N)c2n1)c3ccc(cc3)C(=O)O,CN(CC1=CN=C2N=C(N)N=C(N)C2=N1)C1=CC=C(C(=O)O)C=C1
CC(C)c1nc2nc(N)nc(N)c2nc1C(C)C,CC(C)C1=NC2=NC(N)=NC(N)=C2N=C1C(C)C
CCCCOc1cc(C(=O)NCCN(CC)CC)c2ccccc2n1,CCCCOC1=CC(C(=O)NCCN(CC)CC)=C2C=CC=CC2=N1
Oc1ccc(CC2NCCc3cc(O)c(O)cc23)cc1O,OC1=CC=C(CC2NCCC3=CC(O)=C(O)C=C32)C=C1O
COc1ccc(Cc2nccc3cc(OC)c(OC)cc23)cc1OC,COC1=CC=C(CC2=NC=CC3=CC(OC)=C(OC)C=C23)C=C1OC
CN1CCc2cc(O)c(O)cc2C1Cc3ccc(O)c(O)c3,CN1CCC2=CC(O)=C(O)C=C2C1CC1=CC=C(O)C(O)=C1
Nc1nccc(Nc2ccc(cc2)S(=O)(=O)N)n1,NC1=NC=CC(NC2=CC=C(S(N)(=O)=O)C=C2)=N1
Nc1cc(O)nc(N)n1,NC1=CC(O)=NC(N)=N1
o1c(cnc1c2ccncc2)c3ccccc3,C1=CC=C(C2=CN=C(C3=CC=NC=C3)O2)C=C1
CN1CCC(CC1)OC(c2ccccc2)c3ccccc3,CN1CCC(OC(C2=CC=CC=C2)C2=CC=CC=C2)CC1
NCCCNCCCCNCCCN,NCCCNCCCCNCCCN
Cc1cc(cc(C)c1N)c2cc(C)c(N)c(C)c2,CC1=CC(C2=CC(C)=C(N)C(C)=C2)=CC(C)=C1N
Nc1cc(Br)cc(Br)c1N,NC1=CC(Br)=CC(Br)=C1N
Nc1ccc(cc1N)c2ccc(N)c(N)c2,NC1=CC=C(C2=CC=C(N)C(N)=C2)C=C1N
Oc1c(O)c(cc2C(=O)c3ccccc3C(=O)c12)S(=O)(=O)O,O=C1C2=CC=CC=C2C(=O)C2=C1C=C(S(=O)(=O)O)C(O)=C2O
CC(CCC(=O)NCCS(=O)(=O)O)C1CCC2C3C(O)CC4CC(O)CCC4(C)C3CC(O)C12C,CC(CCC(=O)NCCS(=O)(=O)O)C1CCC2C3C(O)CC4CC(O)CCC4(C)C3CC(O)C12C
CC1=C\C(=C(\c2cc(C)c(O)cc2C)/c3ccccc3S(=O)(=O)O)\C(=CC1=O)C,CC1=C/C(=C(/C2=CC(C)=C(O)C=C2C)C2=CC=CC=C2S(=O)(=O)O)C(C)=CC1=O
CCOC(CNC(=N)N)OCC,CCOC(CNC(=N)N)OCC
Nc1nc(N)c2[nH]c(O)nc2n1,NC1=NC(N)=C2NC(O)=NC2=N1
Cc1ccc2nc(sc2c1S(=O)(=O)O)c3ccc(N\N=N\c4ccc(cc4)c5nc6ccc(C)c(c6s5)S(=O)(=O)O)cc3,CC1=CC=C2N=C(C3=CC=C(/N=N/NC4=CC=C(C5=NC6=CC=C(C)C(S(=O)(=O)O)=C6S5)C=C4)C=C3)SC2=C1S(=O)(=O)O
NC(=O)c1c[nH]nc1N,NC(=O)C1=CNN=C1N
Oc1cccc2cccnc12,OC1=CC=CC2=CC=CN=C12
c1ccc(cc1)C(c2ccccc2)c3ccccc3,C1=CC=C(C(C2=CC=CC=C2)C2=CC=CC=C2)C=C1
Cc1cc(ccc1N)C(=C2C=CC(=N)C=C2)c3ccc(N)cc3,CC1=CC(C(=C2C=CC(=N)C=C2)C2=CC=C(N)C=C2)=CC=C1N
CC(C)NCC(O)c1ccc(O)c(O)c1,CC(C)NCC(O)C1=CC=C(O)C(O)=C1
CNc1ccc(O)cc1,CNC1=CC=C(O)C=C1
CNC(C)C(O)c1ccccc1,CNC(C)C(O)C1=CC=CC=C1
C1Cc2c(n[nH]c2c3ccncc3)c4ccccc14,C1=CC=C2C(=C1)CCC1=C(C3=CC=NC=C3)NN=C21
CCOc1ccc2nc3cc(N)ccc3c(N)c2c1,CCOC1=CC=C2N=C3C=C(N)C=CC3=C(N)C2=C1
Nc1ccc2cc3ccc(N)cc3nc2c1,NC1=CC=C2C=C3C=CC(N)=CC3=NC2=C1
C1CNCCNCCNCCNCCNCCN1,C1CNCCNCCNCCNCCNCCN1
Nc1nc(N)c2[nH]cnc2n1,NC1=NC(N)=C2NC=NC2=N1
OS(=O)(=O)c1ccc2N\C(=C/3\Nc4c(cc(cc4S(=O)(=O)O)S(=O)(=O)O)C3=O)\C(=O)c2c1,O=C1/C(=C2\NC3=C(C=C(S(=O)(=O)O)C=C3S(=O)(=O)O)C2=O)NC2=CC=C(S(=O)(=O)O)C=C12
O=C(Nc1cccc(c1)C2=NCCN2)Nc3cccc(c3)C4=NCCN4,O=C(NC1=CC=CC(C2=NCCN2)=C1)NC1=CC=CC(C2=NCCN2)=C1
NCCc1c[nH]c2ccc(O)cc12,NCCC1=CNC2=CC=C(O)C=C12
COc1cc(NC(C)CCCN)c2ncccc2c1,COC1=CC(NC(C)CCCN)=C2N=CC=CC2=C1
Nc1cc(N)ncn1,NC1=CC(N)=NC=N1
Nc1ccccc1CCc2ccccc2N,NC1=CC=CC=C1CCC1=CC=CC=C1N
CN1C(=O)N(C)c2nc[nH]c2C1=O,CN1C(=O)C2=C(N=CN2)N(C)C1=O
c1ccncc1,C1=CC=NC=C1
Clc1ccc(NC(=O)Nc2ccc(Cl)c(Cl)c2)cc1,O=C(NC1=CC=C(Cl)C=C1)NC1=CC=C(Cl)C(Cl)=C1
Fc1c(F)c(F)c(OC(=O)OCC2c3ccccc3c4ccccc24)c(F)c1F,O=C(OCC1C2=CC=CC=C2C2=CC=CC=C21)OC1=C(F)C(F)=C(F)C(F)=C1F
Cc1cc(C)c(Nc2cc(c(N)c3C(=O)c4ccccc4C(=O)c23)S(=O)(=O)O)c(C)c1,CC1=CC(C)=C(NC2=CC(S(=O)(=O)O)=C(N)C3=C2C(=O)C2=CC=CC=C2C3=O)C(C)=C1
CN(C)Cc1ccc(Nc2ccc(N)c3C(=O)c4ccccc4C(=O)c23)cc1,CN(C)CC1=CC=C(NC2=CC=C(N)C3=C2C(=O)C2=CC=CC=C2C3=O)C=C1
Cc1cc(cc(c1N)S(=O)(=O)O)\C(=C/2\C=CC(=N)C(=C2)S(=O)(=O)O)\c3ccc(N)c(c3)S(=O)(=O)O,CC1=CC(/C(=C2/C=CC(=N)C(S(=O)(=O)O)=C2)C2=CC=C(N)C(S(=O)(=O)O)=C2)=CC(S(=O)(=O)O)=C1N
Oc1c(cc(cc1c2ccccc2)c3ccccc3)c4ccccc4,OC1=C(C2=CC=CC=C2)C=C(C2=CC=CC=C2)C=C1C1=CC=CC=C1
OC(=O)CN(CCN(CC(=O)O)CC(=O)O)CC(=O)O,O=C(O)CN(CCN(CC(=O)O)CC(=O)O)CC(=O)O
C(Sc1ccccc1)C=C(Sc2ccccc2)Sc3ccccc3,C(CSC1=CC=CC=C1)=C(SC1=CC=CC=C1)SC1=CC=CC=C1
CN1c2ccccc2C(C)(C)C13Oc4c(N=C3)c5ccccc5c6ccccc46,CN1C2=CC=CC=C2C(C)(C)C12C=NC1=C(O2)C2=CC=CC=C2C2=CC=CC=C12
CN1c2ccc(Cl)cc2C(C)(C)C13Oc4c(N=C3)c5ccccc5c6ccccc46,CN1C2=CC=C(Cl)C=C2C(C)(C)C12C=NC1=C(O2)C2=CC=CC=C2C2=CC=CC=C12
CN1c2ccccc2C(C)(C)C13Oc4ccc5ccccc5c4N=C3,CN1C2=CC=CC=C2C(C)(C)C12C=NC1=C3C=CC=CC3=CC=C1O2
CN1c2ccc(Cl)cc2C(C)(C)C13Oc4ccc5ccccc5c4N=C3,CN1C2=CC=C(Cl)C=C2C(C)(C)C12C=NC1=C3C=CC=CC3=CC=C1O2
COc1ccc2nc3cc(Cl)ccc3c(NCCCNCCCl)c2c1,COC1=CC=C2N=C3C=C(Cl)C=CC3=C(NCCCNCCCl)C2=C1
C1COCCN2CCOCCOCCN(CCO1)CCOc3ccccc3OCC2,C1=CC=C2OCCN3CCOCCOCCN(CCOCCOCC3)CCOC2=C1
C1CNCCCNCCCNC1,C1CNCCCNCCCNC1
OS(=O)(=O)c1ccc(cc1)c2ccnc(c2)c3nnc(c4ccc(cc4)S(=O)(=O)O)c(n3)c5ccc(cc5)S(=O)(=O)O,O=S(=O)(O)C1=CC=C(C2=CC=NC(C3=NN=C(C4=CC=C(S(=O)(=O)O)C=C4)C(C4=CC=C(S(=O)(=O)O)C=C4)=N3)=C2)C=C1
CC(C)C1CCC(C)CC1P(c2ccccc2)c3ccccc3,CC1CCC(C(C)C)C(P(C2=CC=CC=C2)C2=CC=CC=C2)C1
C1CSCCSCCSCCSCCSCCSCCSCCS1,C1CSCCSCCSCCSCCSCCSCCSCCS1
CCCCN1C(=O)C(=C\C=C\C=C\2/Oc3ccccc3N2CCCS(=O)(=O)O)C(=O)N(CCCC)C1=S,CCCCN1C(=O)C(=C/C=C/C=C2\OC3=CC=CC=C3N2CCCS(=O)(=O)O)C(=O)N(CCCC)C1=S
Cc1c(Br)cc(Br)cc1Br,CC1=C(Br)C=C(Br)C=C1Br
BrC(C(=O)C(Br)c1ccccc1)c2ccccc2,O=C(C(Br)C1=CC=CC=C1)C(Br)C1=CC=CC=C1
CCCCCCCCCCCCCCCCCCCCBr,CCCCCCCCCCCCCCCCCCCCBr
CCCCCCCCCCCCCCCCCCCCCCBr,CCCCCCCCCCCCCCCCCCCCCCBr
FC(F)(F)c1cc(Br)ccc1Br,FC(F)(F)C1=CC(Br)=CC=C1Br
FC(F)(F)c1ccc(cc1)C(=O)c2cccc(c2)C(F)(F)F,O=C(C1=CC=C(C(F)(F)F)C=C1)C1=CC=CC(C(F)(F)F)=C1
FC(F)(F)C(F)(Br)C(F)(F)Br,FC(F)(F)C(F)(Br)C(F)(F)Br
FC(F)(F)C(F)(F)C(F)(F)C(F)(F)C(F)(F)C(F)(F)C(F)(F)Br,FC(F)(F)C(F)(F)C(F)(F)C(F)(F)C(F)(F)C(F)(F)C(F)(F)Br
FC(F)(F)C(F)(F)C(F)(F)C(F)(F)C(F)(F)C(F)(F)C(F)(F)C(F)(F)C(F)(F)C(F)(F)C(F)(F)C(F)(F)C(F)(F)C(F)(F)F,FC(F)(F)C(F)(F)C(F)(F)C(F)(F)C(F)(F)C(F)(F)C(F)(F)C(F)(F)C(F)(F)C(F)(F)C(F)(F)C(F)(F)C(F)(F)C(F)(F)F
FC(=C(F)C(F)(F)C(F)(F)C(F)(F)C(F)(F)C(F)(F)F)F,FC(F)=C(F)C(F)(F)C(F)(F)C(F)(F)C(F)(F)C(F)(F)F
Clc1cccc(Cl)c1OP(=O)(Oc2c(Cl)cccc2Cl)Oc3c(Cl)cccc3Cl,O=P(OC1=C(Cl)C=CC=C1Cl)(OC1=C(Cl)C=CC=C1Cl)OC1=C(Cl)C=CC=C1Cl
Clc1cccc(Cl)c1COCc2c(Cl)cccc2Cl,ClC1=CC=CC(Cl)=C1COCC1=C(Cl)C=CC=C1Cl
Clc1ccc(OP(Oc2ccc(Cl)cc2)Oc3ccc(Cl)cc3)cc1,ClC1=CC=C(OP(OC2=CC=C(Cl)C=C2)OC2=CC=C(Cl)C=C2)C=C1
ClCC(Cl)COP(=O)(OCC(Cl)CCl)OCC(Cl)CCl,O=P(OCC(Cl)CCl)(OCC(Cl)CCl)OCC(Cl)CCl
FC(F)(F)C(F)(F)C(F)(F)C(F)(F)C(F)(F)C(F)(F)C(F)(F)I,FC(F)(F)C(F)(F)C(F)(F)C(F)(F)C(F)(F)C(F)(F)C(F)(F)I
FC(F)(F)C(F)(F)C(F)(F)CI,FC(F)(F)C(F)(F)C(F)(F)CI
FC(F)(F)C1(F)C(F)(F)C(F)(F)C1(F)C(F)(F)F,FC(F)(F)C1(F)C(F)(F)C(F)(F)C1(F)C(F)(F)F
C1CCCC1,C1CCCC1
CC(C)C1CCC(C)CC1P(c2ccccc2)c3ccccc3,CC1CCC(C(C)C)C(P(C2=CC=CC=C2)C2=CC=CC=C2)C1
CC1CCC(CC1)N(C2CCC(C)CC2)C3CCC(C)CC3,CC1CCC(N(C2CCC(C)CC2)C2CCC(C)CC2)CC1
BrC1=C(Br)C(=O)C(=C(Br)C1=O)Br,O=C1C(Br)=C(Br)C(=O)C(Br)=C1Br
IC1=CC(=O)C=C(I)C1=O,O=C1C=C(I)C(=O)C(I)=C1
Oc1c(Br)cc(cc1Br)C(=C2C=C(Br)C(=O)C(=C2)Br)c3ccccc3S(=O)(=O)O,O=C1C(Br)=CC(=C(C2=CC(Br)=C(O)C(Br)=C2)C2=CC=CC=C2S(=O)(=O)O)C=C1Br
O=P(\C=C/P(=O)(c1ccccc1)c2ccccc2)(c3ccccc3)c4ccccc4,O=P(/C=C\P(=O)(C1=CC=CC=C1)C1=CC=CC=C1)(C1=CC=CC=C1)C1=CC=CC=C1
O=P(CCP(=O)(c1ccccc1)c2ccccc2)(c3ccccc3)c4ccccc4,O=P(CCP(=O)(C1=CC=CC=C1)C1=CC=CC=C1)(C1=CC=CC=C1)C1=CC=CC=C1
CC(C)(c1cc(Br)c(O)c(Br)c1)c2cc(Br)c(O)c(Br)c2,CC(C)(C1=CC(Br)=C(O)C(Br)=C1)C1=CC(Br)=C(O)C(Br)=C1
Oc1c(Br)c(Br)c(O)c(Br)c1Br,OC1=C(Br)C(Br)=C(O)C(Br)=C1Br
OC(=O)c1c(Cl)c(Cl)c(C(=O)O)c(Cl)c1Cl,O=C(O)C1=C(Cl)C(Cl)=C(C(=O)O)C(Cl)=C1Cl
CCCCCCCCCCCCCCCCCCCCCCCCCCC(=O)O,CCCCCCCCCCCCCCCCCCCCCCCCCCC(=O)O
CC(CP(c1ccccc1)c2ccccc2)(CP(c3ccccc3)c4ccccc4)CP(c5ccccc5)c6ccccc6,CC(CP(C1=CC=CC=C1)C1=CC=CC=C1)(CP(C1=CC=CC=C1)C1=CC=CC=C1)CP(C1=CC=CC=C1)C1=CC=CC=C1
C1CN(C(=C2N(CCN2c3ccccc3)c4ccccc4)N1c5ccccc5)c6ccccc6,C1=CC=C(N2CCN(C3=CC=CC=C3)C2=C2N(C3=CC=CC=C3)CCN2C2=CC=CC=C2)C=C1
CC1(C)OC(CP(c2ccccc2)c3ccccc3)C(CP(c4ccccc4)c5ccccc5)O1,CC1(C)OC(CP(C2=CC=CC=C2)C2=CC=CC=C2)C(CP(C2=CC=CC=C2)C2=CC=CC=C2)O1
C1CCC(CC1)OP(OC2CCCCC2)OC3CCCCC3,C1CCC(OP(OC2CCCCC2)OC2CCCCC2)CC1
S=P(C1CCCCC1)(C2CCCCC2)C3CCCCC3,S=P(C1CCCCC1)(C1CCCCC1)C1CCCCC1
c1ccc(cc1)c2cc3ccccc3c(c4ccccc4)c2c5ccccc5,C1=CC=C(C2=CC3=CC=CC=C3C(C3=CC=CC=C3)=C2C2=CC=CC=C2)C=C1
CCCCCCCCCc1ccc2cc(CCCCCCCCC)cc(c2c1)S(=O)(=O)O,CCCCCCCCCC1=CC2=CC=C(CCCCCCCCC)C=C2C(S(=O)(=O)O)=C1
FC(F)(F)C1(F)C(F)(F)C(F)(F)C(F)(F)C2(F)C(F)(F)C(F)(F)C(F)(F)C(F)(F)C12F,FC(F)(F)C1(F)C(F)(F)C(F)(F)C(F)(F)C2(F)C(F)(F)C(F)(F)C(F)(F)C(F)(F)C12F
CCCCCCCCCCCCCCCCC(C(=O)O)C(=O)O,CCCCCCCCCCCCCCCCC(C(=O)O)C(=O)O
CC(C(O)c1ccccc1)N(C)C\C=C\c2ccccc2,CC(C(O)C1=CC=CC=C1)N(C)C/C=C/C1=CC=CC=C1
N(c1ccccc1)C(c2ccccc2)(c3ccccc3)c4ccccc4,C1=CC=C(NC(C2=CC=CC=C2)(C2=CC=CC=C2)C2=CC=CC=C2)C=C1
c1ccc(cc1)C(c2ccccc2)(c3ccccc3)c4ccccc4,C1=CC=C(C(C2=CC=CC=C2)(C2=CC=CC=C2)C2=CC=CC=C2)C=C1
C(N(Cc1ccccc1)c2ccc(cc2)N(Cc3ccccc3)Cc4ccccc4)c5ccccc5,C1=CC=C(CN(CC2=CC=CC=C2)C2=CC=C(N(CC3=CC=CC=C3)CC3=CC=CC=C3)C=C2)C=C1
O=P(Cc1ccccc1)(Cc2ccccc2)Cc3ccccc3,O=P(CC1=CC=CC=C1)(CC1=CC=CC=C1)CC1=CC=CC=C1
C(P(Cc1ccccc1)Cc2ccccc2)c3ccccc3,C1=CC=C(CP(CC2=CC=CC=C2)CC2=CC=CC=C2)C=C1
C(=C(\C(=C\c1ccccc1)\c2ccccc2)/c3ccccc3)/c4ccccc4,C(=C(C(=C/C1=CC=CC=C1)/C1=CC=CC=C1)\C1=CC=CC=C1)\C1=CC=CC=C1
S=C=NC(c1ccccc1)(c2ccccc2)c3ccccc3,S=C=NC(C1=CC=CC=C1)(C1=CC=CC=C1)C1=CC=CC=C1
CP(=S)(c1ccccc1)P(=S)(C)c2ccccc2,CP(=S)(C1=CC=CC=C1)P(C)(=S)C1=CC=CC=C1
FC(F)(F)C(F)(F)C(F)(F)C(F)(F)C1(F)OC(F)(F)C(F)(F)C1(F)F,FC(F)(F)C(F)(F)C(F)(F)C(F)(F)C1(F)OC(F)(F)C(F)(F)C1(F)F
Brc1cc(Br)c(Br)s1,BrC1=CC(Br)=C(Br)S1
Ic1sc(I)c(I)c1I,IC1=C(I)C(I)=C(I)S1
Ic1ccc(I)s1,IC1=CC=C(I)S1
c1ccc(cc1)c2sc(c3ccccc3)c(c4ccccc4)c2c5ccccc5,C1=CC=C(C2=C(C3=CC=CC=C3)C(C3=CC=CC=C3)=C(C3=CC=CC=C3)S2)C=C1
Oc1ccccc1\C=N\c2oc3ccccc3c2\N=C\c4ccccc4O,OC1=CC=CC=C1/C=N/C1=C(/N=C/C2=CC=CC=C2O)C2=CC=CC=C2O1
O=C1N(SN2C(=O)c3ccccc3C2=O)C(=O)c4ccccc14,O=C1C2=CC=CC=C2C(=O)N1SN1C(=O)C2=CC=CC=C2C1=O
C(N1CN(Cc2ccccc2)CN(Cc3ccccc3)C1)c4ccccc4,C1=CC=C(CN2CN(CC3=CC=CC=C3)CN(CC3=CC=CC=C3)C2)C=C1
c1ccc(nc1)c2nc(c3ccccn3)c(nc2c4ccccn4)c5ccccn5,C1=CC=C(C2=NC(C3=CC=CC=N3)=C(C3=CC=CC=N3)N=C2C2=CC=CC=N2)N=C1
FC(F)(F)C(F)(F)N1C(F)(F)C(F)(F)OC(F)(F)C1(F)F,FC(F)(F)C(F)(F)N1C(F)(F)C(F)(F)OC(F)(F)C1(F)F
c1ccc(cc1)c2cc(nc(c2)c3ccccc3)c4ccccc4,C1=CC=C(C2=CC(C3=CC=CC=C3)=NC(C3=CC=CC=C3)=C2)C=C1
CC(C)CCCCCCCOP1OCC2(COP(OCCCCCCCC(C)C)OC2)CO1,CC(C)CCCCCCCOP1OCC2(CO1)COP(OCCCCCCCC(C)C)OC2
OC(=O)c1cc(nc2ccccc12)c3cc(C(=O)O)c4ccccc4n3,O=C(O)C1=CC(C2=CC(C(=O)O)=C3C=CC=CC3=N2)=NC2=CC=CC=C12
OC(=O)c1ccccc1C(O)(c2ccc(OS(=O)(=O)O)cc2)c3ccc(OS(=O)(=O)O)cc3,O=C(O)C1=CC=CC=C1C(O)(C1=CC=C(OS(=O)(=O)O)C=C1)C1=CC=C(OS(=O)(=O)O)C=C1
Cc1c(Br)cc(Br)c(N)c1Br,CC1=C(Br)C=C(Br)C(N)=C1Br
Nc1c(Br)cc(cc1Br)S(=O)(=O)N,NC1=C(Br)C=C(S(N)(=O)=O)C=C1Br
COc1ccc(cc1)C(O)(c2ccc(OC)cc2)c3ccc(OC)cc3,COC1=CC=C(C(O)(C2=CC=C(OC)C=C2)C2=CC=C(OC)C=C2)C=C1
COc1ccc(cc1)C(c2ccccc2)c3ccc(OC)cc3,COC1=CC=C(C(C2=CC=CC=C2)C2=CC=C(OC)C=C2)C=C1
Cc1ccccc1OP(Oc2ccccc2C)Oc3ccccc3C,CC1=CC=CC=C1OP(OC1=CC=CC=C1C)OC1=CC=CC=C1C
Cc1ccc(OP(=S)(Oc2ccc(C)cc2)Oc3ccc(C)cc3)cc1,CC1=CC=C(OP(=S)(OC2=CC=C(C)C=C2)OC2=CC=C(C)C=C2)C=C1
Cc1ccc(cc1)S(=O)(=O)NS(=O)(=O)c2ccc(C)cc2,CC1=CC=C(S(=O)(=O)NS(=O)(=O)C2=CC=C(C)C=C2)C=C1
Cc1ccc(cc1)C(O)(c2ccc(C)cc2)c3ccc(C)cc3,CC1=CC=C(C(O)(C2=CC=C(C)C=C2)C2=CC=C(C)C=C2)C=C1
Cc1cccc(OP(=O)(Oc2ccccc2)Oc3ccccc3)c1,CC1=CC=CC(OP(=O)(OC2=CC=CC=C2)OC2=CC=CC=C2)=C1
C=CCCCCCCCCCCCCCCCCCCC=C,C=CCCCCCCCCCCCCCCCCCCC=C
CC(C)CCCCCOP(OCCCCCC(C)C)OCCCCCC(C)C,CC(C)CCCCCOP(OCCCCCC(C)C)OCCCCCC(C)C
CC(C)CCCCCCCOP(OCCCCCCCC(C)C)Oc1ccccc1,CC(C)CCCCCCCOP(OCCCCCCCC(C)C)OC1=CC=CC=C1
CC(C)CCCCCCCOP(OCCCCCCCC(C)C)OCCCCCCCC(C)C,CC(C)CCCCCCCOP(OCCCCCCCC(C)C)OCCCCCCCC(C)C
CCCCCCCCCCOP(=O)OCCCCCCCCCC,CCCCCCCCCCO[PH](=O)OCCCCCCCCCC
CCCCCCCCCCOP(=O)(O)OCCCCCCCCCC,CCCCCCCCCCOP(=O)(O)OCCCCCCCCCC
CCCCCCCCCCCCOP(=O)OCCCCCCCCCCCC,CCCCCCCCCCCCO[PH](=O)OCCCCCCCCCCCC
CCCCCCCCCCCCOP(OCCCCCCCCCCCC)OCCCCCCCCCCCC,CCCCCCCCCCCCOP(OCCCCCCCCCCCC)OCCCCCCCCCCCC
CCCCCCCCCCCCOP(=O)(O)OCCCCCCCCCCCC,CCCCCCCCCCCCOP(=O)(O)OCCCCCCCCCCCC
CCCCCCCCCCCCSP(SCCCCCCCCCCCC)SCCCCCCCCCCCC,CCCCCCCCCCCCSP(SCCCCCCCCCCCC)SCCCCCCCCCCCC
CCCN(CCC)P(N(CCC)CCC)N(CCC)CCC,CCCN(CCC)P(N(CCC)CCC)N(CCC)CCC
CCCCN(CCCC)P(N(CCCC)CCCC)N(CCCC)CCCC,CCCCN(CCCC)P(N(CCCC)CCCC)N(CCCC)CCCC
CCCCC(CC)COP(OCC(CC)CCCC)OCC(CC)CCCC,CCCCC(CC)COP(OCC(CC)CCCC)OCC(CC)CCCC
CCCCCCCCCCCCCCCCCCCCCCCCCCCCCCCCCCCCCCCC,CCCCCCCCCCCCCCCCCCCCCCCCCCCCCCCCCCCCCCCC
CCCCCCCCCCCCCCCCCCCCCCCCCCCCCCCCCCCCCCCCCCCC,CCCCCCCCCCCCCCCCCCCCCCCCCCCCCCCCCCCCCCCCCCCC
CCCCCCOP(OCCCCCC)OCCCCCC,CCCCCCOP(OCCCCCC)OCCCCCC
CCCCCCCCP(CCCCCCCC)c1ccccc1,CCCCCCCCP(CCCCCCCC)C1=CC=CC=C1
CCCCCCCCP(CCCCCCCC)CCCCCCCC,CCCCCCCCP(CCCCCCCC)CCCCCCCC
CCCCCCCCCc1ccccc1OP(Oc2ccccc2CCCCCCCCC)Oc3ccccc3CCCCCCCCC,CCCCCCCCCC1=CC=CC=C1OP(OC1=CC=CC=C1CCCCCCCCC)OC1=CC=CC=C1CCCCCCCCC
CCCCCOP(=O)(OCCCCC)OCCCCC,CCCCCOP(=O)(OCCCCC)OCCCCC
CCCCCCOP(=O)(OCCCCCC)OCCCCCC,CCCCCCOP(=O)(OCCCCCC)OCCCCCC
CCCCCCCCOP(=O)(OCCCCCCCC)OCCCCCCCC,CCCCCCCCOP(=O)(OCCCCCCCC)OCCCCCCCC
CCCCCCP(=O)(CCCCCC)CP(=O)(CCCCCC)CCCCCC,CCCCCCP(=O)(CCCCCC)CP(=O)(CCCCCC)CCCCCC
C(P(c1ccccc1)c2ccccc2)c3ccccc3CP(c4ccccc4)c5ccccc5,C1=CC=C(P(CC2=CC=CC=C2CP(C2=CC=CC=C2)C2=CC=CC=C2)C2=CC=CC=C2)C=C1
CCCCCCCCOP(=O)(OCCCCCCCC)Oc1ccccc1,CCCCCCCCOP(=O)(OCCCCCCCC)OC1=CC=CC=C1
Fc1c(F)c(F)c(NC(=O)Nc2c(F)c(F)c(F)c(F)c2F)c(F)c1F,O=C(NC1=C(F)C(F)=C(F)C(F)=C1F)NC1=C(F)C(F)=C(F)C(F)=C1F
FC(F)(F)c1cc(cc(c1)C(F)(F)F)C(=O)c2ccccc2,O=C(C1=CC=CC=C1)C1=CC(C(F)(F)F)=CC(C(F)(F)F)=C1
C(CP(C1CCCCC1)C2CCCCC2)P(C3CCCCC3)C4CCCCC4,C1CCC(P(CCP(C2CCCCC2)C2CCCCC2)C2CCCCC2)CC1
c1ccc(cc1)P(C(P(c2ccccc2)c3ccccc3)P(c4ccccc4)c5ccccc5)c6ccccc6,C1=CC=C(P(C2=CC=CC=C2)C(P(C2=CC=CC=C2)C2=CC=CC=C2)P(C2=CC=CC=C2)C2=CC=CC=C2)C=C1
CCCCCCCCCCCCCCCCCCCCCCCCCCCCCCCCCCCCCCCCC,CCCCCCCCCCCCCCCCCCCCCCCCCCCCCCCCCCCCCCCCC
Nc1ccc(Oc2ccc(cc2)C(c3ccc(Oc4ccc(N)cc4)cc3)(C(F)(F)F)C(F)(F)F)cc1,NC1=CC=C(OC2=CC=C(C(C3=CC=C(OC4=CC=C(N)C=C4)C=C3)(C(F)(F)F)C(F)(F)F)C=C2)C=C1
FC(=C(C(F)(F)F)C(F)(F)F)C(F)(F)C(F)(F)F,FC(=C(C(F)(F)F)C(F)(F)F)C(F)(F)C(F)(F)F
Clc1ccccc1OP(=O)(Cl)Oc2ccccc2Cl,O=P(Cl)(OC1=CC=CC=C1Cl)OC1=CC=CC=C1Cl
BrC1(Br)CC1(c2ccccc2)c3ccccc3,BrC1(Br)CC1(C1=CC=CC=C1)C1=CC=CC=C1
CCCCCCCCCCCCCCCCP(=O)(O)O,CCCCCCCCCCCCCCCCP(=O)(O)O
CCCCCCCCCCCCCCCCCP(=O)(O)O,CCCCCCCCCCCCCCCCCP(=O)(O)O
CCCCCCCCCCCCCCCCCCP(=O)(O)O,CCCCCCCCCCCCCCCCCCP(=O)(O)O
SC(=S)N(Cc1ccccc1)Cc2ccccc2,S=C(S)N(CC1=CC=CC=C1)CC1=CC=CC=C1
CCCCCCCCCCCCNc1ncnc2nc[nH]c12,CCCCCCCCCCCCNC1=NC=NC2=C1NC=N2
ClP1(=NP(=NP(=NP(=N1)(Cl)Cl)(Cl)Cl)(Cl)Cl)Cl,ClP1(Cl)=NP(Cl)(Cl)=NP(Cl)(Cl)=NP(Cl)(Cl)=N1
CC(C)(C)OC(=O)Oc1c(Cl)c(Cl)c(Cl)c(Cl)c1Cl,CC(C)(C)OC(=O)OC1=C(Cl)C(Cl)=C(Cl)C(Cl)=C1Cl
III,I[IH]I
Brc1ccc(cc1)C(=O)c2ccc(Br)cc2,O=C(C1=CC=C(Br)C=C1)C1=CC=C(Br)C=C1
OC(c1ccc(Br)cc1)c2ccc(Br)cc2,OC(C1=CC=C(Br)C=C1)C1=CC=C(Br)C=C1
Cc1cc(O)c2C(=O)c3c(O)cc(OC4OCC(O)(CO)C4O)cc3C(=O)c2c1,CC1=CC(O)=C2C(=O)C3=C(O)C=C(OC4OCC(O)(CO)C4O)C=C3C(=O)C2=C1
C\C(=C/C=C/C=C(\C)/C=C/C=C(\C)/C=C/C1=C(C)C(=O)CCC1(C)C)\C=C\C=C(/C)\C=C\C2=C(C)C(=O)CCC2(C)C,CC1=C(/C=C/C(C)=C/C=C/C(C)=C/C=C/C=C(C)/C=C/C=C(C)/C=C/C2=C(C)C(=O)CCC2(C)C)C(C)(C)CCC1=O
COc1cc(\C=C\2/CCc3ccccc3C2=O)cc(OC)c1OC,COC1=CC(/C=C2\CCC3=CC=CC=C3C2=O)=CC(OC)=C1OC
Oc1c(I)cc(cc1I)C#N,N#CC1=CC(I)=C(O)C(I)=C1
COc1cc(O)c(C(=O)\C=C\c2ccc(O)cc2)c(OC)c1,COC1=CC(O)=C(C(=O)/C=C/C2=CC=C(O)C=C2)C(OC)=C1
CC(=O)Nc1c(I)cc(I)c(C(=O)O)c1I,CC(=O)NC1=C(I)C=C(I)C(C(=O)O)=C1I
COc1c(Br)cc(Br)cc1C(=O)O,COC1=C(Br)C=C(Br)C=C1C(=O)O
COc1c(Br)cc(cc1Br)C(=O)O,COC1=C(Br)C=C(C(=O)O)C=C1Br
OC(=O)c1cc(I)c(I)c(I)c1,O=C(O)C1=CC(I)=C(I)C(I)=C1
OC(=O)c1cc(I)c(Oc2cc(I)c(O)c(I)c2)c(I)c1,O=C(O)C1=CC(I)=C(OC2=CC(I)=C(O)C(I)=C2)C(I)=C1
OC(=O)c1cc(I)c(O)c(I)c1,O=C(O)C1=CC(I)=C(O)C(I)=C1
NC(Cc1cc(I)c(O)c(I)c1)C(=O)O,NC(CC1=CC(I)=C(O)C(I)=C1)C(=O)O
O=C(c1ccc(cc1)c2ccccc2)c3ccc(cc3)c4ccccc4,O=C(C1=CC=C(C2=CC=CC=C2)C=C1)C1=CC=C(C2=CC=CC=C2)C=C1
O=C(c1ccccc1)c2cc(cc(c2)C(=O)c3ccccc3)C(=O)c4ccccc4,O=C(C1=CC=CC=C1)C1=CC(C(=O)C2=CC=CC=C2)=CC(C(=O)C2=CC=CC=C2)=C1
OCC1OC(Oc2cccc(O)c2C(=O)CCc3ccc(O)cc3)C(O)C(O)C1O,O=C(CCC1=CC=C(O)C=C1)C1=C(O)C=CC=C1OC1OC(CO)C(O)C(O)C1O
COc1ccccc1C2=CC(=O)c3ccc4ccccc4c3O2,COC1=CC=CC=C1C1=CC(=O)C2=CC=C3C=CC=CC3=C2O1
COc1ccccc1C2=CC(=O)c3c(O2)ccc4ccccc34,COC1=CC=CC=C1C1=CC(=O)C2=C(C=CC3=CC=CC=C32)O1
CN1C2N(CCc3c2[nH]c4ccccc34)C(=O)c5ccccc15,CN1C2=CC=CC=C2C(=O)N2CCC3=C(NC4=CC=CC=C34)C21
Cc1cc(O)c2C(=O)c3c(O)cc(O)c4c5c(O)cc(O)c6C(=O)c7c(O)cc(C)c8c1c2c(c34)c(c78)c56,CC1=CC(O)=C2C(=O)C3=C4C(=C(O)C=C3O)C3=C5C(=C(O)C=C3O)C(=O)C3=C(O)C=C(C)C6=C1C2=C4C5=C36
COc1ccc(cc1)C2=CC(=O)c3c(O2)ccc4ccccc34,COC1=CC=C(C2=CC(=O)C3=C(C=CC4=CC=CC=C43)O2)C=C1
Nc1c(Br)cc(Br)c(C(=O)O)c1Br,NC1=C(Br)C=C(Br)C(C(=O)O)=C1Br
OC1COC(OC2=C(Oc3cc(O)cc(O)c3C2=O)c4ccc(O)c(O)c4)C(O)C1O,O=C1C(OC2OCC(O)C(O)C2O)=C(C2=CC=C(O)C(O)=C2)OC2=CC(O)=CC(O)=C12
CC1C2CCC3C4CC=C5CC(CCC5(C)C4CCC23CN1C)N(C)C,CC1C2CCC3C4CC=C5CC(N(C)C)CCC5(C)C4CCC32CN1C
CC1CCC2(C)CCC3(C)C(=CCC4C5(C)CCC(O)C(C)(C)C5CCC34C)C2C1C,CC1CCC2(C)CCC3(C)C(=CCC4C5(C)CCC(O)C(C)(C)C5CCC43C)C2C1C
COc1ccc(CCC(=O)c2c(O)cc(O)cc2O)cc1O,COC1=CC=C(CCC(=O)C2=C(O)C=C(O)C=C2O)C=C1O
COc1ccc(cc1)C2=C(O)C(=O)c3c(O)cc(O)cc3O2,COC1=CC=C(C2=C(O)C(=O)C3=C(O)C=C(O)C=C3O2)C=C1
CC1OC(OC2C(Oc3cc(O)c4C(=O)C=C(Oc4c3)c5ccc(O)cc5)OC(CO)C(O)C2O)C(O)C(O)C1O,CC1OC(OC2C(OC3=CC(O)=C4C(=O)C=C(C5=CC=C(O)C=C5)OC4=C3)OC(CO)C(O)C2O)C(O)C(O)C1O
COc1cc(\C=C\CO)cc(OC)c1OC2OC(CO)C(O)C(O)C2O,COC1=CC(/C=C/CO)=CC(OC)=C1OC1OC(CO)C(O)C(O)C1O
COc1cc(ccc1O)C2=CC(=O)c3c(O)cc(O)cc3O2,COC1=CC(C2=CC(=O)C3=C(O)C=C(O)C=C3O2)=CC=C1O
OC1=C(Oc2cc(O)ccc2C1=O)c3cc(O)c(O)c(O)c3,O=C1C(O)=C(C2=CC(O)=C(O)C(O)=C2)OC2=CC(O)=CC=C12
OCC1OC(Oc2cc(O)c3C(=O)C=C(Oc3c2)c4ccc(O)cc4)C(O)C(O)C1O,O=C1C=C(C2=CC=C(O)C=C2)OC2=CC(OC3OC(CO)C(O)C(O)C3O)=CC(O)=C12
CC(=CCc1c(O)cc2OC=C(C(=O)c2c1O)c3ccc(O)cc3O)C,CC(C)=CCC1=C(O)C=C2OC=C(C3=CC=C(O)C=C3O)C(=O)C2=C1O
CC(=C)C1CCC2(CO)CCC3(C)C(CCC4C5(C)CCC(O)C(C)(C)C5CCC34C)C12,C=C(C)C1CCC2(CO)CCC3(C)C(CCC4C5(C)CCC(O)C(C)(C)C5CCC43C)C12
OC(=O)COc1cc(Br)c(O)c(Br)c1,O=C(O)COC1=CC(Br)=C(O)C(Br)=C1
OC(=O)Cc1cc(OCc2ccccc2)ccc1OCc3ccccc3,O=C(O)CC1=CC(OCC2=CC=CC=C2)=CC=C1OCC1=CC=CC=C1
OCc1c(Br)cc(Br)c(O)c1Br,OCC1=C(Br)C=C(Br)C(O)=C1Br
N#Cc1c(OCc2ccccc2)cccc1OCc3ccccc3,N#CC1=C(OCC2=CC=CC=C2)C=CC=C1OCC1=CC=CC=C1
COc1ccc(cc1)C2=CC(=O)c3ccc4ccccc4c3O2,COC1=CC=C(C2=CC(=O)C3=CC=C4C=CC=CC4=C3O2)C=C1
COc1ccc(cc1OC)C2=CC(=O)c3c(O2)ccc4ccccc34,COC1=CC=C(C2=CC(=O)C3=C(C=CC4=CC=CC=C43)O2)C=C1OC
COc1c(OC)c(OC)c2C(=O)c3ccccc3N(C)c2c1OC,COC1=C(OC)C(OC)=C2C(=C1OC)C(=O)C1=CC=CC=C1N2C
OCC1OC(Oc2cc(O)c3C(=O)C(=COc3c2)c4ccc(O)cc4)C(O)C(O)C1O,O=C1C(C2=CC=C(O)C=C2)=COC2=CC(OC3OC(CO)C(O)C(O)C3O)=CC(O)=C12
COc1c2OCOc2c(OC)c3C(=O)c4ccccc4N(C)c13,COC1=C2OCOC2=C(OC)C2=C1C(=O)C1=CC=CC=C1N2C
CC1CCC2(OC1)OC3CC4C5CC=C6CC(O)CCC6(C)C5CCC4(C)C3C2C,CC1CCC2(OC1)OC1CC3C4CC=C5CC(O)CCC5(C)C4CCC3(C)C1C2C
COc1cc(cc(OC)c1OC)C2=CC(=O)c3c(O)cc(O)cc3O2,COC1=CC(C2=CC(=O)C3=C(O)C=C(O)C=C3O2)=CC(OC)=C1OC
COC1=C(Oc2c(O)c(OC)cc(O)c2C1=O)c3ccc(OC)c(OC)c3,COC1=CC=C(C2=C(OC)C(=O)C3=C(O)C=C(OC)C(O)=C3O2)C=C1OC
COc1ccc(cc1OC)C2=C(O)C(=O)c3ccc(O)cc3O2,COC1=CC=C(C2=C(O)C(=O)C3=CC=C(O)C=C3O2)C=C1OC
COC1=C(Oc2cc(O)cc(O)c2C1=O)c3ccc(OC)c(O)c3,COC1=CC=C(C2=C(OC)C(=O)C3=C(O)C=C(O)C=C3O2)C=C1O
COc1ccc(cc1O)C2=CC(=O)c3c(OC)c(OC)c(OC)cc3O2,COC1=CC=C(C2=CC(=O)C3=C(OC)C(OC)=C(OC)C=C3O2)C=C1O
COc1ccc(cc1O)C2=CC(=O)c3c(O)c(OC)c(OC)cc3O2,COC1=CC=C(C2=CC(=O)C3=C(O)C(OC)=C(OC)C=C3O2)C=C1O
CC1OC(OC2=C(Oc3cc(O)cc(O)c3C2=O)c4cc(O)c(O)c(O)c4)C(O)C(O)C1O,CC1OC(OC2=C(C3=CC(O)=C(O)C(O)=C3)OC3=CC(O)=CC(O)=C3C2=O)C(O)C(O)C1O
COc1cc(O)c2C(=O)C(=C(Oc2c1)c3ccc(O)c(O)c3)O,COC1=CC(O)=C2C(=O)C(O)=C(C3=CC=C(O)C(O)=C3)OC2=C1
CC1OC(OC2=C(Oc3cc(O)cc(O)c3C2=O)c4ccc(O)c(O)c4)C(O)C(O)C1O,CC1OC(OC2=C(C3=CC=C(O)C(O)=C3)OC3=CC(O)=CC(O)=C3C2=O)C(O)C(O)C1O
OCC1OC(OC2=C(Oc3cc(O)cc(O)c3C2=O)c4ccc(O)c(O)c4)C(O)C(O)C1O,O=C1C(OC2OC(CO)C(O)C(O)C2O)=C(C2=CC=C(O)C(O)=C2)OC2=CC(O)=CC(O)=C12
CC1OC(OCC2OC(OC3=C(Oc4cc(OC5OC(C)C(O)C(O)C5O)cc(O)c4C3=O)c6ccc(O)cc6)C(O)C(O)C2O)C(O)C(O)C1O,CC1OC(OCC2OC(OC3=C(C4=CC=C(O)C=C4)OC4=CC(OC5OC(C)C(O)C(O)C5O)=CC(O)=C4C3=O)C(O)C(O)C2O)C(O)C(O)C1O
OCC1OC(Oc2cc(O)c3C(=O)C=C(Oc3c2)c4ccc(O)cc4)C(OC5OCC(O)(CO)C5O)C(O)C1O,O=C1C=C(C2=CC=C(O)C=C2)OC2=CC(OC3OC(CO)C(O)C(O)C3OC3OCC(O)(CO)C3O)=CC(O)=C12
COc1ccc(cc1)C2=COc3cc(OC)c(OC)cc3C2=O,COC1=CC=C(C2=COC3=CC(OC)=C(OC)C=C3C2=O)C=C1
C1C(Oc2ccccc2/C/1=N/N=C/3\CC(Oc4ccccc34)c5ccccc5)c6ccccc6,C1=CC=C(C2C/C(=N\N=C3/CC(C4=CC=CC=C4)OC4=CC=CC=C34)C3=CC=CC=C3O2)C=C1
OC1C(O)c2c(O)cc(O)cc2OC1c3ccc(O)c(O)c3,OC1=CC(O)=C2C(=C1)OC(C1=CC=C(O)C(O)=C1)C(O)C2O
NNC(=O)c1cc(Br)cc(Br)c1O,NNC(=O)C1=CC(Br)=CC(Br)=C1O
COc1c(I)cc(cc1I)C(=O)NN,COC1=C(I)C=C(C(=O)NN)C=C1I
NNC(=O)c1cc(I)c(O)c(I)c1,NNC(=O)C1=CC(I)=C(O)C(I)=C1
COc1ccc(\C=C\C(=O)c2c(O)cc(OC)cc2OC)cc1,COC1=CC=C(/C=C/C(=O)C2=C(O)C=C(OC)C=C2OC)C=C1
COc1cc(CNC(=O)CCCC\C=C\C(C)C)ccc1O,COC1=CC(CNC(=O)CCCC/C=C/C(C)C)=CC=C1O
CC1(C)CCC2(CO)CCC3(C)C(=CCC4C5(C)CCC(O)C(C)(C)C5CCC34C)C2C1,CC1(C)CCC2(CO)CCC3(C)C(=CCC4C5(C)CCC(O)C(C)(C)C5CCC43C)C2C1
CC1(C)CCC2(C(O)CC3(C)C(=CCC4C5(C)CCC(O)C(C)(C)C5CCC34C)C2C1)C(=O)O,CC1(C)CCC2(C(=O)O)C(O)CC3(C)C(=CCC4C5(C)CCC(O)C(C)(C)C5CCC43C)C2C1
CC1C(=O)CCC2C1(C)CCC3C2(C)CCC4(C)C5CC(C)(C)CCC5(C)CCC34C,CC1C(=O)CCC2C1(C)CCC1C2(C)CCC2(C)C3CC(C)(C)CCC3(C)CCC12C
COc1ccc(cc1O)C2=C(O)C(=O)c3c(O)cc(O)cc3O2,COC1=CC=C(C2=C(O)C(=O)C3=C(O)C=C(O)C=C3O2)C=C1O
COc1cc(ccc1O)C2=C(O)C(=O)c3c(O)cc(O)cc3O2,COC1=CC(C2=C(O)C(=O)C3=C(O)C=C(O)C=C3O2)=CC=C1O
COc1cc(ccc1O)C2=C(O)C(=O)c3ccc(O)cc3O2,COC1=CC(C2=C(O)C(=O)C3=CC=C(O)C=C3O2)=CC=C1O
CC(=CCC\C(=C\C=C\C(=C\C=C\C(=C\C=C\C=C(/C)\C=C\C=C(/C)\C=C\C=C(/C)\CCC=C(C)C)\C)\C)\C)C,CC(C)=CCC/C(C)=C/C=C/C(C)=C/C=C/C(C)=C/C=C/C=C(C)/C=C/C=C(C)/C=C/C=C(\C)CCC=C(C)C
OC(=O)c1cc(O)c2C(=O)c3c(O)cccc3C(C4c5cccc(O)c5C(=O)c6c(O)cc(cc46)C(=O)O)c2c1,O=C(O)C1=CC(O)=C2C(=O)C3=C(O)C=CC=C3C(C3C4=CC=CC(O)=C4C(=O)C4=C(O)C=C(C(=O)O)C=C43)C2=C1
Oc1ccccc1NC(=O)c2ccccc2Cl,O=C(NC1=CC=CC=C1O)C1=CC=CC=C1Cl
Oc1ccccc1C(=O)Oc2ccc(Cl)cc2,O=C(OC1=CC=C(Cl)C=C1)C1=CC=CC=C1O
CC(=O)Nc1ccc(OC(=O)c2ccccc2O)cc1,CC(=O)NC1=CC=C(OC(=O)C2=CC=CC=C2O)C=C1
COC(=O)c1cccc(C)c1O,COC(=O)C1=CC=CC(C)=C1O
Oc1ccccc1\C=N\c2cccc(c2)C(F)(F)F,OC1=CC=CC=C1/C=N/C1=CC=CC(C(F)(F)F)=C1
Cc1ccc(cc1C)\N=C\c2ccccc2O,CC1=CC=C(/N=C/C2=CC=CC=C2O)C=C1C
Cc1cc(ccc1Br)\N=C\c2ccccc2O,CC1=CC(/N=C/C2=CC=CC=C2O)=CC=C1Br
Oc1ccccc1\C=N\c2ccc(cc2)\N=C\c3ccccc3O,OC1=CC=CC=C1/C=N/C1=CC=C(/N=C/C2=CC=CC=C2O)C=C1
CSc1ccc(cc1)\N=C\c2ccccc2O,CSC1=CC=C(/N=C/C2=CC=CC=C2O)C=C1
C\C=C\Cc1ccccc1O,C/C=C/CC1=CC=CC=C1O
Oc1cccc(NC(=S)NCC=C)c1,C=CCNC(=S)NC1=CC(O)=CC=C1
Oc1cccc(c1)\N=C\c2ccccc2O,OC1=CC=CC(/N=C/C2=CC=CC=C2O)=C1
COc1ccc(CC(=O)c2c(O)cc(O)cc2O)cc1,COC1=CC=C(CC(=O)C2=C(O)C=C(O)C=C2O)C=C1
Oc1cccc(c1)C(=O)N\N=C\c2ccc(Cl)cc2Cl,O=C(N/N=C/C1=CC=C(Cl)C=C1Cl)C1=CC(O)=CC=C1
CC(=O)Nc1cc(Cl)c(C)cc1O,CC(=O)NC1=CC(Cl)=C(C)C=C1O
Oc1ccc(Nc2ccccc2)cc1,OC1=CC=C(NC2=CC=CC=C2)C=C1
CCCC(=O)Nc1ccc(O)cc1,CCCC(=O)NC1=CC=C(O)C=C1
