SMILES,Predicted_Activity
CC12CCC(CC1=CCC3C2CCC4(C3CC=C4C5=CC6=CN=NC=C6C=C5)C)O,1
CC12CCC(CC1CCC3C2CCC4(C3CC=C4C5=CC6=C(C=C5)C=NC=C6)C)N(C)C,1
CC12CCC(CC1CCC3C2CCC4(C3CC=C4C5=CC=CC6=C5C=CN=C6)C)N(C)C,1
CC12CCC(CC1CCC3C2CCC4(C3CC=C4C5=CC6=C(C=C5)C=CN=C6)C)O,1
CC12CCC3C(C1CCC2C4=CC5=CN=C(N=C5C=C4)N)CC=C6C3(CCC(C6)O)C,1
CC12CCC(CC1CCC3C2CCC4(C3CCC4C5=CC6=C(C=C5)C=CN=C6)C)N7C=CN=N7,1
CC12CCC(CC1CCC3C2CCC4(C3CC=C4C5=CN=CC=C5)C)N(C)C,1
CC(=O)N(C)C1CCC2(C(C1)CCC3C2CCC4(C3CCC4C5=CC6=C(C=C5)C=CN=C6)C)C,1
CC12CCC3C(C1CCC2C4=CC5=C(C=C4)C(=NN5)N)CC=C6C3(CCC(C6)O)C,1
CC12CCC3C(C1CCC2C4=CC5=C(C=C4)C=CN=C5)CC=C6C3(CCC(C6)O)C,1
CC12CCC(CC1=CCC3C2CCC4(C3CC=C4C5=CC6=CN=C(N=C6C=C5)N)C)O,1
CC12CCC3C(C1CCC2C4=CC5=C(C=C4)C=NN5)CC=C6C3(CCC(C6)O)C,1
CC12CCC(CC1CCC3C2CCC4(C3CC=C4C5=CC(=CN=C5)Cl)C)N(C)C,1
CC12CCC3C(C1CCC2C4=CC5=C(C=C4)C=CN=C5)CC=C6C3(CCC(C6)N(C)C)C,1
CC12CCC(CC1=CCC3C2CCC4(C3CC=C4C5=CC6=C(C=C5)C=NC=C6)C)O,1
CC12CCC(CC1=CCC3C2CCC4(C3CC=C4C5=CC6=C(C=C5)C(=NN6)N)C)O,1
CC12CCC(CC1CCC3C2CCC4(C3CCC4C5=CC6=C(C=C5)C=CN=C6)C)O,1
CC12CCC3C(C1CCC2C4=CC5=C(C=C4)C=NC=C5)CC=C6C3(CCC(C6)O)C,1
CC12CCC(CC1CCC3C2CCC4(C3CCC4C5=CC6=C(C=C5)C=CN=C6)C)N7CCOCC7,1
CC12CCC(CC1CCC3C2CCC4(C3CCC4C5=CC6=C(C=C5)C=CN=C6)C)NC,1
CC12CCC(CC1CCC3C2CCC4(C3CC=C4C5=CC6=C(C=C5)C=CN=C6)C)N(C)C,1
CC12CCC(CC1CCC3C2CCC4(C3CCC4C5=CC6=C(C=C5)C=CN=C6)C)N(C)C,1
CC12CCC3C(C1CCC2C4=CC5=C(C=C4)NN=C5)CC=C6C3(CCC(C6)O)C,1
CC12CCC(CC1=CCC3C2CCC4(C3CC=C4C5=CC6=C(C=C5)C=CN=C6)C)O,1
CC12CCC(CC1=CCC3C2CCC4(C3CC=C4C5=CC6=C(C=C5)C=NN6)C)O,1
CC12CCC(CC1=CCC3C2CCC4(C3CC=C4C5=CC6=C(C=C5)NN=C6)C)O,1
CC12CCC3C(C1CCC2C4=CC5=CN=NC=C5C=C4)CC=C6C3(CCC(C6)O)C,1
CC12CC=C3C=C4C(C(C(CC45CCC3(C1CC=C2C6=CC7=C(C=C6)C=CN=C7)O5)N(C)C)O)O,1
CC12CC=C3C=C4C(C(C(CC45CCC3(C1CCC2C6=CC7=C(C=C6)C=CN=C7)O5)N(C)C)O)O,1
CC12CC=C3C=C4C(C(C(CC45CCC3(C1CCC2C6=CC7=C(C=C6)C=NC=C7)O5)N(C)C)O)O,1
CN1C=C(C=N1)C2=CC=C(C=C2)C3=CN=CC(=C3N4CCC5(CCCN5CCOC)CC4)Cl,0.999997258
CC1=NNC(=O)C12CCN(CC2)C3=C(C=NC=C3C4=CC5=C(C=C4)N(S(=O)(=O)C5)C)Cl,0.99998188
C1CNC(=O)C12CCN(CC2)C3=C(C=NC=C3C4=CC5=C(C=C4)NS(=O)(=O)C5)Cl,0.999981046
CN1C2=C(CS1(=O)=O)C=C(C=C2)C3=CN=C(C(=C3N4CCC5(CCNC5=O)CC4)Cl)N,0.999979377
CN1C2=C(CS1(=O)=O)C=C(C=C2)C3=CN=C(C(=C3N4CCC5(CCNC5=O)CC4)F)N,0.999968171
CN1C2=C(C=C(C=C2)C3=CN=C(C(=C3N4CCC5(CCNC5=O)CC4)Cl)N)C=N1,0.999967217
C1CNC(=O)C12CCN(CC2)C3=C(C(=NC=C3C4=CC5=C(C=C4)C(=NN5)N)N)Cl,0.999965668
CN1C2=C(CS1(=O)=O)C=C(C=C2)C3=CN=CC(=C3N4CCC5(CCNC5=O)CC4)Cl,0.999965668
C1CNC(=O)C12CCN(CC2)C3=C(C=NC=C3C4=CC5=C(C=C4)C(=NN5)N)Cl,0.999949813
CN1C2=C(CS1(=O)=O)C=CC(=C2)C3=CN=CC(=C3N4CCC5(CCNC5=O)CC4)Cl,0.999949098
CN1C2=C(CS1(=O)=O)C=C(C=C2)C3=CN=C(C(=C3N4CCC5(CC4)CNC(=O)O5)Cl)N,0.999943852
C1CCN(C1)CCN2C=C(C=N2)C3=CC=C(C=C3)C4=CN=CC(=C4N5CCC6(CCNC6=O)CC5)Cl,0.999932647
CN1C=C(C=N1)C2=CC=C(C=C2)C3=CN=CC(=C3N4CCC5(CC4)C(=O)NCN5CC(F)(F)F)Cl,0.999921083
CC(C)C1=C2C(=NC=NN2C=C1)NC3CCC(CC3)N4CCN(CC4)C(=O)C,0.999919534
CN1C2=C(CS1(=O)=O)C=C(C=C2)C3=CN=CC(=C3N4CCC5(CCNC5=O)CC4)C(F)(F)F,0.999915719
CN1C2=C(CS1(=O)=O)C=C(C=C2)C3=CN=C(C(=C3N4CCC5(CC4)CNC(=O)O5)F)N,0.999913335
CN1C=C(C=N1)C2=CC=C(C=C2)C3=CN=C(C(=C3N4CCC5(CCNC5=O)CC4)Cl)N,0.999913335
CN1C2=C(CS1(=O)=O)C=C(C=C2)C3=CN=CC(=C3N4CCC5(CC4)CNC(=O)O5)Cl,0.99990344
CNC1=NNC2=C1C=CC(=C2)C3=CN=CC(=C3N4CCC5(CCNC5=O)CC4)Cl,0.999884963
CN1C=C(C=N1)C2=CC=C(C=C2)C3=CN=CC(=C3N4CCC5(CCNC5=O)CC4)Cl,0.999872804
CC1=NC(=CN1C)C2=CC=C(C=C2)C3=CN=CC(=C3N4CCC5(CCNC5=O)CC4)Cl,0.999816835
CN1C2=C(C=CC(=C2)C3=CN=CC(=C3N4CCC5(CCNC5=O)CC4)Cl)C(=N1)N,0.999783933
CN1C=C(C=N1)C2=CC=C(C=C2)C3=CN=CC(=C3N4CCC5(CC4)C(=O)NCN5)Cl,0.999756157
CN1C2=C(C=CC(=C2)C3=CN=CC(=C3N4CCC5(CCNC5=O)CC4)Cl)C(=N1)N(C)C,0.999721229
CC1(C2(CCN(CC2)C3=C(C=NC=C3C4=CC5=C(C=C4)N(S(=O)(=O)C5)C)Cl)OC(=O)N1)C,0.999720991
CN1C2=C(CS1(=O)=O)C=C(C=C2)C3=CN=CC(=C3N4CCC5(CCNC5=O)CC4)F,0.999685407
CN1C=C(C=N1)C2=CC=C(C=C2)C3=CN=CC(=C3N4CCC5(CCNC5=O)CC4)F,0.999664187
COC(=O)N1CCN(CC1)C2CCC(CC2)NC3=NC=NC4=C3C=C(C=C4)C#N,0.999637723
CN1C2=C(C=C(C=C2)C3=CN=C(C(=C3N4CCC5(CC4)CNC(=O)O5)Cl)N)C=N1,0.99953711
CN1C=C(C=N1)C2=CC=C(C=C2)C3=CN=C(C(=C3N4CCC5(CCNC5=O)CC4)C(F)(F)F)N,0.99949193
CN1C2=C(CS1(=O)=O)C=C(C=C2)C3=CN=CC(=C3N4CCC5(CCCN5CCOC)CC4)Cl,0.999477446
CN1C=C(C=N1)C2=CC=C(C=C2)C3=CN=C(C(=C3N4CCC5(CC4)CNC(=O)O5)Cl)N,0.999422193
CN1C=C(C=N1)C2=CC=C(C=C2)C3=CN=C(C(=C3N4CCC5(CC4)CNC(=O)O5)C(F)(F)F)N,0.999319434
C1CN(CC1NC(=O)NC2=CC(=C(C=C2)Cl)C(F)(F)F)C3=NC(=NC=C3)N,0.999245644
CNC1=NC=CC(=N1)N2CCC(C2)NC(=O)NC3=CC=C(C=C3)OC(F)(F)F,0.999244213
CN1C2=C(CS1(=O)=O)C=C(C=C2)C3=CN=CC(=C3N4CCC5(CC4)C(=NNC5=O)C(F)(F)F)Cl,0.99923265
CNC1=NC=CC(=N1)N2CCC(C2)NC(=O)NC3=CC(=C(C=C3)Cl)C(F)(F)F,0.999228716
C1CN(CC1NC(=O)NC2=CC(=C(C=C2)Cl)C(F)(F)F)C3=NN4C=NN=C4C=C3,0.999225259
CC(C)(CN1C=C(C=N1)C2=CC=C(C=C2)C3=CN=C(C(=C3N4CCC5(CCNC5=O)CC4)Cl)N)O,0.99918133
CN1C2=C(CS1(=O)=O)C=C(C=C2)C3=CN=CC(=C3N4CCC5(CC4)CNC(=O)O5)F,0.999115407
CCNC1=NC=CC(=N1)N2CCC(C2)NC(=O)NC3=CC(=C(C=C3)Cl)C(F)(F)F,0.998957515
CC(C)N1C=C(C=N1)C2=CC=C(C=C2)C3=CN=C(C(=C3N4CCC5(CCNC5=O)CC4)Cl)N,0.998956203
CN1C=C(C=N1)C2=CC=C(C=C2)C3=CN=CC(=C3N4CCC5(CC4)CNC(=O)O5)Cl,0.998875678
CN1CNC(=O)C12CCN(CC2)C3=C(C=NC=C3C4=CC=C(C=C4)C5=CN(N=C5)C)Cl,0.998777807
O=C(c1cnccc1)N/N=C(\CC1)/CC/C1=N\NC(c1cnccc1)=O,0.998713255
C1CNC(=O)C12CCN(CC2)C3=C(C=NC=C3C4=CC=C(C=C4)C5=CN(N=C5)CCO)Cl,0.998590648
CC(C)(CN1C=C(C=N1)C2=CC=C(C=C2)C3=CN=CC(=C3N4CCC5(CCNC5=O)CC4)Cl)O,0.998512089
CC1=NC2(CCN(CC2)C3=C(C=NC=C3C4=CC5=C(C=C4)N(S(=O)(=O)C5)C)Cl)C(=O)N1,0.998470604
CC1=C(C=C(C=C1)NC(=O)NC2CCN(C2)C3=NC(=NC=C3)NC)Cl,0.998456478
CNC1=NC=CC(=N1)N2CCC(C2)NC(=O)NC3=CC(=C(C=C3)CN4CCOCC4)C(F)(F)F,0.998380423
CNC1=NC=CC(=N1)N2CCC(C2)NC(=O)NC3=CC=C(C=C3)OC,0.998330057
C1CC1NC2=NC=CC(=N2)N3CCC(C3)NC(=O)NC4=CC(=C(C=C4)Cl)C(F)(F)F,0.997971117
CC(=O)N1CCN(CC1)C2CCC(CC2)NC3=NC=NN4C3=C(C=C4)C5CCOCC5,0.997843027
CN1C=C(C=N1)C2=CC=C(C=C2)C3=CN=CC(=C3N4CCC5(CCNC5=O)CC4)C(F)(F)F,0.997834623
C1CN(CC1NC(=O)NC2=CC(=C(C=C2)Cl)C(F)(F)F)C3=NC=NC=C3,0.997441053
CN1C=C(C=N1)C2=CC=C(C=C2)C3=C4C(=CN=C3)C=CC(=N4)C(=O)N5CC(C5)OC,0.997397542
CC1=C(C=NN1)C2=CC3=C(S2)C(=O)NC(=N3)C4CCCCN4.Cl.Cl,0.99736613
C1C2C(C2CNC(=O)C3=CC4=NNN=C4C=C3)CN1C(=O)OCC5=CC(=CC(=C5)C(F)(F)F)C(F)(F)F,0.99721837
CN1C=C(C=N1)C2=CC=C(C=C2)C3=CN=CC(=C3N4CCC5(CC4)CNC(=O)O5)C(F)(F)F,0.997075319
CN1C=C(C=N1)C2=CC=C(C=C2)C3=CN=C(C4=C3N=C(C=C4)C(=O)N5CC(C5)OC)N,0.997002423
CNC1=NC=CC(=N1)N2CCC(C2)NC(=O)NC3=CC(=CC(=C3)OC)OC,0.996573925
C1CN(CC1NC(=O)NC2=CC(=C(C=C2)Cl)C(F)(F)F)C3=CN=C(C=C3)C(F)(F)F,0.996544898
CN1C=C(C=N1)C2=CC=C(C=C2)C3=C4C=C(C=CC4=CN=C3)C(=O)N5CC(C5)OC,0.996519923
CN1C=C(C=N1)C2=CC=C(C=C2)C3=CN=C(C4=C3C=C(C=C4)C(=O)N5CC(C5)OC)N,0.996169508
CC1=NC(=NC=C1C2=C3C=NNC3=CC(=C2)C(F)(F)F)N4CCC(C4)O,0.994888723
[B-]1(N2C(=CC(=C2C=C3[N+]1=C(C=C3)CCC(=O)NCCOCCOCCOCCNC4CC5N6C7=CC=CC=C7C8=C9C(=C1C2=CC=CC=C2N(C1=C86)C(C4OC)(O5)C)CNC9=O)C)C)(F)F,0.994778872
CN1C=C(C=N1)C2=CC=C(C=C2)C3=CN=CC(=C3N4CCC5(CC4)C(=O)NCC(=O)N5)Cl,0.993866384
CNC1=NC=CC(=N1)N2CCC(C2)NC(=O)NC3=CC=C(C=C3)OC(F)F,0.993827879
CN(C)CCN1C=C(C=N1)C2=CC=C(C=C2)C3=CN=CC(=C3N4CCC5(CCNC5=O)CC4)Cl,0.993662238
CN1C2=C(CS1(=O)=O)C=C(C=C2)C3=CN=CC(=C3N4CCC5(CCCN5CCCS(=O)(=O)C)CC4)Cl,0.993384898
CN1C=C(C=N1)C2=CC=C(C=C2)C3=C4C(=CN=C3)C=CC(=N4)C(=O)N5CCOCC5,0.993218005
CN1C=C(C=N1)C2=CC=C(C=C2)C3=CN=C(C4=C3N=C(C=C4)C(=O)N5CCOCC5)N,0.992430151
[B-]1(N2C(=CC(=C2C=C3[N+]1=C(C=C3)CCC(=O)NCCOCCOCCOCCN(C)C4CC5N6C7=CC=CC=C7C8=C9C(=C1C2=CC=CC=C2N(C1=C86)C(C4OC)(O5)C)CNC9=O)C)C)(F)F,0.992200077
CN1CCCC12CCN(CC2)C3=C(C=NC=C3C4=CC5=C(C=C4)N(S(=O)(=O)C5)C)Cl,0.991670012
CN1C=C(C=N1)C2=CC=C(C=C2)C3=CN=C(C(=C3N4CCC5(CC4)C(=O)NC(=O)N5)Cl)N,0.990665197
CN1C2=C(CS1(=O)=O)C=C(C=C2)C3=CN=CC(=C3N4CCC5(CC4)C(=O)NC(=O)N5)Cl,0.988617718
CN1C=C(C=N1)C2=C(C=NC=C2)C=CC(=O)NC3=CC=C(C=C3)CN4CC5CC4CO5,0.988410115
CNC1=NC=CC(=N1)N2CCC(C2)NC(=O)NC3=CC(=C(C=C3)CN4CCN(CC4)C)C(F)(F)F,0.987867475
CCN1C2=C(C=NC=C2C(=O)N3CCC(C3)N)N=C1C4=NON=C4N,0.987345874
C1=CC2=C(C(=O)NN2C=C1)Br,0.987134159
CCN1CCN(CC1)CC2=C(C=C(C=C2)NC(=O)NC3CCN(C3)C4=NC(=NC=C4)NC)C(F)(F)F,0.986914814
CC(C)N1C2=C(C=C(C=C2)C3=CN=C(C(=C3N4CCC5(CCNC5=O)CC4)Cl)N)C=N1,0.986811578
CNC1=NC=CC(=N1)N2CCC(C2)NC(=O)NC3=CC(=C(C=C3)CN(C)C)C(F)(F)F,0.986435473
CC1(CN(C1)C(=O)C2=NC3=C(C=C2)C(=NC=C3C4=CC=C(C=C4)C5=CN(N=C5)C)N)F,0.985230803
CN1C=C(C=N1)C2=CC=C(C=C2)C3=C4C(=CN=C3)C=CC(=N4)N5CC(C5)OC,0.983294904
CN1C=C(C=N1)C2=CC=C(C=C2)C3=CN=CC(=C3N4CCC5(CC4)C(=O)NC(=O)N5C)Cl,0.983289301
COC1=C2C(=C(S1)C(=O)N)CCC3=C2SN=C3,0.982363701
CN1C=C(C=N1)C2=CC=C(C=C2)C3=CN=CC(=C3N4CCC5(CC4)C(=O)NC(=O)N5)Cl,0.980731308
CC1(CN(C1)C(=O)C2=CC3=C(C=C2)C(=NC=C3C4=CC=C(C=C4)C5=CN(N=C5)C)N)F,0.979636431
C1COCCN1CC2=CC=C(C=C2)NC(=O)C=CC3=C(C=CN=C3)C4=CN(N=C4)C(F)F,0.978891432
CN1C2=C(CS1(=O)=O)C=C(C=C2)C3=CN=CC(=C3N4CCC5(CCCN5CCCOC)CC4)Cl,0.977909327
CC1=C2C(=NN1)C=CC(=N2)C(=O)N3CCCC3C4=CC=C(C=C4)Cl,0.972219944
CN1C=C(C=N1)C2=CC=C(C=C2)C3=CN=CC(=C3N4CCC5(CC4)CNC(=O)O5)F,0.971637845
CC1=C2C=C(C=NC2=NN1)C(=O)N3CCCC3C4=CC=C(C=C4)Cl,0.971442282
CC1=C(C=CC=N1)OC2=C3C(=C(S2)C(=O)N)CCC4=C3SN=C4,0.971355319
CC1=C2C=C(N=CC2=NN1)C(=O)N3CCCC3C4=CC=C(C=C4)Cl,0.970956624
CN1C=C(C=N1)C2=CC=C(C=C2)C3=C4C(=CN=C3)C=CC(=N4)C(=O)N5CCNCC5,0.970534801
CN1C=C(C=N1)C2=CC=C(C=C2)C3=C4C=C(C=CC4=CN=C3)C(=O)NC5CC5,0.97023195
CN1C=C(C=N1)C2=C(C=NC=C2)C=CC(=O)NC3=CC=C(C=C3)CN4C5CCC4COC5,0.969065607
CN1C=C(C=N1)C2=CC=C(C=C2)C3=CN=C(C4=C3C=C(C=C4)C(=O)NC5CC5)N,0.969052732
CN1C=C(C=N1)C2=CC=C(C=C2)C3=CN=C(C4=C3N=C(C=C4)C(=O)N5CCNCC5)N,0.968692064
C1COCCN1CC2=CC=C(C=C2)NC(=O)C=CC3=C(C=CN=C3)C4=CN(N=C4)CC(F)(F)F,0.966852307
CN1C=C(C=N1)C2=CC=C(C=C2)C3=CN=CC(=C3N4CCC5(CC4)COC(=O)N5)Cl,0.966407359
CNC1=NNC2=C1C=C(C=C2)C(=O)N3CCCC3C4=CC=C(C=C4)Cl,0.96593684
CC1=C(C=NC=C1)OC2=C3C(=C(S2)C(=O)N)CCC4=C3SN=C4,0.965357602
C1CC(N(C1)C(=O)C2=CC3=C(C=C2)NN=C3N)C4=CC=C(C=C4)Cl,0.965028405
CC1=NN=C2N1C=C(C=C2)C(=O)N3CCCC3C4=CC=C(C=C4)Cl,0.963560879
CC1=C2C=C(C=CC2=NN1)C(=O)N3CCCC3C4=CC=C(C=C4)Cl,0.962974966
CC1=NC=C2N1C=C(C=C2)C(=O)N3CCCC3C4=CC=C(C=C4)Cl,0.962521613
C1CC(N(C1)C(=O)C2=CC3=C(C=C2)NN=C3)C4=CC=C(C=C4)Cl,0.962253094
CN1C2=C(C=CC(=C2)N3CCN(CC3)C4=CN=CC5=CC=CC=C54)C=N1,0.961925089
CC12C(C(CC(O1)N3C4=CC=CC=C4C5=C6C(=C7C8=CC=CC=C8N2C7=C53)CNC6=O)NC)OC,0.959094286
CC1=C(C=CC=N1)OC2=C3C(=C(S2)C(=O)N)CCC4=C3N(N=C4)C,0.957542777
CN1C=C(C=N1)C2=CC=C(C=C2)CC3=C4C=C(C=CC4=NN3)C(=O)N5CC(C5)OC,0.957472265
CN1C=C(C=N1)C2=CC=C(C=C2)C3=C4C(=CN=C3)C=CC(=N4)N5CCCC5=O,0.956449807
C1CC1N2C=C(C=N2)C3=C(C=NC=C3)C=CC(=O)NC4=CC=C(C=C4)CN5CC6CC5CO6,0.95576632
CN1C2=C(C=C(C=C2)CC3=C4C=C(C=CC4=NN3)C(=O)N5CC(C5)OC)C=N1,0.955479443
COC1=NC=C(S1)C2=C(C=NC=C2)C=CC(=O)NC3=CC=C(C=C3)CN4CCOCC4,0.955042124
CN1C=C(C=N1)C2=C(C=NC=C2)C=CC(=O)NC3=CC=C(C=C3)CN4CC(C4)(F)F,0.952916086
CC1=NC=C2N1N=C(S2)C(=O)N3CCCC3C4=CC=C(C=C4)Cl,0.95256561
C1CN(CC=C1C2=CNC3=C2C=CC=N3)C(=O)NCCC4=CC=CS4,0.952217221
CN1C=C(C=N1)C2=C(C=NC=C2)C=CC(=O)NC3=CC4=C(CN(CC4)CC(F)(F)F)C=C3,0.95169121
C1COCCN1CC2=CC=C(C=C2)NC(=O)C=CC3=C(C=CN=C3)C4=CN=CS4,0.950724363
C1CC1N2C=C(C=N2)C3=C(C=NC=C3)C=CC(=O)NC4=CC=C(C=C4)CN5CC6CC(C5)O6,0.95060432
CSC1=C2C(=C(S1)C(=O)N)CCC3=C2SN=N3,0.949383676
C1COCCN1CC2=CC=C(C=C2)NC(=O)C=CC3=C(C=CN=C3)C4=CSN=C4,0.948571026
CC1CN(CCO1)CC2=CC=C(C=C2)NC(=O)C=CC3=C(C=CN=C3)C4=CN(N=C4)C,0.947639942
CC(=O)C1=CC2=C(C=NC=C2C=C1)N3CCN(CC3)C4=CC5=C(C=C4)C=NN5C,0.942459524
CC1(CN(C1)C(=O)C2=NC3=C(C=C2)C(=NC=C3C4=CC=C(C=C4)C5=CN(N=C5)C)N)OC,0.942239642
CC1COCCN1CC2=CC=C(C=C2)NC(=O)C=CC3=C(C=CN=C3)C4=CN(N=C4)C,0.938644767
C1CC1NC(=O)C2=CC3=C(S2)C=NC=C3OC4=CC=C(C=C4)Cl,0.938086927
CN1C2=C(CS1(=O)=O)C=C(C=C2)C3=CN=CC(=C3N4CCC(CC4)(CCN(C)C)C#N)Cl,0.937627971
CNC1=NC=C(C=C1)OC2=C3C(=C(S2)C(=O)N)CCC4=C3SN=C4,0.936497509
CNC1=NC=CC(=N1)N2CCC(C2)NC(=O)NC3=CC(=C(C=C3)CN4CCC4)C(F)(F)F,0.936492503
C1CC2=C(SC(=C2C3=C1C=NS3)OC4=CC=CC=N4)C(=O)N,0.935282111
C1CNC2(CCN(CC2)C(=O)CC3=CC=C(C=C3)OC(F)(F)F)C4=C1C5=CC=CC=C5N4,0.932935715
CN1C=C(C=N1)C2=CC=C(C=C2)C3=C4C(=CN=C3)C=CC(=N4)C(=O)N5CCCC5,0.930288315
CC1=C2C=C(C=CC2=NN1)C(=O)N3CCN(CC3C4=CC=C(C=C4)Cl)C,0.929150403
CS(=O)(=O)C1=C2C(=C(S1)C(=O)N)CCC3=C2SN=C3,0.928965211
C1COCCN1CC2=CN=C(C=C2)C3=C(NC4=C3C=C(C=C4)C#N)O,0.928333402
CN1C=C(C=N1)C2=CC=C(C=C2)C3=CN=C(C4=C3N=C(C=C4)C(=O)N5CCCC5)N,0.926594853
CN1C=C(C=N1)C2=CC=C(C=C2)CC3=C4C=C(C=CC4=NN3)C(=O)N5CCC(C5)O,0.925894678
CC1(CN(C1)C(=O)C2=CC3=C(C=C2)C(=NC=C3C4=CC=C(C=C4)C5=CN(N=C5)C)N)OC,0.92337054
CSC1=C2C(=C(S1)C#N)CCC3=C2SN=C3,0.921391964
CN1C2=C(C=C(C=C2)CC3=C4C=C(C=CC4=NN3)C(=O)N5CCC(C5)O)C=N1,0.919482291
C=CCC1=C2C(=CC=C1)C(=NO)C=C(O2)C3=CC=CC=C3,0.919072151
CN1C=C(C=N1)C2=CC=C(C=C2)CC3=C4C=C(C=CC4=NN3)C(=O)N5CCOCC5,0.918768466
CSC1=C2C(=C(S1)C(=O)N)CCC3=C2SN=C3,0.918100417
CC1=C2C3=C(CCCN3C(=N2)N4CCNCC4)C(=C1Br)Br.Cl,0.918038607
CN1C=C(C=N1)C2=CC=C(C=C2)C3=C4C(=CN=C3)C=CC(=N4)C(=O)N5CCC5,0.916778743
CSC1=C2C(=C(S1)C(=O)O)CCC3=C2SN=C3,0.915595174
CN1C=NC2=C1C=C(C=C2)C3=C(C=NC=C3)C=CC(=O)NC4=CC=C(C=C4)CN5CCOCC5,0.915569186
CN1C=NC2=C1C=CC(=C2)C3=C(C=NC=C3)C=CC(=O)NC4=CC=C(C=C4)CN5CCOCC5,0.915569186
CC1=NC=C(C=C1)OC2=C3C(=C(S2)C(=O)N)CCC4=C3SN=C4,0.915103674
C1COCCN1CC2=CC=C(C=C2)NC(=O)C=CC3=C(C=CN=C3)C4=CC5=C(C=C4)N=CN5,0.913217247
CN1C=C(C=N1)C2=CC=C(C=C2)C3=CN=C(C4=C3N=C(C=C4)C(=O)N5CCC5)N,0.912811279
C1=CC(=CC=C1OC2=CN=CC3=C2C=C(S3)C4=NNN=N4)OC(F)(F)F,0.911522031
COC1=CC2=C(C=CN=C2C=C1OCCCN3CCOCC3)OC4=C(C=C(C=C4)NC(=O)C5(CC5)C(=O)NC6=CC=C(C=C6)F)F,0.910244763
CN1C2=C(CCC3=C(SC(=C32)SC)C(=O)N)C=N1,0.907543421
C1CC2=C(SC(=C2C3=C1C=NS3)OC4=CN=C(C=C4)N)C(=O)N,0.905478597
CN1C=C(C=N1)C2=CC=C(C=C2)CC3=C4C=C(C=CC4=NN3)C(=O)N5CC(C5)O,0.904716074
CN1CCN(CC1)C(=O)C2=CC3=C(C=C2)C=C(C=C3)CCNC4=NC=NC5=C4C=C(C=C5)C#N,0.902519763
C1COCCN1CC2=CC=C(C=C2)NC(=O)C=CC3=C(C=CN=C3)C4=CNN=C4,0.901491046
CN1C=C(C=N1)C2=C(C=NC=C2)C=CC(=O)NC3=CC=C(C=C3)CN4CCOCC4,0.899376333
C1COCCN1CC2=CC=C(C=C2)NC(=O)C=CC3=C(C=CN=C3)C4=CC=C(S4)C(=O)N,0.898786187
CSC1=C2C(=C(S1)C(=O)N)CCC3=C2ON=C3,0.895297647
CN1C2=C(C=C(C=C2)CC3=C4C=C(C=CC4=NN3)C(=O)N5CC(C5)O)C=N1,0.894462347
CN1C=C(C=N1)C2=CC=C(C=C2)C3=CN=C(C4=C3C=C(C=C4)C(=O)N5CCC5)N,0.894027829
CNC(=O)C1=NC=C(C=C1)OC2=C3C(=C(S2)C(=O)N)CCC4=C3SN=C4,0.893329144
CN1C=C(C=N1)C2=CC(=NC=C2C=CC(=O)NC3=CC=C(C=C3)CN4CCOCC4)N,0.889504075
CCC(C(C)O)NC1=NC(=C2C(=N1)N(C=N2)C(C)C)NCC3=C(C=CC(=C3)Cl)O,0.887630761
C1=CC=C2C(=C1)C(=O)N=C(S2)C3=CC=CC=N3,0.887347043
C1=CC(=CC=C1C#N)OC2=CN=CC3=C2C=C(S3)C4=NNN=N4,0.880098581
CC(C)(CN1C=C(C=N1)C2=CN=C(C3=C2SC=C3C4=CC=C(C=C4)NC(=O)NC5=CC=C(C=C5)OC)N)O,0.878643274
CNC1=NC=CC(=N1)N2CCC(C2)NC(=O)NC3=CC(=CC=C3)OC,0.877175927
CC1=NC=C2N1N=C(S2)C(=O)N3CCCC3C4=CC=CC=C4,0.873504937
COC1=CC=C(S1)C2=C(C=NC=C2)C=CC(=O)NC3=CC=C(C=C3)CN4CCOCC4,0.872709334
CN1C=C(C=N1)C2=CC=C(C=C2)C3=C4C(=CN=C3)C=CC(=N4)N5CCOCC5,0.871458769
CC12CCC(CC1CCC3C2CCC4(C3CCC4C5=CC6=C(C=C5)C=CN=C6)C)N(C)CCCCCOCCOCCNC7=CC=CC8=C7C(=O)N(C8=O)C9CCC(=O)NC9=O,0.869960487
C1CC2=C(SC(=C2C3=C1C=NS3)OC4=CC=CC=C4)C(=O)N,0.865675271
C1CC(N(C1)C(=O)C2=CC3=C(C=C2)NN=C3N)C4=CC=C(C=C4)Br,0.864005506
C1C2COCC2CN1C3=CC4=C(C=CN=C4C=C3)NC(=O)NC5=NC=CN=C5,0.86127609
CN1C=C(C=N1)C2=CC=C(C=C2)C3=C4C(=CN=C3)C=CC(=N4)N5CCNC5=O,0.860425293
C1CC2=C(SC(=C2C3=C1C=NS3)OC4=CN=CC=C4)C(=O)N,0.860066056
CC1=NN(C2=C1C3=C(S2)C(=O)NC=N3)C,0.857989252
C1CCC=CC2CC2(NC(=O)C3CC(CN3C(=O)C(CC1)NC(=O)OC4CCCC4)OC5=CC=NC=C5)C(=O)O,0.856972933
C1=CC(=CC=C1OC2=CN=C(C3=C2C=C(S3)C(=O)N)Cl)Cl,0.85625273
CNC(=O)C1=NC2=C(C=NC=C2C=C1)C3=CC4=C(C=C3)N(N=C4)C,0.856124818
CN(C)C(=O)C1=NC=C(C=C1)OC2=C3C(=C(S2)C(=O)N)CCC4=C3SN=C4,0.855741203
C1CC1N2C=C(C=N2)C3=C(C=NC=C3)C=CC(=O)NC4=CC5=C(CN(CC5)CC(F)(F)F)C=C4,0.854673803
CNC(=O)C1=NC2=C(C=NC=C2C=C1)C3=CC4=C(C=C3)C=NN4C,0.85441792
CNC1=NC=CC(=N1)N2CCC(C2)NC(=O)NC3=CC=CC(=C3)C#N,0.849991918
CS(=O)C1=C2C(=C(S1)C(=O)N)CCC3=C2SN=C3,0.849630356
C12=C(NN=C1N=C(S2)Cl)N,0.847902477
C1COCCN1C2=CC(=O)C3=C(O2)C(=CC=C3)C4=CC=CC=C4,0.842700064
CN1CCN(CC1)C2=CC3=C(C(=NC=N3)C4CCN(CC4)C(=O)C5=C(C=C(C=C5)OC(F)(F)F)N)N=C2,0.841854155
C1CN(CCC1CNC(=O)NC2=CC(=C(C=C2)Cl)Cl)C3=NSC(=N3)CC4=CC=C(C=C4)F,0.841456771
CNC(=O)C1=NC2=C(C=NC=C2C=C1)C3=CC=C(C=C3)C4=CN(N=C4)C,0.840240955
CNC(=O)C1=CC(=CN1)C2=CC=NC=C2,0.835888147
CN1C=C(C=N1)C2=C(C=NC=C2)CCC(=O)NC3=CC=C(C=C3)CN4CCOCC4,0.834620059
CC(C)N1C=NC2=C(N=C(N=C21)NC3CCC(CC3)N)NCC4=C(C=CC(=C4)Cl)O,0.834199131
CN1C=C(C=N1)C2=CC=C(C=C2)C3=CN=C(C4=C3N=C(C=C4)C(=O)N5CC(C5)(F)F)N,0.832477987
CNC(=O)C1=CC2=C(C=NC=C2C=C1)C3=CC=C(C=C3)C4=CN(N=C4)C,0.832383335
CN1C=C(C=N1)C2=CC=C(C=C2)C3=C4C(=CN=C3)C=CC(=N4)C(=O)N5CC(C5)(F)F,0.830947161
CC1=C(C=CC=[N+]1[O-])OC2=C3C(=C(S2)C(=O)N)CCC4=C3SN=C4,0.828817904
CN1C=C(C=N1)C2=CC=C(C=C2)C3=CN=C(C4=C3C=C(C=C4)C(=O)N5CC(C5)(F)F)N,0.825576842
CN1C=C(C=N1)C2=CC=C(C=C2)C3=C4C=C(C=CC4=CN=C3)C(=O)N5CC(C5)(F)F,0.823265135
CC12C(CC(O1)N3C4=CC=CC=C4C5=C6C(=C7C8=CC=CC=C8N2C7=C53)CNC6=O)(CO)O,0.821275055
C1CC2=C(SC(=C2C3=C1C=NS3)OC4=CN=C(C=C4)C(=O)N)C(=O)N,0.813612759
CC1=C2C=C(C=CC2=NN1)C(=O)N3CCOCC3C4=CC=C(C=C4)Cl,0.808598876
c1ccc(cc1)c1c2cc(ccc2n2c(n1)nnn2)[N+]([O-])=O,0.80688858
C1CC1N2C=C(C=N2)C3=C(C=NC=C3)C=CC(=O)NC4=CC=C(C=C4)CN5CC(C5)(F)F,0.805325449
O=C(N1CCN(CC1)C2([H])CCCCC2)C3=CC(=CC=C3)N4C=NC5=CC=CN=C45,0.805085242
CCC(CO)NC1=NC(=C2C(=N1)N(C=N2)C(C)C)NCC3=C(C=CC(=C3)Cl)O,0.804049373
CCC1=C(C=CN=C1)C2=CNC(=C2)C#N,0.799954474
Cc1sc(cc1NC(=O)c2n[nH]c3ccccc23)c4ccn[nH]4,0.796372175
CN1C=C(C=N1)C2=CC=C(C=C2)C3=C4C(=CN=C3)C=CC(=N4)C(=O)O,0.793080986
CC(C)(C)C1=CC(=NO1)NC(=O)NC2=CC=C(C=C2)N3C4=NC=NC(=C4C(=N3)C5=CC=C(C=C5)OCCN6CCOCC6)N,0.792865098
CSC1=C2C(=C(S1)C(=O)NC3=NOC=C3)CCC4=C2SN=C4,0.78997165
CN1C=C(C=N1)C2=CC=C(C=C2)C3=C4C(=CN=C3)C=CC(=N4)C(=O)N,0.789598763
CC1=C(C=CC(=N1)C(=O)NCCOC)OC2=C3C(=C(S2)C(=O)N)CCC4=C3SN=C4,0.78557241
C1=CC(=CC=C1OC2=CN=C(C3=C2C=C(S3)C(=O)N)F)Cl,0.784699857
CC1CN(CC(O1)C)C2=NC=NC(=C2)C3=NNC4=C3C=C(C=C4)OC5(CC5)C,0.77766341
CSC1=C2C(=C(S1)C(=O)NC3=NSC=C3)CCC4=C2SN=C4,0.774239421
C1=CC(=CC=C1OC2=CN=CC3=C2C=C(S3)C4=NNN=N4)F,0.769330144
CCC(=O)NC1CCC(C1)C(=O)N(C)C2=CC=C(C=C2)C3=NC4=CC=CC=C4O3,0.768216074
C1CC1C(=O)C2=CC3=C(S2)C=NC=C3OC4=CC=C(C=C4)Cl,0.767214596
CC1=C(C=CC(=C1)C2=C3C=CNC3=NC=N2)F,0.766958714
CC1=C2C(=NN1)NC3=CC(=C(C=C3C(=N2)C4=CC=CC=C4Cl)F)OC,0.756624043
C1=CC2=NC(=CN2C=C1C(=O)N)C3=CC=C(O3)[N+](=O)[O-],0.753259838
CN1C=C(C=N1)C2=CC=C(C=C2)C3=C4C(=CN=C3)C=CC(=N4)C5=NC=CO5,0.748452246
COC1=C(C=C2C(=C1)N=CN=C2NC3=CC(=C(C=C3)F)Cl)OCCCN4CCOCC4,0.746352375
CSC1=C2C(=C(S1)C(=O)NC3=CC=CC=N3)CCC4=C2SN=C4,0.744041443
CC(C)S(=O)(=O)C1=CC=CC=C1NC2=NC(=NC=C2Cl)NC3=C(C=C(C=C3)N4CCC(CC4)N5CCN(CC5)C)OC,0.743107796
CCC(=O)C1=CC2=C(S1)C=NC=C2OC3=CC=C(C=C3)Cl,0.74276644
C1CC1NC2=NC(=NC3=C2SC=C3)NC4=CC(=C(C=C4)N5CCOCC5)Cl,0.742699087
C1CC(CCC1N2CCOCC2)OC3=C4C5=C(CCC5CC(=O)N)SC4=NC=N3,0.739106953
CN1C=C(C=N1)C2=CC=C(C=C2)C3=C4C=C(C=CC4=CN=C3)C5=NC=CO5,0.738068342
CSC1=C2C(=C(S1)C(=O)N)CCC3=C2NN=C3,0.733928919
C1=CC(=CC=C1OC2=CN=CC3=C2C=C(S3)C4=NNN=N4)Cl,0.731942356
CSC1=C2C(=C(S1)C(=O)NC3=CC=CC=C3)CCC4=C2SN=C4,0.729568601
CC1=C2C=C(C=CC2=NN1)C(=O)N3CCC3C4=CC=C(C=C4)Cl,0.726364315
C1=CN=CC=C1C2=CNC(=C2C(F)(F)F)C(=O)N,0.725004315
CN1C=C(C=N1)C2=CC=C(C=C2)C3=C4C(=CN=C3)C=CC(=N4)C#N,0.724957943
CC(C)(CN1C=C(C=N1)C2=CC=C(C=C2)CC3=C4C=C(C=CC4=NN3)C(=O)NC)O,0.724770248
CNC(=O)C1=C2CCC3=C(C2=C(S1)SC)SN=C3,0.721115291
CC1CN(CC(O1)C)C2=NC=NC(=C2)C3=NN(C4=C3C=C(C=C4)OC5(CC5)C)C,0.720627487
CN1C=CN=C1C2=NC3=C(C=NC=C3C=C2)C4=CC=C(C=C4)C5=CN(N=C5)C,0.718064189
CCC1=C(NC2=NC=CN=C12)C3=CC=C(C=C3)C(=O)C,0.717755198
C1=CC=C(C=C1)C2=CC=CC3=NC=CN32,0.71680361
CN1C=CN=C1C2=NC3=C(C=C2)C(=NC=C3C4=CC=C(C=C4)C5=CN(N=C5)C)N,0.714636326
C1=CC2=C(C=CC(=C2)CN3C4=NC(=CN=C4N=N3)C5=CN(N=C5)CCO)N=C1,0.707377315
CSC1=C(N=CC=C1)N2CCN(CC2)CC3=NC4=CC=CC=C4N3,0.705005765
CNC1=NC=CC(=N1)N2CCC(C2)NC(=O)NC3=CC(=C(C=C3)CN4CCCC4)C(F)(F)F,0.703349888
C1=CC=C(C=C1)C2=C3C=CNC3=NC=C2,0.702445745
C1=CC(=CC=C1OC2=CN=C(C3=C2C=C(S3)C(=O)N)N)Cl,0.702038348
C1=CC(=CC=C1C#N)OC2=CN=CC3=C2C=C(S3)C(=O)N,0.694131732
C1=CC(=CC=C1C2=CC=C(C=C2)OC3=CN=CC4=C3C=C(S4)C5=NNN=N5)C(=O)N,0.68942976
C1=CC(=CC=C1OC2=CN=CC3=C2C=C(S3)C(=O)N)OC(F)(F)F,0.689172208
CC(=O)NCCNC(=O)C1=CC2=C(C=C1)NC3=C(C=CC(=C3)C4=CC(=C(C=C4)O)OC)C(=O)N2,0.688826442
CN1C=C(C=N1)C2=CC=C(C=C2)CC3=C4C=C(C=CC4=NN3)C(=O)NC5CC5,0.687944174
CC1=NC=C(C2=C1SC(=C2)C(=O)N)OC3=CC=C(C=C3)Cl,0.687184453
CC1=C(C(=NN1C2=C(C=C(C=N2)C3CC3)F)OC(C)C)OC4=C(C=CC=C4F)F,0.683848023
CN1C=C(C=N1)C2=C(C=NC=C2C=CC(=O)NC3=CC=C(C=C3)CN4CCOCC4)F,0.683087647
CN1C=CN=C1C2=CC3=C(C=NC=C3C=C2)C4=CC=C(C=C4)C5=CN(N=C5)C,0.68256402
C1=CN=CC=C1C2=CNC(=C2)C#N,0.680320382
CC(C)NC(=O)C1=CC2=C(S1)C=NC=C2OC3=CC=C(C=C3)Cl,0.680252612
C1COCCN1CCCCOC2=CC3=C(CC4=C3NN=C4C5=CN=C(C=C5)C#N)C=C2,0.670568466
CN1C=C(C=N1)C2=CC=C(C=C2)C3=C4C(=CN=C3)C=CC(=N4)C5=CC=NN5C,0.66955626
CC(C)N1C=NC2=C(N=C(N=C21)NC(C)C(C)(C)O)NCC3=C(C=CC(=C3)Cl)O,0.662257612
CN1C=C(C2=C1C=CC(=C2)OC)C3=CC4=NC=CN=C4N3,0.66000849
C1=CC2=C(C=C1C3=CC(=NO3)CO)C=NN2,0.656762421
CN1C=C(C=N1)C2=CC=C(C=C2)CC3=C4C=C(C=CC4=NN3)C(=O)N5CCNCC5,0.655733049
C1CN(CC1C2=CC=C(C=C2)Cl)C(=O)C3=CC4=C(C=C3)NN=C4N,0.655722201
CC(C)C1=C2N=C(C=C(N2N=C1)NCC3=CC=CC=C3)NCCCCCCN,0.651572645
CN(C)C(=O)C1=C2CCC3=C(C2=C(S1)SC)SN=C3,0.647047758
CC1=NC(=CO1)CC(=O)N2CCN(CC2)C3=CN=CC4=CC=CC=C43,0.641470134
CC1=CC(=C(C=C1)F)NC(=O)NC2=CC=C(C=C2)C3=COC4=C3C(=NC=C4C#CCN5CCOCC5)N,0.639932096
C1CC1N2C3=C(C=C(C=C3)C(F)(F)F)N=C2C4=CN=CC=C4,0.629317999
C1=CN=CC2=C1C=C(S2)C(=O)N,0.627788067
CN1C=C(C=N1)C2=CC=C(C=C2)CC3=C4C=C(C=CC4=NN3)N5CCCC5=O,0.625181198
COC1=C(C=C2C(=C1)C(=NC=N2)NC3=CC=C(C=C3)NC(=O)C4=CC=CC=C4)OCCCN5CCOCC5,0.623386562
C1=CC=C(C=C1)C2=NC=C3N2C(=NC=C3)N,0.620473683
C1CC1N2C=C(C=N2)C3=C(C=NC=C3)C=CC(=O)NC4=CC=C(C=C4)CN5CCOCC5,0.614198804
CC(C)N1C=NC2=C(N=C(N=C21)NCC(C)(C)O)NCC3=C(C=CC(=C3)Cl)O,0.613549948
CC1=C(C=CC2=C3C4=CC(=C(C=C4N=CC3=C(N=C12)N)OC)OC)N,0.606831729
CC1=NN(C2=C1C(=C(S2)C(=O)N)N)C,0.606601715
C1=CC2=C(C=C1C#N)N(C(=N2)N)C3=NC=CS3,0.589090645
C1=CC=C(C(=C1)NC2=C3C=C(C=CC3=NC=C2)F)F,0.588986218
CC(C)C1=C2N=C(C=C(N2N=C1)NCC3=CC=CC=C3)NC(CO)C(CO)O,0.588832915
CC1=C2C3=C(CCCN3C(=N2)N4CCNCC4)C(=C1Br)Br,0.569735765
CCC(CO)NC1=NC(=C2C(=N1)N(C=N2)C(C)C)NCC3=C(C=CC(=C3)F)O,0.565342247
CCC(C(C)O)NC1=NC(=C2C(=N1)N(C=N2)C(C)C)NCC3=C(C=CC(=C3)F)O,0.563868701
CC1=C(C(=NN1C2CCN(CC2)C(=O)C(C)O)C)NC3=NC=C(C(=N3)C4=C5C=CC=CN5N=C4)Cl,0.560232162
CN1C=CC(=N1)C2=NC3=C(C=NC=C3C=C2)C4=CC=C(C=C4)C5=CN(N=C5)C,0.55166012
C1=CC=C2C(=C1)N=C(O2)NC3=CC=C(C=C3)C4=CN=C(C5=C4C=C(S5)C(=O)N)N,0.550147057
CNC(=O)C1=CC=CC=C1NC2=NC(=NC=C2Cl)NC3=C(C=C(C=C3)N4CCOCC4)OC,0.547879219
C1=CN=CC=C1C2=CNC(=C2Cl)C(=O)N,0.545443177
COC1=CC=C(C=C1)OC2=CN=CC3=C2C=C(S3)C(=O)N,0.544914484
CS(=O)(=O)C1=NC=CC(=C1)C2(CC2)NC(=O)C3=CN=CC4=C3C=NN4C5=CC=C(C=C5)F,0.542722046
COC1=CC2=C(C=C1)C(CC(O2)C3=CC(=C(C=C3)OC)OC)NC(=O)C4(CC4)C5=CC6=C(C=C5)OC(O6)(F)F,0.539948404
CC1=C(C=C(C=C1)NC(=O)C2=CC=C(C=C2)CN3CCN(CC3)C)NC4=NC=CC(=N4)C5=CN=CC=C5,0.539429784
CC1=NC=C2N1N=C(S2)C(=O)N3CCCC3C4=CC=C(C=C4)F,0.528148651
CS(=O)(=O)N(CC1=CC2=C(C=C1)NC(=O)C3=CC=CN32)C4CC4,0.526614189
COC(=O)C1=CC2=C(S1)C=NC=C2OC3=CC=C(C=C3)Cl,0.523543537
CCC1=CC=CC=C1C(=O)NC2=NNC3=C(C(=C(C=C32)C4C(=C(N(C(=C4C#N)C)C)C)C#N)F)C,0.522861123
CC(=O)NCCNC1=CC2=C(NN=C2C=C1)CC3=CC=C(C=C3)C4=CN(N=C4)C,0.515022933
C1=CC2=C(C=C1Cl)N=NC3=NN=NN23,0.508081913
CC(=O)C1=CC=CC(=C1)C2=NN3C=CN=C3C=C2,0.505260706
COCCNC(=O)C1=NC=C(C=C1)OC2=C3C(=C(S2)C(=O)N)CCC4=C3SN=C4,0.505218148
CCC1=C2C=CNC2=NC(=N1)NC3=CC(=C(C=C3)N4CCOCC4)Cl,0.500590444
C1=CC(=CC=C1OC2=CN=CC3=C2C=C(S3)C(=O)O)Cl,0.49921447
CN1C=C(C=N1)C2=CC=C(C=C2)CC3=C4C=C(C=CC4=NN3)C(=O)N5CCCC5,0.499188662
C1=CC(=CC=C1C(=O)N)OC2=CN=CC3=C2C=C(S3)C4=NNN=N4,0.49846366
CC(C)(C1=CN=CC(=C1)C2=NC3=C(N2C4CC4)C=C(C=C3)F)O,0.495374143
C1=CC=C(C=C1)OC2=CN=CC3=C2C=C(S3)C4=NNN=N4,0.494912356
C1=CC(=CN=C1)C2=CC3=CC(=NC=C3C=C2)NCCO,0.49129951
CNC(=O)C1=CC2=C(S1)C=NC=C2OC3=CC=C(C=C3)Cl,0.487837285
C1=CC2=C(C=CC(=C2)NC(=O)C3=CC(=C(C=C3)Cl)Cl)C=C1C(=O)NC4=NC=CS4,0.486423314
CC(=O)C1=CC=CC(=C1)C2=CN=C3C(=C2)C=CN3,0.480548471
O/C1=C/C(OCCCC)=C(/C=C1/C2=N/N/C=C2/C3=N/C(C)=C[S]3)CC,0.476545453
C1=CC(=CC=C1OC2=CN=CC3=C2C=C(S3)C(=O)N)Cl,0.466697723
CC(C)C1=C2N=C(C=C(N2N=C1)NCC3=CC=CC=C3)NCC4CCNCC4O,0.462465584
CC1=NC2=C(C(=N1)C3CCN(CC3)C(=O)C4=C(C=C(C=C4)OC(F)(F)F)N)N=CC(=C2)N5CCN(CC5)C,0.457711875
C1=CN=CC=C1C2=CNC(=C2)C(=O)N,0.457599789
C1CC2=C(C=CS2)C3=C1C=NN3,0.455015928
O=C(NCC/C1=C/NC=2C=CC([Cl])=CC1=2)C3=CC(=NC4=CC=CC=C34)C5=CN=CC=C5,0.453865826
C1=CC(=CC=C1OC2=CN=CC3=C2C=C(S3)C4=NNN=N4)I,0.451296628
CCC1=C(NC2=NC=CN=C12)C3=CC=C(C=C3)C(C)(C)O,0.445760071
C1=CC2=C(NC=C2C3=CC(=NC=N3)Cl)N=C1,0.443638831
CCC(=O)NC1=CC(=C(C=C1)C(=O)N2CCNCC2)O,0.43786028
CC1=C(C=C(N1)C(=O)N)C2=CC=NC=C2,0.437488079
C1CC1N2C=C(C=N2)C3=C(C=NC=C3C=CC(=O)NC4=CC=C(C=C4)CN5CCOCC5)F,0.436006129
CCC(=NO)C(=CC1=CC=C(C=C1)F)C,0.435280085
CCOCCNC(=O)C1=NC=C(C=C1)OC2=C3C(=C(S2)C(=O)N)CCC4=C3SN=C4,0.435236007
C1=CN=CC=C1C2=C(NC(=C2)C(=O)N)Cl,0.43410489
COC1=CC=C(C=C1)CNC2=C3C(=CSC3=NC=N2)C4=CC=CC=C4,0.432739913
C1C2=CC=CC=C2C3=C1C=NN3,0.430592418
CC(=O)C1=CC2=C(S1)C=NC=C2OC3=CC=C(C=C3)Cl,0.430068582
C1=CC=C(C=C1)C2=NC(=NC=N2)NC3=CC(=C(C=C3)O)CN,0.428441912
CC(C)(C1=NC(=CC=C1)N2C3=NC(=NC=C3C(=O)N2CC=C)NC4=CC=C(C=C4)N5CCN(CC5)C)O,0.426028132
CNC(=O)C1=CC2=C(NN=C2C=C1)CC3=CC4=C(C=C3)C=NN4C,0.424592972
CCCC(=O)NC1=NNC2=NN=C(C=C21)C3=C(C(=CC=C3)F)F,0.422353506
CCC1=C(NC=C1C2=CC=NC=C2)C(=O)N,0.419122249
C1=CC(=CC=C1C2=CN=CC3=C2C=C(S3)C(=O)N)Br,0.411350936
C1C=CC2C1C(NC3=C2C4=CC=CC=C4C=C3)C5=CC(=CC=C5)NC(=O)C6=CC=C(C=C6)F,0.410773098
CC(C)N1C2=NC=NC(=C2C(=N1)C3=CC4=C(N3)C=CC(=C4)O)N,0.406751573
CCNC(=O)C1=CC2=C(S1)C=NC=C2OC3=CC=C(C=C3)Cl,0.402853012
C1CC(N(C1)C(=O)C2=CC3=C(C=C2)NN=C3N)C4=CC=C(C=C4)F,0.401415676
CN1C=C(C=N1)C2=CC=C(C=C2)C3=CN=C(C4=C3C=C(C=C4)N5CCOC5=O)N,0.40055719
CC1=CC=C(C=C1)N2C(=CC(=N2)C(C)(C)C)NC(=O)NCCCNC(=O)OC(C)(C)C,0.400215417
C1CCN(C1)C(=O)C2=CC(=C3C=CC=CN3C2=O)CN4CCC(CC4)(C#N)C5=CC=CC=N5,0.399149239
C1COCCN1CC2=CC=C(C=C2)NC(=O)C=CC3=C(C=CN=C3)C4=CN(N=C4)CC5=CC=CC=C5,0.397946686
CN1C=C(C=N1)C2=CC=C(C=C2)C3=C4C=C(C=CC4=CN=C3)N5CCOC5=O,0.396125019
CCCC(=O)NC1=NNC2=C1C=C(C=C2)C3=C(C(=CC=C3)F)F,0.395988822
C1CN(CCN1CC2=NC3=CC=CC=C3N2)C4=CC=CC=N4,0.391806215
CC(C1=CC=CC=C1F)NC2=CN=CC(=N2)N3C=NC4=C3C=C(C=C4)C#N,0.390724123
C1=CC=C2C(=C1)C=C(S2)C3=CC(=CC4=C3NN=C4)C5=CN(C6=CN=C(N=C65)N)CCCN,0.384590358
CN1C=C(C=N1)C2=C(C=NC=C2)C=CC(=O)NC3=CC4=C(CCN(C4)CC(F)(F)F)C=C3,0.380522609
CN1C=C(C=N1)C2=CC=C(C=C2)C3=C4C=C(C=CC4=CN=C3)S(=O)(=O)N,0.376128674
CNC(=O)C1=CC2=C(NN=C2C=C1)CC3=CC=C(C=C3)C4=CN(N=C4)C,0.375943244
CC(=O)NC1=NC=C(C=C1)OC2=C3C(=C(S2)C(=O)N)CCC4=C3SN=C4,0.374071568
CC(=O)NC1CCCC(C1)NC2=NC(=CC(=N2)Cl)C3=CNC4=C3C=CC=N4,0.372094601
C1=CC=C2C(=C1)NC(=N2)C(=NO)C3=NC4=CC=CC=C4N3,0.372051299
CN1C2=CC=CC=C2C=C1C(=O)NC3=C(C=C(C=C3)C4=CSC5=C4C(=NC=C5C=CC(=O)NCCN(C)C)N)OC,0.368311286
C1=CC=C2C(=C1)C(=C(N2)O)C3=NC4=CC=CC=C4C3=O,0.368061215
CC(=O)NC1=NC2=C(C=NC=C2C=C1)C3=CC=C(C=C3)C4=CN(N=C4)C,0.360038221
C1CN(C1C2=CC=C(C=C2)F)C(=O)C3=CC4=C(C=C3)NN=C4N,0.358536094
COC1=C(C=CC(=C1)C2=CC3=C(C=C2)C(=O)NC4=C(N3)C=CC(=C4)[N+](=O)[O-])O,0.354768753
CNC(=O)C1=NC2=C(C=C1)C(=NC=C2C3=CC4=C(C=C3)NS(=O)(=O)C4)N,0.353846669
CN(C)C(=O)C1=CC2=C(S1)C=NC=C2OC3=CC=C(C=C3)Cl,0.350791872
CNC(=O)C1=NC2=C(C=NC=C2C=C1)C3=CC4=C(C=C3)NS(=O)(=O)C4,0.348307759
C1=CN=CC(=C1C2=CNC(=C2)C(=O)N)Cl,0.347658396
COCC#CC1=C2CC3=C(NN=C3C2=CC=C1)C4=CC=CS4,0.345175445
C1CC1N2C=C(C=N2)C3=C(C=NC=C3)CCC(=O)NC4=CC=C(C=C4)CN5CCOCC5,0.342718333
CC1=CN(C=N1)C2=C(C=C(C=C2)C3=CN(N=N3)C4CCC5=C(C=CC=C5F)N(C4=O)CC(F)(F)F)OC,0.342576057
CC1=C(C(=CC=C1)Cl)NC(=O)C2=CN=C(S2)NC3=CC(=NC(=N3)C)N4CCN(CC4)CCO,0.339612126
CNC(=O)C1=CC2=C(NN=C2C=C1)CC3=CC4=C(C=C3)N(N=C4)C,0.339272678
C1CCC(C1)N2C3=NC=NC(=C3C(=N2)C4=CN=C5C(=C4)C=CN5)N,0.338457435
COC1=CC=C(C=C1)CC(=O)N2CCN(CC2)C3=CC=C(C=C3)NC(=O)NC4=CC=CC(=C4)C(F)(F)F,0.337721199
CNC(=O)C1=CC2=C(S1)C=NC=C2OC3=CC=C(C=C3)I,0.336039454
C1=CC(=CC=C1C(=O)N)OC2=CN=CC3=C2C=C(S3)C(=O)N,0.331247032
CC1=C(C=CN=C1)C2=CNC(=C2)C(=O)N,0.330708116
CC1=CC(=CC=C1)CC2=C3C=C(C=CC3=NN2)C(=O)NC,0.329871595
CC1=C(SC(=N1)NC)C2=NC(=NC=C2)NC3=CC=C(C=C3)N4CCNCC4,0.325289875
CC(=O)NC1=CC2=C(C=C1)C(=NC=C2C3=CC=C(C=C3)C4=CN(N=C4)C)N,0.324736565
C1=CC=C(C=C1)C(CO)NC2=CN=CC(=C2)C3=CC4=C(C=C3)NN=C4,0.322819442
CCOC1=CC=CC=C1C(C)NC(=O)C2=NN3C(=NC=C3S2)C,0.321441382
CC(=O)NC1=CC2=C(C=NC=C2C=C1)C3=CC=C(C=C3)C4=CN(N=C4)C,0.318962008
CCNC1=NC(=C(S1)C2=NC(=NC=C2)NC3=CC=C(C=C3)N4CCN(CC4)C(=O)C)C,0.317362815
CN1C=C(C=N1)C2=CC=C(C=C2)CC3=C4C=C(C=CC4=NN3)C(=O)N5CC(C5)(F)F,0.314422548
C1=CC=C(C=C1)CCNC2=NC=NC3=C2C=C(C=C3)C#N,0.312711656
C1=CC(=CC=C1C2=CNC3=NC=CC(=C23)Cl)C(=O)N,0.31204766
C1CC(CC(C1)O)NC2=CC(=NC(=N2)C3=CNC4=C3C=CC=N4)Cl,0.309656024
C1COCC1N2C=C(C3=C(N=CN=C32)N)C4=CC=C(C=C4)OC5=CC=C(C=C5)CO,0.309015393
C1=CC=C2C(=C1)C(=CN2)CC(COC3=CN=CC(=C3)C4=CC5=C(C=C4)C=NC=C5)N,0.30714193
CC(C)(C)C1=CC=C(C=C1)C(=O)NC2=CC=CC(=C2CO)C3=CN(C(=O)C(=C3)NC4=NC=C(C=C4)C(=O)N5CCOCC5)C,0.306820333
CC1=C(C=CN=C1)C2=CNC(=C2C)C(=O)N,0.30619809
C1=CC2=C(C=C1Cl)C3=NC=NN3C(=O)N2,0.302157581
C1=CC=C(C=C1)C(CO)NC2=NC(=CN=C2)C3=CC(=C(C=C3)O)Cl,0.302007169
CC1=CC=C(C=C1)OC2=CN=CC3=C2C=C(S3)C4=NNN=N4,0.298846364
C1=CC(=CC=C1C2=NC(=C(N2)C3=CC=NC=C3)C4=CC=C(C=C4)F)O,0.296418518
CC(=O)N1CCC(CC1)N2C=C(C=N2)NC3=NC=C(C(=N3)C4=CN=C5N4C=CC=C5)Cl,0.295975536
CN1C=CN=C1C2=CC3=C(NN=C3C=C2)CC4=CC=C(C=C4)C5=CN(N=C5)C,0.295436859
CC1=C2C=C(C=CC2=NN1)C3=CC(=CN=C3)OCCN,0.295103401
CC1=C2C(=O)C3=C(C=C(C=C3)C(C)C)NC2=NC=C1,0.293227732
CN1CCN(CC1)C2=CC=C(C=C2)NC3=NC=C(C(=N3)NC4=CC5=C(C=C4)NN=C5)Cl,0.292417705
CCOC(=O)CC1=NC2=C(C=CC=C2N1)N,0.287487209
CC1=CC=C(C=C1)NCC2=CN=C(C=C2)C3=CC=C(C=C3)F,0.281997442
C1=CC=C2C(=C1)C(=O)NC3=CC=CC=C3N2,0.281798422
CNCC(=O)NC1CCC(CC1)NC2=NC(=CC(=N2)Cl)C3=CNC4=C3C=CC=N4,0.279879749
CC1=C(C=CC=C1NC(=O)C2=CC=C(C=C2)C(C)(C)C)C3=CN(C(=O)C(=C3)NC4=NC=C(C=C4)C(=O)N5CCOCC5)C,0.2770513
O=C(O)C=4C=CC(NC=2N1C=CN=CC1=NC=2C=3/C=C(/OC)C(O)=CC=3)=CC=4,0.275193274
CN1C=C(N=C1)C2=CC3=C(NN=C3C=C2)CC4=CC=C(C=C4)C5=CN(N=C5)C,0.27510491
C1CNC2=NC=NC(=C2N=C1C3=CC=CC=C3)N,0.274566025
CC(=O)OCCN1C2=C(C(=CC(=O)N2)C(F)(F)F)C(=N1)C3=CC(=CC=C3)Br,0.273812056
COCCOC1=NC(=NC2=C1CN(CC2)C(=O)C3=C4C=CC=CN4C=N3)C5=CN=C(C=C5)Cl,0.273007989
CC(C)(CNC(=O)C1=NC=C(C=C1)OC2=C3C(=C(S2)C(=O)N)CCC4=C3SN=C4)O,0.272827595
CCOC1=CC=CC=C1CNC(=O)C2=NN3C(=NC=C3S2)C,0.272505462
C1CCNC2=NN3C(=NC=C3C4=CC(=CC=C4)OCC1)C=C2,0.27190274
C1C(CN1C(=O)NC2=NN=CC=C2)CC=CC3=CN=CC(=N3)OC4=NC=C(C=C4)C(F)(F)F,0.270360053
O=C(N)C1=NN(/N=C1/NC(=O)CN2C(=NC=3C=CC=CC2=3)C4=NO/N=C4/N)C5=CC=CC=C5,0.270207345
C1=CC(=CC(=C1)F)CNC2=NC=NC3=C2NC=N3,0.267769635
C1CN(CCC1=CC2=CC(=CC=C2)OC3=NC=C(C=C3)C(F)(F)F)C(=O)NC4=NN=CC=C4,0.265186965
CC1=NC=CN2C1=NC(=C2C3=NC(=NC=C3)NCC(C)(C)O)C4=C(C=C(C=C4)F)F,0.256691813
CC1=CC=CC=C1C2=C(N=NN2CC3=CC=CC=C3)C4=CC5=C(C=C4)NN=C5N,0.254474401
CN1C=C(C=N1)C2=CC=C(C=C2)CC3=C4C=C(C=CC4=NN3)C5=NC=CC(=C5)N,0.250342667
CCCN1CCN(CCNC(=O)c2ccc(Nc3cc(ncn3)c4ccc(C)cc4)cc2)CC1,0.250054896
CN1CCN(CC1)C2=NC=C(C=C2)C3=CC4=C(NCCN4CC5=C(C=CC(=C5)Cl)C(F)(F)F)N=C3,0.246058017
CN1C=C(C=C1C(=O)N)C2=CC=NC=C2,0.244470149
CN1CCC(C(C1)O)C2=C(C=C(C3=C2OC(=CC3=O)C4=CC=CC=C4Cl)O)O,0.242181852
C1=CC=C(C=C1)CNC2=C(C=CC(=C2)C3=CC=NC=C3)C#N,0.241351128
CN1C=C(C=N1)C2=CC=C(C=C2)CC3=C4C=C(C=CC4=NN3)C(=O)N5CCC(C5)(F)F,0.24085778
CN1CCN(CC1)C2=CC3=C(C=C2)N=C(N3)C4=C(C5=C(C=CC=C5F)NC4=O)N,0.240758449
CCCC(=O)NC1=NNC2=C1C=C(C=C2)C3=CN(N=N3)CC4=CC=CC=C4,0.232166663
CN1C=C(C=N1)C2=CC=C(C=C2)CC3=C4C=C(C=CC4=NN3)C(=O)N,0.230216578
CC1CCN(CC1C2=NC=C3N2C4=C(NC=C4)N=C3)C(=O)CC#N,0.229641989
C1=CC=C(C=C1)CN2C=C(N=N2)C3=CC4=C(C=C3)NN=C4NC(=O)C5=CC=C(C=C5)C#N,0.229439571
C1=CC=C(C=C1)CN2C=C(N=N2)C3=CC4=C(C=C3)NN=C4NC(=O)C5=CC=CC(=C5)C#N,0.228469774
CCCN1C(=NC(=C1C2=NC(=NC=C2)NC3CCCCC3)C4=CC(=C(C=C4)Cl)Cl)C5CCNCC5,0.226642936
C1=CC=C(C=C1)C=CC2=NN3C=CN=C3C=C2,0.225543991
CN1C(=O)C(=C(N=C1NCC(CC2=CC=CC=C2)N)C3=CC=NC=C3)C4=CC5=CC=CC=C5C=C4,0.224994242
CNC(=O)C1=NC2=C(C=NC=C2C=C1)C3=CC4=C(C=C3)N(S(=O)(=O)C4)C,0.223249003
CC1=C2C=C(C=CC2=NN1)C3=CC(=CN=C3)OCC(CC4=CC(=C(C=C4)Cl)Cl)N,0.216639876
CN1C=C(C=N1)C2=CC=C(C=C2)CC3=C4C=C(C=CC4=NN3)C(=O)N5CCCCC5,0.213934913
CC1=CC(=C(C=C1)C)NC(=O)C2=CC(=NC3=CC=CC=C32)C4=CC=CO4,0.213698164
C1=CC2=NC=C(C=C2C=C1C3=CC=NC=C3)O,0.213566348
C1=CC=C(C=C1)CN2C=C(N=N2)C3=CC4=C(C=C3)NN=C4NC(=O)C5=CC=C(C=C5)F,0.212178379
CC(C)OC1=NNC(=C1)NC2=NC(=NC=C2Cl)NC(C)C3=NC=C(C=C3)F,0.2119416
O=C(NCCCN1CCN(CC1)CC)C2=CC(=CC=C2)N3C(C)=NC4=CC=CN=C34,0.211941108
CCN1CCN(CC1)C2=CC=C(C=C2)NC3=NC=C(C(=N3)NC4=CC5=C(C=C4)NN=C5)Cl,0.209828719
C1CC(C(C1CN2C(=O)C3=CC=CC=C3N=N2)C(=O)O)C(=O)C4=CC=C(C=C4)OCCC5CCOCC5,0.209164158
C1=CC(=CC(=C1)O)C2=C3C(=CC=C2)ON=C3N,0.208655939
CC1=CC=C(C=C1)OC2=CN=CC3=C2C=C(S3)C(=O)N,0.2069408
CN1C2=C(C=C(C=C2)CC3=C4C=C(C=CC4=NN3)C(=O)N5CCC(C5)(F)F)C=N1,0.206490517
CN1C=C(C2=C1C=CC(=C2)C#N)C3=CC4=NC(=CN=C4N3)Br,0.205965042
C1=CC=C(C=C1)N2C(=C3C=CC(=CC3=N2)N)C(=O)O,0.205244362
CC1=CC=C(C=C1)C2=CC3=C(C=CC(=C3N2)C(=O)N)NCCN,0.204257846
CN1C(=CC(=N1)C(=O)NCC2=CC=C(C=C2)C(=O)O)C3=CC4=C(C=C3)NC=C4,0.204057485
C1CNC(=O)C2=C1NC(=C2)C3=CC=NC=C3,0.203721315
CC(=O)NCC(=O)N1C2CCC1C3=C2C=CC(=C3)NC4=NC=C(C(=N4)NC5CCC5)C(F)(F)F,0.203010648
CC1=CC(=CC=C1)C2=C3C(=CC=C2)ON=C3N,0.200531229
Nc1n[nH]c2nc(cc(c3ccc(F)cc3)c12)c4cc(Cl)ccc4Cl,0.200427085
C1C2=C(NC1=O)N=CC(=C2)C3=CC=CC=C3,0.197288021
CCC(=NO)C(=CC1=CC(=C(C=C1)F)C)C,0.19680658
CC(C)CC1=C2C=C(C=CC2=NN1)C(=O)NC,0.190200031
CCOC(=O)C1=CC2=C(N1)C=CC(=C2)C3=CC(=NN3C)C(=O)NCC4=CC=C(C=C4)C(=O)O,0.189538866
CC(C)(C)NC1=NC=NC2=C1C(=CN2)C3=CC=CC=C3,0.18872793
C1COCCN1C2=CC=C(C=C2)OCCC3=CC4=C(C=C3)NC5=C(C=CC(=C5)C6=CN(C7=C6C=CN=C7)CC8=CC(=C(C(=C8)F)F)F)C(=O)N4,0.187581554
COc1cc(CC2COC(=O)C2Cc3ccc(O)c(OC)c3)ccc1O,0.183916658
O=C1NC(=Nc2nccc(c3ccncc3)c12)NCCc4ccccc4,0.18370302
O=C1Nc2ccccc2C1Cc3cc4c5ccccc5nc4[nH]n3,0.183028832
C1C2=C(C=CC=C2C(=O)N1)C3=CC=CS3,0.182912558
C1=CC2=C(C=C1NC3=NC4=C(C(=N3)NCC(F)(F)F)OC=C4)NN=C2,0.180637091
C1=CN=C(C=C1C2=CNC(=C2)C(=O)N)Cl,0.180468842
CC(=O)NC1=CC=C(C=C1)OC2=CN=CC3=C2C=C(S3)C4=NNN=N4,0.178548664
C1C2=C(C3=CC=CC=C3NC1=O)NC4=C2C=C(C=C4)[N+](=O)[O-],0.176202968
C1CN(C(C2=C1N=CC=C2)C3=CC=C(C=C3)F)C(=O)NC4=CC=C(C=C4)OC5=CC=C(C=C5)F,0.176007122
CCCS(=O)(=O)NC1=C(C(=C(C=C1)F)C(=O)C2=CNC3=C2C=C(C=N3)Cl)F,0.174990863
C#CC1=CN(C2=NC=NC(=C12)N)C3CCCC3,0.171957687
C1=CC=C(C=C1)CN2C=C(N=N2)C3=CC4=C(C=C3)NN=C4NC(=O)C5=CC(=CC=C5)F,0.171326607
CCN1CCN(CC1)C2=CC=C(C=C2)NC3=NC=C(C(=N3)NC4=CC5=C(C=C4)NN=C5)C#N,0.170971677
CC1=C(C=CC(=C1)NC2=NC=C(C(=N2)NC3C4CC(C3C(=O)N)C=C4)F)N5CCN(CC5)C,0.170647725
C1=CC=C(C=C1)C(CN)NC(=O)C2=CC=C(C=C2)C3=CC=NC=C3,0.168815896
COC1=CC=CC(=C1)C(=O)NC2=NNC3=C2C=C(C=C3)C4=CN(N=N4)CC5=CC=CC=C5,0.168448955
CC1=NN(C=C1)C2=C(C=C(C=C2)C3=CN(N=N3)C4CCC5=CC=CC=C5N(C4=O)CC(F)(F)F)OC,0.167400807
CC(=O)NC1=CC2=C(NN=C2C=C1)CC3=CC=C(C=C3)C4=CN(N=C4)C,0.165422961
CC(CCC(=O)O)(C1=CC(=C(C=C1)O)N)C2=CC(=C(C=C2)O)N,0.165082142
CN1CCN(CC1)C2=NC3=CC=CC=C3C(=N2)C4=C(C(=O)NC4=O)C5=CNC6=CC=CC=C65,0.162537992
COc1cc(CC2COC(=O)C2(O)Cc3ccc(O)c(OC)c3)ccc1O,0.162477881
[F]C([F])([F])C2=NNC3=NC1=C/C=C(/[Br])C=C1C(=C23)C4=CC=CC=C4,0.161551476
C1=CC(=CC(=C1)F)NC(=O)NC2=CC=C(C=C2)C3=CSC4=C3C(=NC=C4C5=CN(N=C5)CCO)N,0.160408735
C1=CC(=CC=C1C2=CSC3=C2C(=NC=C3C4=CN(N=C4)CCO)N)NC(=O)NC5=CC=C(C=C5)OC(F)F,0.158706978
CS(=O)C1=CC=C(C=C1)C2=NC(=C(N2)C3=CC=NC=C3)C4=CC=C(C=C4)F,0.158312887
CCNC(=O)c1cccc(Nc2c(nc3cnccn23)c4ccccc4)c1,0.158224016
C1CC1(C2=CC=CC=C2Cl)C(=O)NC3=CC(=C(C=C3)OC4=CC(=CC=C4)Cl)S(=O)(=O)N,0.156064034
CC1=C2C=C(C=CC2=NN1)C3=CC(=CN=C3)OCC(CC4=CC=CC=C4)N,0.155982763
CC(C)CC(=O)N1CCC2=C(C1)C(=NC(=N2)C3=CC=C(C=C3)Br)N(C)CC4=CC=CC=C4,0.155614525
COC1=CC(=CC(=C1OC)OC)C2=CC3=C(C=C2)NC4=C(C=CC(=C4)C5=CC=CC=C5NS(=O)(=O)C)C(=O)N3,0.154481724
C1=CC(=C(C(=C1)Cl)C2=C3C=CC(=NN3C=NC2=O)SC4=C(C=C(C=C4)F)F)Cl,0.153550759
C1=CN=CC(=C1C2=CNC(=C2)C(=O)N)Br,0.153340176
C1CN(CCC1(C#N)C2=CC=CC=N2)CC3=C4C=CC=CN4C(=O)C(=C3)C(=O)O,0.152238891
CN1C=C(C2=C1C=CC(=C2)OC)C3=CC4=NC(=CN=C4N3)Br,0.151277542
C1CN(CCN1)C2=NC3=CC=CC=C3C(=N2)C4=C(C(=O)NC4=O)C5=CNC6=CC=CC=C65,0.150713086
C1CCN(CC1)C2=NC=NC3=C2C(=CN3)C4=CC=CC=C4,0.149831548
CC1=C(NC=C1C2=CC=NC=C2)C(=O)N,0.149555653
C1C2=CN=C(N=C2C3=C(C=C(C=C3)Cl)C(=N1)C4=C(C=CC=C4F)F)NC5=CC=C(C=C5)C(=O)O,0.149142668
C1=CC=C2C(=C1)C(=CN2)CC(C(=O)NC3=CN=CC(=C3)C=CC4=CC=NC=C4)N,0.14834474
CCN1C(=C(SC1=O)C2=NC(=NC=C2)NC3=CC(=CC=C3)OC)C,0.14785558
CC(C(=O)NC1(CC1)C2=CC=CC=N2)NC(=O)C3=CN=C4N3C(C(=O)N4C5=CC(=C(C(=C5)Cl)F)Cl)(C)CC6=CC=C(C=C6)C#N,0.14770256
C1CN(C(C2=C1N=CC=C2)C3=CC=C(C=C3)F)C(=O)NC4=CN=C(N=C4)OC5=CC=C(C=C5)F,0.144654036
C1=CC=C(C=C1)N2C=CC3=CN=C(N=C32)NC4=CC(=CC=C4)S(=O)(=O)N,0.144362047
C1=CC=C(C=C1)C(CCO)NC(=O)C2=CC=C(C=C2)C3=CC=NC=C3,0.14405258
COC1=C(C=C(C=C1)C(=O)NC2=NNC3=C2C=C(C=C3)C4=CN(N=N4)CC5=CC=CC=C5)OC,0.143619239
CCCCNC(=O)C1=CN(C(=O)C2=CC(=C(C=C21)OC)OC)C(CC)CC,0.142376319
C1C2=C(C=C(C=C2)Br)C3=C1C=NN3,0.142281353
COC1=CC2=C(C=C1)NC=C2C=C3C4=CC=CC=C4NC3=O,0.140553892
CN1C=C(C2=CC=CC=C21)C3=CC4=NC(=CN=C4N3)Br,0.139012471
C1=CC=C(C=C1)CN2C=C(N=N2)C3=CC4=C(C=C3)NN=C4NC(=O)C5=C(C=CC(=C5)F)F,0.138556048
CCOC1=CC=CC=C1C2=CC(=CC=C2)C3=C4C(=CC(=O)NC4=NN3)C,0.137365445
C1OC2=C(O1)C=C(C=C2)C3=C(NC(=N3)C4=CC=C(C=C4)C(=O)N)C5=CC=CC=N5,0.13673532
CC(=O)N1CCC(CC1)C2=C(C=C(C=C2)C(=O)NC3=NCCN3)C(F)(F)F,0.134465635
COC1=CC=CC(=C1)NC2=NC=NC3=CC=CC=C32,0.133102342
CCOC1=C(C(=CC(=N1)C(=O)NCC2=CC=CC=C2S(=O)(=O)N)N)C#N,0.132848158
CN1C=NC=C1C(COC2=C(C=C(C=C2)C#N)C3=CC=C(C=C3)OC(F)(F)F)(C4=CC=C(C=C4)C#N)O,0.132168531
C1CCC2=C(C1)N=C(S2)N3C4=C(C=CC(=C4)C#N)N=C3N,0.131852299
CCOCCN1C=C(C=CC1=O)C(=O)NC2=NC=C(C=C2)N3C(=CC(=N3)C4=CN=CC=C4)C(F)(F)F,0.129300565
CC(C1CC1)(C2=CC=C(C=C2)C3=CN=C(N=C3)N)C4=NOC(=N4)C5=CN(N=C5)CC(=O)N(C)C,0.129154906
C1=CC=C2C(=C1)C(=CN2)C=C3C4=CC=CC=C4NC3=O,0.128061876
O=C2C=1NN=C(C=1[C@@]([H])(N2CC/C3=C/C=CC=C3)C=4/C=C(/O)C=CC=4)C5=CC=C/C=C5/O,0.123904377
CCN1C2=C(C=CC(=C2)N)C3=C(C1(C4=CC=CC=C4)O)C=C(C=C3)N,0.118718468
CC1=NC=CC(=C1)C2=CNC(=C2)C(=O)N,0.117521822
CNC(=O)C1=CC2=C(NN=C2C=C1)CC3=CC(=C(C=C3)OC)OC,0.117105685
CS(=O)(=O)C1=CC=CC(=C1)C(=O)NC2=NC3=CC=CC=C3N2CCCO,0.116817676
CN(C)CC1CCN2C=C(C3=CC=CC=C32)C4=C(C5=CN(CCO1)C6=CC=CC=C65)C(=O)NC4=O,0.112277478
Cc1cccc(NC(=O)CCc2onc(n2)c3cc4ccccc4nc3O)c1C,0.110599957
CN1C=C(C2=C1C=CC(=C2)F)C3=CC4=NC(=CN=C4N3)Br,0.108411528
COC1=CC=C(C=C1)COC2=C(C=C(C=C2)CC3=CN=C(N=C3N)N)OC,0.107630141
CCC1=C2N=C(C=C(N2N=C1)NCC3=C[N+](=CC=C3)[O-])N4CCCCC4CCO,0.107507341
CC1=CC=C(S1)C2=C(C(=O)NC(=C2)C3=C(C=CC(=C3)Br)O)C#N,0.107043363
CN(C)C(=O)CN1C=C(C=N1)C2=NC(=NO2)C3(CC3)C4=CC=C(C=C4)C5=CN=C(N=C5)N,0.107025728
CC1=CC(=CC=C1)NC(=O)NC2=CC=C(C=C2)C3=CSC4=C3C(=NC=C4C5=CN(N=C5)CC(C)O)N,0.106156133
C1=CC=C(C=C1)CN2C=C(C=C2C(=O)N)C3=CC=NC=C3,0.105648577
COC1=CC(=CC(=C1)C(=O)NC2=NNC3=C2C=C(C=C3)C4=CN(N=N4)CC5=CC=CC=C5)OC,0.105546802
C1=C(C=NC2=NNC(=C21)N)Br,0.105068833
CC1CCC2=C(C1)C(=C(C(=N2)N)C#N)C3=CN=CC=C3,0.104872599
CC1=C(C(=NN1CC2=CC=C(C=C2)C#N)C(F)(F)F)NC(=O)C3=CC(=NC4=C3C=CC(=C4)F)C(=O)N,0.103098989
C1=CC=C(C=C1)CN2C=C(N=N2)C3=CC4=C(C=C3)NN=C4NC(=O)C5=CC(=CC=C5)Cl,0.098796099
COC1=CC=CC(=C1)CNC(=O)C2=CN=C(N=C2)C3=CC=NC=C3,0.098224886
Fc1ccc(NC2=Nc3nccc(c4ccncc4)c3C(=O)N2)cc1,0.097856648
CC1=CC(=O)NC2=NNC(=C12)C3=CC=CC(=C3)C4=CC=C(C=C4)C#N,0.097726099
CCOC(=O)C1=C(N2C3=CC(=C(C=C3NC(=O)C2=N1)[N+](=O)[O-])NC(=O)C)C,0.094999194
COc1cc(CC2C(COC2=O)C(O)c3ccc4OCOc4c3)cc(OC)c1OC,0.094282404
CCN(C1=CC=C(C=C1)NC2=NC3=C(C(=N2)NC4CC4)NC=N3)C(=O)C,0.093882471
C1=CC2=C(C=CC=C2O)C(=C1)NC(=O)NC3=NC=CN=C3,0.09359879
C1CCN(C(C1)C2=CC=C(C=C2)F)C(=O)C3=CC4=C(C=C3)NN=C4N,0.092210546
COC(=O)C1=C(N=C2N1C=CC=C2)N,0.091802225
C1=CC=C(C=C1)CN2C=C(N=N2)C3=CC4=C(C=C3)NN=C4NC(=O)C5=CC=C(C=C5)Cl,0.091107905
CC1=CC(=C(C=C1)F)NC(=O)NC2=CC=C(C=C2)C3=C4C(=C(C=C3)OCCCN5C=CC=C5)NN=C4N,0.090992361
CN(C)C1=NC=NC(=C1Cl)C2=CC3=C(C=C2)N=C(N3)NC4=NC=CC(=C4)CN5CCN(CC5)C(=O)CC(F)(F)F,0.090848334
CN1C=CC(=N1)NC(=O)C2=C3CCC4=C(C3=C(S2)SC)SN=C4,0.090643503
CN1C=C(C=N1)C2=C(C=NC=C2)C=CC(=O)NC3=CC=CC=C3,0.090418883
CCCOC1=CC=C(C=C1)C2C(C(CN2CC(=O)NC3=C(C=CC=C3CC)CC)C4=CC5=C(C=C4)OCO5)C(=O)O,0.08979556
COC1=CC=CC=C1C2=NC(=NC=C2)NC3=CC(=CC=C3)S(=O)(=O)C,0.089728959
CC(C)(C#N)C1=CC=C(C=C1)N2C3=C4C=C(C=CC4=NC=C3N(C2=O)C)C5=CC6=CC=CC=C6N=C5,0.089265816
COC1=CC=C(C=C1)NC(=O)NC2=CC=C(C=C2)C3=CSC4=C3C(=NC=C4C5=CN(N=C5)CC(CO)O)N,0.089131795
CC(=O)C1=C(C(=O)N(N=C1C2=CC=CC=C2)C)N,0.089099802
C1=CC(=C(C=C1Cl)F)C2=C(C=C(N2)C3=NC(=NC=C3)N)C(=O)N,0.088931106
C1CC2=C(C=CC(=C2)NC3=C(C=C(C=C3)F)F)C(=O)C4=C1C=CC(=C4)OCC(CO)O,0.087805405
CC(C1=CC=C(C=C1)F)N(CC2=CC(=CC=C2)C(=O)O)C(=O)C3=CC4=CC=CC=C4N=C3,0.0874331
O=C(NCC)C4=C/C=C(/NC=2N1C=CN=CC1=NC=2C=3/C=C(/OC)C(=CC=3)OC)C=C4,0.087298736
CN1C=C(C=N1)C2=CC=C(C=C2)CC3=C4C=C(C=CC4=NN3)S(=O)(=O)NC5CC5,0.084749371
COC1=C(C=CC(=C1)C2=CC3=C(C=C2)C(=O)NC4=C(N3)C(=CC=C4)O)O,0.084601313
COCCOC1=C(C=C2C(=C1)C(=NC=N2)NC3=CC=CC(=C3)C#C)OCCOC,0.08342237
CC1=CC(=NN1)NC2=CC(=NC(=N2)C=CC3=CC=CC=C3)N4CCN(CC4)C,0.082779571
CN1CCN(CC1)C2=CC(=C(C=C2)C(=O)NC3=NNC4=C3C=C(C=C4)CC5=CC(=CC(=C5)F)F)OC,0.082692102
C1=CC=C2C(=C1)C(=CC=N2)NC(=O)NC3=NC=CN=C3,0.081963465
CCCNC(=O)C1=CC=C(C=C1)NC2=NC(=C3C=CNC3=N2)CC,0.081481487
O=C(NC=1C=CC([Cl])=CC=1[Cl])NCC=3C=CC(=C2C=CN=CC2=3)C4=CC=CC=C4,0.080775283
CC1=C(C=C(C=C1)NC2=NC=CC(=N2)N(C)C3=CC4=NN(C(=C4C=C3)C)C)S(=O)(=O)N,0.079056807
CC(C1=CC(=CC=C1)OC)NC(=O)C2=CN=C(N=C2)C3=CC=NC=C3,0.077616587
CC1=NC=C(C=C1)OC2=C(C=C(C=C2)NC3=NC=NC4=C3C=C(C=C4)C=CCNC(=O)COC)C,0.077294476
Cc1nnc(NC(CSc2nnc3ccc(c4ccncc4)nn23)=O)s1,0.076687232
CC1=C2C=C(N=CC2=NN1)C3=CC(=CN=C3)OCC(CC4=CC(=CC=C4)C(F)(F)F)N,0.076192006
C1=CC(=CC=C1CCC2=NN=CO2)NC(=O)C=CC3=C(C=CN=C3)C4=CC=C(C=C4)F,0.076065749
CCOC1=C(C(=CC(=N1)C(=O)NCC2=CC=C(C=C2)S(=O)(=O)C)N)C#N,0.075736389
CC1=NC=CC(=C1)C2=CNC(=C2C)C(=O)N,0.075247079
COc1cc(CC2C(COC2=O)C(=O)c3ccc4OCOc4c3)cc(OC)c1OC,0.073765337
C1C(c2ccccc2)c2c(c3cccc(c3)[N+]([O-])=O)n[nH]c2OC1=O,0.073624022
C1CC(C2=C(C1)N=C(C=C2)C3C4=C(C=CC(=C4)C#N)NC3=O)O,0.072889581
CN1C=C(C=N1)C2=CC=C(C=C2)CC3=C4C=C(C=CC4=NN3)NS(=O)(=O)C,0.072884552
C1=CC(=C(C=C1C#N)Cl)NC2=CC3=C(C=C2)NC(=O)N3,0.072674461
C1=CC2=CN=C(C=C2C=C1Br)NC3=NC=NC=C3,0.072668351
C1COCCC1CNC2=C(C=C(C=C2)S(=O)(=O)NC(=O)C3=C(C=C(C=C3)N4CCN(CC4)CC5=C(C=C(C=C5)C(F)(F)F)C6=CC=C(C=C6)Cl)OC7=CN=C8C(=C7)C=CN8)[N+](=O)[O-],0.070950314
CC1=C(C=C(C=C1)NC(=O)NC2=CC=C(C=C2)CC3=CC=NC=C3)C,0.070024446
CC1=CN=C(C=C1)NC2=NC3=C(N2)C=C(C=C3)[N+](=O)[O-],0.069522217
CC1=C(C=CC2=C1N=C(C=C2OC3CC4C(=O)NC5(CC5C=CCCCCCC(C(=O)N4C3)NC(=O)OC6CCCC6)C(=O)O)C7=CSC(=N7)NC(=O)C(C)C)OC,0.068617575
CC(=O)N1CCC(CC1)C2=C(C=C(C=C2)C(=O)N=C(N)N)C(F)(F)F,0.068296157
COC1=CC=C(C=C1)C(=O)C2=CN=C3C=CC(=CC3=C2N4CCCCC4)F,0.068065673
C1CN(CC2=C1NC3=C2C=C(C=C3Cl)Cl)C(=O)NC4=CC=C(C=C4)[N+](=O)[O-],0.067579523
COC1=CC=CC(=C1)CNC(=O)C2=CC=C(C=C2)C3=CC=NC=C3,0.066897132
COC1=CC=C(C=C1)N2C=CC3=CN=C(N=C32)NC4=CC(=C(C(=C4)OC)OC)OC,0.066065438
O=C(NCCCc1ccccc1)c2n[nH]c3CCN(Cc23)C(=O)c4ccc(cc4)C#N,0.065532237
CN(C)C1=CC=C(C=C1)C(=O)NC2=NNC3=C2C=C(C=C3)C4=CN(N=N4)CC5=CC=CC=C5,0.064970613
CC(C1=C(C=NC2=CC(=NN21)Cl)NC3=CC=C(C=C3)C(C(F)(F)F)N(C)C(=O)C4CCS(=O)(=O)CC4)OC,0.064928621
CN(C)C(=O)CN1C=C(C=N1)C2=CC=C(C=C2)C3=CN=CC4=CC=CC=C43,0.06462878
CC1=NC2=CC(=C(C=C2C(=N1)NC(C)C3=CC(=CS3)C4=CC=CC=C4CNC)OC)OC,0.064399295
CC(C1=CC=CC=C1)NC(=O)NC2=NC(=C3C=NNC3=C2)CO,0.064331569
CS(=O)(=O)N1CCC2=C(C1)N=C3N2C=C(N=C3N4CCOCC4)C5=CN=C(N=C5)N,0.063486986
O=C2NC(=NC1=NC=CC(=C12)C4=CC=3OCOC=3C=C4)NCC=5C=CC=CC=5,0.062996715
COC1=C(C=CC(=C1)C2=CC3=C(C=C2)C(=O)NC4=C(N3)C=CC(=C4)C(=O)NCC5=CC(=CC=C5)F)O,0.06293337
C1=CC=C(C=C1)C2=CC=CC=C2NC(=O)NC3=NC4=C(C=CC=C4S3)O,0.062235557
CC(Nc1cccc(c1)NC(C1=C(C(c2ccccc2)=NNC1=O)c1ccccc1)=O)=O,0.061845392
C1CN(CC2=C1C=CC=C2C(=O)NC3=NC4=CC=CC=C4S3)C5=NC(=C(S5)C6=CC=C(C=C6)CO)C(=O)O,0.060948662
C1CCN(C1)C(=O)CC2=NN=C(S2)NC(=O)NC3=CC(=CC=C3)Cl,0.060787164
CCCCNC1=NC(=C(S1)C(=O)C2=CC=CC=C2)N,0.060327921
CCCOC1=CC=CC(=C1)C(C)NC(=O)C2=CC=C(C=C2)C3=C(C=NC=C3)F,0.060121343
C1=CC(=CC=C1C2=NC3=C(N2)C=C(C=C3)O)SC4=CC=C(C=C4)C5=NC6=C(N5)C=C(C=C6)O,0.059663296
C1=CC=C(C(=C1)C2=CC3=C(C4=C(N3)C=CC(=C4)O)C5=C2C(=O)NC5=O)Cl,0.058347423
CC(=O)NC1=CC=C(C=C1)OC2=CN=CC3=C2C=C(S3)C(=O)N,0.058012914
CC1=C(SC(=N1)C2=CC=NC=C2)C(=O)NC(C)C3=CC(=CC=C3)OC,0.057403214
CC1=C(N=NN1C2=CC3=C(ON=C3C=C2)C4=CC=CC=C4)C(=O)NC5=CC=CC(=C5)C(=O)C,0.057401028
CC(C)C(CO)NC(=O)C1=CC(=CC=C1)N2C(=CC(=N2)C(C)(C)C)NC(=O)NC3=CC=CC4=CC=CC=C43,0.057217274
CC1=CC(=NC=C1)NC2=NC(=NC(=C2)C)C3=CC=CC=C3,0.056109823
C1=CC(=C(C=C1Cl)Cl)C2=C(C=C(N2)C3=NC(=NC=C3)N)C(=O)N,0.055896334
CN1C=C(C=N1)C2=CN=C(C3=C2SC=C3C4=CC=C(C=C4)NC(=O)NC5=CC(=CC=C5)F)N,0.055621892
CC(C1=CC=CC=N1)NC(=O)NC2=NC(=C3C=NNC3=C2)CO,0.055354536
CC1=C2C=C(C=CC2=NN1)C3=CC(=CN=C3)OCC(CC4=CC(=CC=C4)Cl)N,0.055319499
CNC(=O)C1=CC=CC=C1SC2=CC3=C(C=C2)C(=NN3)C=CC4=CC=CC=N4,0.055269636
CC(C)NC1=C(C(=O)NN1)C=C2C=C3C=CC=CC3=N2,0.05405673
O=C(C/C1=N/C(=NN1)C/C2=C/C=C(/[F])C=C2)NC=3/C=C(/[F])C([F])=CC=3,0.053717621
CC(C1=CC(=CC=C1)OC)NC(=O)C2=CC=C(C=C2)C3=CC=NC=C3,0.053564917
C1=CC=C2C(=C1)C3=C(C2=NO)C=C(C=C3)NS(=O)(=O)C4=CC(=CC=C4)Br,0.052992593
CC1=CC(=NN1)NC2=CC(=NC(=N2)SC3=CC=C(C=C3)NC(=O)C4CC4)N5CCN(CC5)C,0.052106924
COC1=CC2=C(C=C1)NC(=O)C2=CC3=CN=CN3,0.051911991
CC(=O)C1=C(C2=CC(=C(N=C2N(C1=O)C)C3=C(C=C(C=C3)Cl)Cl)C4=CC=C(C=C4)Cl)NC(=O)C,0.051902734
[Br]/C1=C/C(=CC=C1)C2=NC(=NN2)C=3NN=CC=3NCC=4C=CN=CC=4,0.051642731
COC1=C(C(=CC=C1)F)C2=NCC3=CN=C(N=C3C4=C2C=C(C=C4)Cl)NC5=CC(=C(C=C5)C(=O)O)OC,0.050445076
C1=CC(=CC(=C1)F)NC(=O)NC2=CC=C(C=C2)C3=CC4=C(C=C3)C=NN4,0.049874172
CCCCN(CCC#N)C(=O)C1=CC2=C(C=C1)N=C(N2)C3=NNC4=CC=CC=C43,0.049400233
COC1=CC=CC=C1CN=C(N)NC2=NC=CC(=N2)C3=CC=CS3,0.047834493
O=C1NC(=NC2=NC=CC(=C12)C4=CC=3OCOC=3C=C4)NC=5C=CC=CC=5,0.047786146
CC1=CC(=O)NC2=NNC(=C12)C3=CC=CC(=C3)C4=CC=C(C=C4)Cl,0.046463776
CC1=C(C=CC(=C1)N2C(=NC(=N2)CC3=CC(=CC(=C3)F)C(F)(F)F)C)C(=O)N,0.046417274
C1(=NC=C([S]1)C/C2=C/C=CC=3C=CC=CC2=3)NC=4C=CC=CC=4,0.044879865
CC(C)CC1=C2C=CNC2=NC(=N1)NC3=CC(=C(C=C3)N4CCOCC4)Cl,0.044367641
CC(C1=CC(=CC=C1)OC)NC(=O)C2=CC=C(S2)C3=CC=NC=C3,0.04332361
C1=CC(=CC(=C1)F)NC(=O)NC2=CC=C(C=C2)NC(=O)C3=C4C(=NC=NN4C=C3)N,0.042800423
Fc1ccccc1C(=O)N2CCc3[nH]nc(C(=O)NC4CCCc5ccccc45)c3C2,0.042714331
C1=CC(=CC(=C1)NC(=O)C2=C3C(=CC=C2)SN=C3N)CNC(=O)NC4=CC(=CC=C4)F,0.041541032
COC1=C2C=CC=C3C2=C(C=C1)C(=NN3)C4=CC(=C(C=C4)OC)OC,0.041292764
COC(=O)C(CC1=CC=C(C=C1)O)NC(=O)C2=NC3=C(C=C(C=C3)C4=CC(=CC=C4)Cl)C(=C2)C(=O)O,0.040983204
C1=CC(=CC(=C1)NC(=O)NC2=CC(=CC=C2)F)C3=CC4=C(C=C3)C=NN4,0.04027551
C1=CC=C2C(=C1)C(=CC3=CC=CN3)C(=O)N2,0.040210854
CC1=C(C=C(C=C1)C2=CN=C(S2)C3(CCC(C(C3)(C)C)C(=O)O)O)NC4=CC=CC(=N4)C(F)(F)F,0.040076695
CN1C=C(C=N1)C2=C(C=NC=C2)C=CC(=O)NC3=CC=C(C=C3)CN4CCC(C4)(F)F,0.039836977
CN(C)CC(=O)NC1CCC(CC1)NC2=NC(=CC(=N2)Cl)C3=CNC4=C3C=CC=N4,0.039622474
CCOC(=O)C1=C(N(C2=C1C=C(C3=CC=CC=C32)O)C4=CC=C(C=C4)I)C,0.039201502
C1=CC=C(C(=C1)C(=O)O)NC2=NC=NC(=N2)NC3=CC=C(C=C3)F,0.039150111
C1=CC=C2C(=C1)C(=CN2)C=NNC(=O)CCC(=O)NC3=C(C=CC(=C3)C(F)(F)F)Cl,0.038293835
C1=CC=C(C(=C1)C(=O)O)NC2=NC=NC(=N2)NC3=CC4=C(C=C3)C=NN4,0.037815493
COC1=CC=CC(=C1)CNC(=O)C2=NC3=C(C(=CS3)COCC4=CC=C(C=C4)C(=O)O)C(=O)N2,0.037542582
C1CNC(=O)C2=C(N1)C(=CS2)C(=O)O,0.035717882
CC(C)C1=CC(=O)NC2=C1C(=O)NN2,0.035546608
CC1=CC(=O)NN=C1C2=CC=C(C=C2)NC(=O)NC3=C(C=CC(=C3)C(F)(F)F)F,0.035208572
COc1cccc(c1)C(=O)N2CCc3[nH]nc(C(=O)NCCCc4ccccc4)c3C2,0.03487293
O=C(NCC=1C=CC=CC=1[Cl])C4=CC(NC=2C=C(N=CN=2)C=3C=CC=CC=3)=CC=C4,0.034849357
CC1=CC=CC=C1C(=O)NC2=NN(C3=C2C=C(C=C3)C4C(=C(NC(=C4C#N)C)C)C#N)C,0.03429427
C1=CC(=CC(=C1)NC(=O)NC2=CC=C(C=C2)C3=C(C4=NC=CN=C4C=C3)N)C(F)(F)F,0.03424437
CC1(C(=O)NC2=C(O1)C=CC(=N2)NC3=NC(=NC=C3F)NC4=CC(=C(C(=C4)OC)OC)OC)C,0.033566646
C1=CC=C(C(=C1)C(=O)O)NC2=NC(=NC=C2)NC3=CC4=C(C=C3)C=NN4,0.033296403
CN1C=C(C=N1)NC2=NC=C(C(=N2)NC3=CC=CC=C3C(=O)N)Cl,0.032465212
CN1C=C(C=N1)C2=CC=C(C=C2)C3=C4C=C(C=CC4=CN=C3)N5CCCS5(=O)=O,0.032351784
C1=CNC(=C1)C=C2C3=C(C=C(C=C3)C4=CC=C(C=C4)O)NC2=O,0.032007247
CS(=O)(=O)C1=NC=CC(=C1)C(CCNS(=O)(=O)C)NC(=O)C2=CN=CC3=C2C=NN3C4=CC=C(C=C4)F,0.032006744
CN(C)C1=CC=C(C2=CC=CC=C21)N,0.031797305
CN(C)CC(COC1=CC=C(C=C1)NC2=NC=CC(=N2)NC3=C(C=CC(=C3)Cl)Cl)O,0.031562999
CC1=CC(=O)NC2=NNC(=C12)C3=CC(=CC=C3)C(F)(F)F,0.03115182
CCCNC(=O)C1=CC=C(C=C1)NC2=NC3=C(C(=N2)NCC(F)(F)F)SC=C3,0.030973481
C1=CC=C(C(=C1)C(=O)O)NC2=NC(=NC=C2)NC3=CC=C(C=C3)[N+](=O)[O-],0.030834673
C1=CN=C2C(=CC(=CC2=C1NC(=O)NC3=NC=CN=C3)F)F,0.030495564
CN1CCN(CC1)C2=CC(=C(C=C2)C(=O)NC3=NNC4=C3C=C(C=C4)CC5=CC(=CC(=C5)F)F)NC6CCOCC6,0.030088913
CC1=CC(=CN=C1)OC2=C3C(=C(S2)C(=O)N)CCC4=C3SN=C4,0.029982192
CCC1=CC2=NC=CC(=C2C=C1)NC(=O)NC3=CC=CC(=N3)C(F)(F)F,0.029637974
CCC1=CC2=C(C=CN=C2C=C1)NC(=O)NC3=CC=CC(=N3)C(F)(F)F,0.028925586
C(C1=CC(c2ccccc2)=NNC1=O)c1cc2c(c(c1)[Cl])OCO2,0.028791836
CC1=C(C(=O)N(C2=NC(=NC=C12)NC3=NC=C(C=C3)N4CCNCC4)C5CCCC5)C(=O)C,0.028462054
CC1=CC(=O)NN=C1C2=CC(=C(C=C2)NC(=O)NC3=C(C=CC(=C3)C(F)(F)F)F)Cl,0.027247859
CC(C)N(CCCN)C(=O)C1=CC(=CC=C1)N2C(=CC(=N2)C(C)(C)C)NC(=O)NC3=CC=CC4=CC=CC=C43,0.025822228
C1=CC=C(C=C1)C(=O)NC2=NC(=CC(=C2)C3=CNC4=C3C=CC=N4)Cl,0.025691956
CC(=O)C1=C(C2=CC(=C(N=C2N(C1=O)C)C3=C(C=C(C=C3)Cl)Cl)C4=CC=C(C=C4)Cl)NS(=O)(=O)C,0.025180196
CC1=C(C=C(C=C1)NC(=O)NC2=NN=C(S2)C3=CC(=CC=C3)F)C,0.025125299
C1=CC(=CC(=C1)NC(=O)NC2=CC=C(C=C2)C3=NNC(=O)C=C3)C(F)(F)F,0.024461649
O=C1C=C(OC2=CC(=CC(O)=C12)OCC(=O)NCCC=3NC=NC=3)C=4C=CC=CC=4,0.024133909
CC1=CC(=O)C2=C(O1)C=C(C(=C2OC)C3=NC4=CC=CC=C4N3)O,0.023774449
CC(C)C(C)NC1=NC=C(C(=N1)NC2=NC=CS2)Cl,0.023743272
C1=CN(C=C1)CCCOC2=C3C(=C(C=C2)C4=CC=C(C=C4)NC(=O)NC5=CC(=CC=C5)Cl)C(=NN3)N,0.023642611
CC(C)(C)C1=NN(C(=C1)NC(=O)NC2=CC=CC3=CC=CC=C32)C4=CC=CC(=C4)C(=O)N(CCN)CCO,0.023452848
CC1=CC=C(C=C1)C2=CC3=NC(=CN=C3N2)Br,0.023439202
CCCC(=O)NC1=NC(=CC(=C1)C2=CNC3=C2C=CC=N3)Cl,0.023124726
CC(C)(C)C1=NN(C(=C1)NC(=O)NC2=CC=CC3=CC=CC=C32)C4=CC=CC(=C4)C(=O)NCCCCC(=O)O,0.023097362
CC1=CC(=CC=C1)NC(=O)NC2=CC=C(C=C2)C3=CSC4=C3C(=NC=C4C#CCNC)N,0.02300352
CN1CCN(CC1)C2=CC=C(C=C2)NC3=NC(=C(S3)C(=O)C4=C(C=CC=C4Cl)Cl)N,0.022921879
COc1ccc(CC2CC(Cc3ccc(OC)c(OC)c3)C(=O)O2)cc1OC,0.022677479
CNS(=O)(=O)C1=CC=CC=C1NC2=NC(=NC=C2Cl)NC3=CC(=C(C(=C3)OC)OC)OC,0.022634864
C1OC2=C(O1)C=C(C=C2)C3=C4N=CC(=C(N4N=C3)N)C5=CC=C(C=C5)NC(=O)NC6=CC=CC(=C6)C(F)(F)F,0.022509614
CCCC(=O)NC1=CC=CC(=C1)C2=NC3=C(C=C(C=C3)OCCN4CCCC4)C(=N2)NC5=CC6=C(C=C5)NN=C6,0.022465441
O=C(NCc1ccccc1)c2n[nH]c3CCN(Cc23)C(=O)c4cocc4,0.022092648
O=C(N/C(=C/C=1C=CC=CC=1OC)C(=O)NCC/C2=C/NC=3C=CC=CC2=3)C=4/C=C(/C)C=CC=4,0.022050064
CC(C1=CC=CC(=C1)C#N)N2C=C(C=C(C2=N)C(=O)N)Cl,0.021692414
CN(C)CCCNC(=O)C1=CC2=C(C=C1)NC3=C(C=CC(=C3)C4=CC(=C(C=C4)O)OC)C(=O)N2,0.021167852
C1=CC(=CN=C1)C2=CC=C(C=C2)CC(=O)NC3=CC=C(C=C3)SC(F)F,0.020839209
C1=CC(=NC(=C1)NC(=O)NC2=C3C=CC(=CC3=NC=C2)C(F)(F)F)C#N,0.020483462
COc1ccc(C(=O)NC(=S)Nc2ccc(cc2)n3nncc3c4ccccc4)c(OC)c1,0.020111565
CC1=C(SC(=N1)CC2=CC(=CC=C2)C(F)(F)F)C3=CN=C(C=C3)C(=O)N,0.020104038
CN1C(=CC(=N1)C(F)(F)F)C2=CN=C(N=C2)N3CCC4=C3C(=CC(=C4)S(=O)(=O)NC5=C(C=C(C=C5F)Cl)F)N6CCCC6=O,0.0199738
C1=CC(=CC(=C1)Cl)NC(=O)NC2=NC(=CS2)CCNC3=NC=NC4=C3SC=C4,0.019938724
C1CC(CCC1NC2=CC(=NC(=N2)C3=CNC4=C3C=CC=N4)Cl)O,0.018546887
Oc1cc(nc(Nc2nc3ccc(cc3[nH]2)[N+](=O)[O-])n1)c4ccccc4,0.018330226
CN1C=C(C=N1)NC2=NC=C(C(=N2)NC3=CC=CC=C3C(=O)N)Br,0.018182945
C1CNCCN(C1)S(=O)(=O)C2=CC=CC3=C2C=CN=C3,0.018049784
C1=CC=C(C(=C1)C(=O)O)NC2=NC=NC(=N2)NC3=CC(=CC=C3)F,0.017643547
CCN(CCCOC1=CC2=C(C=C1)C(=NC=N2)NC3=NNC(=C3)CC(=O)NC4=CC(=CC=C4)F)CCO,0.017470425
CN(C)C1=CC=C(C=C1)C2=CC(=NC(=N2)NS(=O)(=O)C3=CC=C(C=C3)N)C4=CC=C(C=C4)[N+](=O)[O-],0.01738761
C1=CC2=C(NC=C2C3=CC(=NC(=C3)Cl)NCCN)N=C1,0.017361535
C1CNCCC1C2=CC=C(C=C2)C3=C4C=CC(=CC4=CC(=C3)C(=O)O)C5=CC=C(C=C5)C(F)(F)F,0.017324664
CNC1=NC=C(C(=N1)N)OC2=CC=CC(=C2)NC(=O)NC3=CC(=C(C=C3)Cl)C(F)(F)F,0.016637016
CCc1ccc(cc1)C(=O)c2sc(Nc3cccc(Cl)c3)nc2N,0.015965007
CC(C1=CC(=NC=C1)NC2=NC3=C(N2)C=C(C=C3)C4=CC(=NC=N4)N(C)C)N5CCN(CC5)C(=O)CC(F)(F)F,0.015345617
CS(=O)(=O)NC1=CC=C(C=C1)NC2=CC3=C(C=C2)NN=C3N,0.015302922
CC#CC1=CC2=C(C=CN=C2C=C1)NC(=O)NC3=CC=CC(=N3)C(F)(F)F,0.015007762
C1CC(CCC1NC2=NC(=CC(=N2)Cl)C3=CNC4=C3C=CC=N4)O,0.014837934
CC(C)(C)C1=CN=C(O1)CSC2=CN=C(S2)NC3CCCN(C3)C(=O)C4=CC=C(C=C4)NC(=O)C=C,0.014638819
CCCC1=CC2=C(C=CN=C2C=C1)NC(=O)NC3=CC=CC(=N3)C(F)(F)F,0.014573121
C1=CC(=NC(=C1)NC(=O)NC2=C3C=C(C(=CC3=NC=C2)F)F)C(F)(F)F,0.014409297
CC(C)OC1=CC=C(C=C1)NC(=O)N2CCN(CC2)C3=NC=NC4=CC(=C(C=C43)OC)OCCCN5CCCCC5,0.013985374
CCN(CC)CCOC1=CC=C(C=C1)NC2=NC=C3C=C(C(=O)N(C3=N2)C)C4=C(C=CC=C4Cl)Cl,0.013852543
CC1=CN=C(S1)NC2=NC(=NC=C2Br)NC(C)C,0.01371133
CC1=C(C=C(C2=C1C=C(C=C2)C3=CC=C(C=C3)C(F)(F)F)C4=CC=C(C=C4)C5CCNCC5)C(=O)O,0.013588458
CCOC(=O)c1cccc(NS(=O)(=O)c2ccc3NC(=O)C(=C4CCCC4)c3c2)c1,0.01357921
CC1=CC(=CC=C1)NC(=O)NC2=CC=C(C=C2)C3=CSC4=C3C(=NC=C4C#CCCCCCCCCN)N,0.013477528
C1=CC=C(C(=C1)C(=O)O)NC2=NC(=NC=C2)NC3=CC(=CC=C3)F,0.013468403
CCCNC(=O)C1=CC=C(C=C1)NC2=NC(=C3C=CNC3=N2)CCC(F)(F)F,0.013251435
CC1=CC2=C(C=CN=C2C=C1)NC(=O)NC3=CC=CC(=N3)C(F)(F)F,0.013098693
CNC(=O)C1=CC=C(C=C1)NC2=NC=C(C(=N2)NCC3=NC=CN=C3N(C)S(=O)(=O)C)C(F)(F)F,0.012873424
C1CCC(C1)C(CC#N)N2C=C(C=N2)C3=C4C=CNC4=NC=N3,0.012820822
C1=CC2=C(C=CN=C2C(=C1)F)NC(=O)NC3=CC=CC(=N3)C(F)(F)F,0.012536258
CN(C)CC(=O)NC1=NNC2=C1C=C(C=C2)C3=CN(N=N3)CC4=CC=CC=C4,0.01220716
C1=CC(=NC(=C1)NC(=O)NC2=C3C=C(C=CC3=NC=C2)F)C(F)(F)F,0.011865235
COC1=C(C(=CC=C1)OC)CNC2=NC(=NC3=C2C=C(C=C3)Cl)NC4CCCCC4,0.011693687
C1=CC(=NC(=C1)NC(=O)NC2=CC=NC3=C(C=CC(=C23)F)F)C(F)(F)F,0.011674684
C1=CC(=CC(=C1)Cl)NC(=O)NC2=NC=C(S2)CCNC3=NC=NC4=C3SC=C4,0.011039446
CN1CCN(CC1)C2=CC=C(C=C2)C(=O)NC3=NNC4=C3CN(C4)C(=O)C(C5=CC=CC=C5)OC,0.010937492
COC1=CC2=NC=CC(=C2C=C1)NC(=O)NC3=CC=CC(=N3)C(F)(F)F,0.010812638
COC1=CC2=C(C=C1)C=C(C=C2)OCC3(CN(C3)C(=O)C4=CC=C(C=C4)F)C(=O)O,0.010804376
C1CC1S(=O)(=O)N2CCC3=C(C2)N4C=C(N=C(C4=N3)N5CCOCC5)C6=CN=C(N=C6)N,0.010608769
C1CC(CC(C1)NC2=NC(=CC(=N2)Cl)C3=CNC4=C3C=CC=N4)N,0.010112616
CCCNC(=O)C1=CC=C(C=C1)NC2=NC3=C(C=CN3)C(=N2)NCC(F)(F)F,0.010093812
C1CC(=O)N(C1)C2=CC(=CC3=C2N(CC3)C4=NC=C(C=N4)N)S(=O)(=O)NC5=C(C=C(C=C5F)Cl)F,0.009843935
CC1=NN(C2=C1C(=O)C3=C(N2OCC(C)C)C=CC(=C3)Cl)C,0.009326746
C1=CC=C2C(=C1)C(=O)NC(S2)C3=CC=CC=N3,0.009248777
CC(C)(C)C1=NN(C(=C1)NC(=O)NC2=CC=CC3=CC=CC=C32)C4=CC=CC(=C4)C(=O)NCCOCCO,0.009091544
CC1(C(=O)N(C2=NC=C(N21)C(=O)NC3(CC3)C4=NC(=NO4)C5CCC5)C6=CC(=CC(=C6)Cl)Cl)CC7=CC=C(C=C7)C#N,0.008852822
CS(=O)(=O)CCNCC1=CC=C(O1)C2=CC3=C(C=C2)N=CN=C3NC4=CC(=C(C=C4)OCC5=CC(=CC=C5)F)Cl,0.008567913
COCOC1=C(C(=CC=C1)OCOC)C2=C(C=C(C=C2)NS(=O)(=O)C)C(=O)OC,0.008498224
CCN(CCN)C(=O)C1=CC(=CC=C1)N2C(=CC(=N2)C(C)(C)C)NC(=O)NC3=CC=CC4=CC=CC=C43,0.008465588
CC1=CC(=O)NN=C1C2=CC=C(C=C2)NC(=O)NC3=CC(=CC=C3)Cl,0.008273942
C1C(CN1CC2=CC=C(C=C2)OCC3=CC(=CC=C3)C(F)(F)F)C(=O)O,0.008187593
COc1cc(CC2C(COC2=O)C3(SCCCS3)c4ccc5OCOc5c4)cc(OC)c1OC,0.00802603
CC(C)C1=C2C=C(C=CC2=NN1C)C3=NC(=NC=C3)NC4CCC(CC4)NC5CCOCC5,0.007991629
C1=CC(=C(C(=C1)F)C(=O)N2C(=NC(=N2)NC3=CC=C(C=C3)S(=O)(=O)N)N)F,0.007909758
C1=CC(=NC(=C1)NC(=O)NC2=C3C=C(C=CC3=NC=C2)Cl)C(F)(F)F,0.007799041
CC1=NC(=NC=C1)NC2=CC(=CC(=C2)C3=CN=C(S3)C4(CCC(C(C4)(C)C)C(=O)O)O)C,0.007739206
CN(C)CC=CC(=O)NC1=CC=CC(=C1)C(=O)NC2=CC=CC(=C2)NC3=NC=C(C(=N3)C4=CNC5=CC=CC=C54)Cl,0.007732625
CC1=C(C(=NN1CC2=CC=C(C=C2)C(C)(C)C)C(F)(F)F)NC(=O)C3=CC(=NC4=C3C=CC(=C4)F)C(=O)N,0.007699108
C1CC(CCC1N)NC2=CC(=NC(=N2)C3=CNC4=C3C=CC=N4)Cl,0.007686208
CCN(CCN(C)C)C(=O)C1=CC(=CC=C1)N2C(=CC(=N2)C(C)(C)C)NC(=O)NC3=CC=CC4=CC=CC=C43,0.007647716
CC(C)(C)C1=NN(C(=C1)NC(=O)C(=O)C2=CC=CC3=CC=CC=C32)C4=CC=C(C=C4)OCCC(=O)N,0.007435783
O=C(N\C(=N\c1ccc2OCCOc2c1)\NCCc3c[nH]c4ccccc34)c5ccc6OCOc6c5,0.007428799
C1CCC(CC1)CCCNC(=O)C2=CC=C(C=C2)CNC(=O)C3=C(N(N=C3)C4=CC=CC=C4)N,0.006987598
COc1ccc(cc1O)C2C(=C(N)Oc3[nH]nc(c4ccc5OCOc5c4)c23)C#N,0.006979191
C1=CC=C2C(=C1)N=C(S2)NC(=O)CC3=CC=CS3,0.006921637
CC(C)(C)C1=NN(C(=C1)NC(=O)NC2=CC=CC3=CC=CC=C32)C4=CC=CC(=C4)C(=O)N(C)CCC#N,0.006830728
CCCCN(CCCC)C(=O)CN1CC(C(C1CC(C)(C)CCC)C(=O)O)C2=CC3=C(C(=C2)OC)OCO3,0.00666304
C1=CC(=NC(=C1)NC(=O)NC2=C3C=CC(=CC3=NC=C2)Cl)C(F)(F)F,0.006610313
CS(=O)(=O)NC1CCC(CC1)NC2=CC(=NC(=N2)C3=CNC4=C3C=CC=N4)Cl,0.006233353
CC(C)(C)C1=NN(C(=C1)NC(=O)C(=O)C2=CC=CC3=CC=CC=C32)C4=CC=C(C=C4)OCCC(=O)O,0.006109932
C1=CC2=C(NC=C2C3=CC(=NC(=N3)N)Cl)N=C1,0.005982124
C1=CC(=NC(=C1)NC(=O)NC2=C3C=CC(=CC3=NC=C2)OC(F)F)C(F)(F)F,0.00584871
CC1=C(C=CC(=C1)OCC2=CC(=C(C=C2)Cl)Cl)CN3CC(C3)C(=O)O,0.005848703
CN1CCC(CC1)COC2=C(C=C3C(=C2)N=CN=C3NC4=C(C=C(C=C4)Br)F)OC,0.005805022
C(C1C(c2cccc(c2)O)c2c(c3cccc(c3)[N+]([O-])=O)n[nH]c2OC=1N)#N,0.005695891
C1=CC=C2C(=C1)NC(=O)C(=N2)CSC3=NN=C(S3)NC(=O)NC4=CC=CC(=C4)C(F)(F)F,0.005669478
CCN(CC)CCNC(=O)C1=CC(=CC=C1)N2C(=CC(=N2)C(C)(C)C)NC(=O)NC3=CC=CC4=CC=CC=C43,0.005406026
CCN(CC)CCNC1=CC=C(C2=CC=CC=C21)O,0.005403895
O=C(NC/C1=C/C([F])=CC=C1)C4([H])CCN(CC/C3=C/N([H])C2=NC=CC=C23)CC4,0.005185752
CCS(=O)(=O)C1=NC=C2C(=C1)C=C(N2)CC(CC(C)(C)C3=C(C=C(C=C3)F)C(=O)N)(C(F)(F)F)O,0.005058806
C1CCC(CC1)NC2=C(C=C(C=C2)S(=O)(=O)NC(=O)C3=CC=C(C=C3)C4=CC=C(C=C4)F)N,0.005039463
C1=C(C=NC2=C1NC(=O)N2)Br,0.005031187
CC1=CC2=C(C=C1C)N(C(=N2)NCCCO)CC(=O)C3=CC(=C(C(=C3)C(C)(C)C)O)C(C)(C)C.Br,0.00498635
NC1=C(C#N)C(c2cccc(O)c2)c3c(O1)[nH]nc3c4ccc5OCOc5c4,0.004761508
CCOCC(C)OC1=CC=CC2=C1C(=NN2)N,0.004514847
CCN(CC)CCCNC(=O)C1=CN=C(C2=C1SC=C2C3=CC=C(C=C3)NC(=O)NC4=CC=CC(=C4)C)N,0.004398412
CC(C)(C)C1=NN(C(=C1)NC(=O)NC2=CC=CC3=CC=CC=C32)C4=CC=CC(=C4)C(=O)N(C)CCN,0.004222572
CC(C)(C)C1=NN(C(=C1)NC(=O)C(=O)C2=CC=CC3=CC=CC=C32)C4=CC=C(C=C4)OCC(=O)NCCO,0.004204007
CC(C)(C)C1=NN(C(=C1)NC(=O)C(=O)C2=CC=CC3=CC=CC=C32)C4=CC(=CC=C4)OCC(=O)NCCO,0.003988676
CC1=CC2=C(N1)C=CC(=C2F)OC3=NC=NC4=CC(=C(C=C43)OC)OCCCN5CCCC5,0.003963727
C1CC2=C(CC1C3=CC=CC=C3)C=NN2,0.003746927
CC(C)(C)N1C2=NC=NC(=C2C(=N1)C3=CC=C(C=C3)Cl)N,0.00374651
CN(C1=C(C=CC=N1)CNC2=NC(=NC=C2C(F)(F)F)NC3=CC4=C(C=C3)NC(=O)C4)S(=O)(=O)C,0.003656853
CCN(CC)CCCNC(=O)C1=CN=C(C2=C1SC=C2C3=CC=C(C=C3)NC(=O)NC4=CC(=CC=C4)F)N,0.003572684
C1CC(CCC1N)NC2=NC(=CC(=N2)Cl)C3=CNC4=C3C=CC=N4,0.003540795
CC1=CC(=C(C=C1NC(=O)C2=CC(=CC(=C2)C#N)S(F)(F)(F)(F)F)N3C=CN4C3=CC(=N4)C5=CN=CC=C5)C,0.003511256
CC(C1CCC(CC1)C(=O)NC2=CC=NC=C2)N,0.003438748
C1CC1C2=NOC(=N2)C3CC(CN(C3)C(=O)N4CCS(=O)(=O)CC4)C5=CC=C(C=C5)OC(F)(F)F,0.003107248
CN(C)C1=CC=C(C=C1)NC2=NNC(=C2)C3=CSC(=C3)Br,0.002995939
COc1ccc(CC2C(Cc3ccc(OC)c(OC)c3)C(=O)OC2=O)cc1OC,0.002879396
C1=CC(=C(C(=C1)F)C(=O)NC2=NC(=CC(=C2)C3=CNC4=C3C=CC=N4)Cl)F,0.002844113
CN(C1=NC(=NC=C1)CNC2=NC(=NC=C2C(F)(F)F)NC3=CC4=C(C=C3)NC(=O)C4)S(=O)(=O)C,0.002750205
CN(C1CCC2=C(C3=CC=CC=C3N2C1)CC(=O)O)S(=O)(=O)C4=CC=C(C=C4)F,0.0026871
CN(C)CC#CC1=CC(=C(C=C1)OCCCC2=C(N=C(S2)N3CCC4=C(C3)C(=CC=C4)C(=O)NC5=NC6=CC=CC=C6S5)C(=O)O)F,0.002477611
CC(C)(C)C1=NN(C(=C1)NC(=O)NC2=CC=CC3=CC=CC=C32)C4=CC=CC(=C4)C(=O)NCCCCO,0.002473933
Clc1ccc(\C=C\2/Oc3ccc(cc3NC2=O)C(=O)NCCN4CCCC4)cc1,0.002453745
CC1=CC(=NN1)NC2=NC(=CC(=N2)Cl)NCC3=CC=CC=C3,0.002351149
CN(C1CCC2=C(C3=C(N2C1)C=CC(=C3)S(=O)(=O)C)CC(=O)O)S(=O)(=O)C4=CC=C(C=C4)F,0.00231769
CCCCC(=O)NC1=NC(=CC(=C1)C2=CNC3=C2C=CC=N3)Cl,0.002278101
COc1cc(NS(=O)(=O)c2ccc3NC(=O)C(=C(C)C)c3c2)cc(OC)c1OC,0.002246366
CC(C1CCC(CC1)C(=O)NC2=C3C=CNC3=NC=C2)N,0.002154919
C1C(CN1CC2=C(C=C(C=C2)OCC3=CC(=CC=C3)C(F)(F)F)Cl)C(=O)O,0.002135661
C1CCC(CC1)NC2=CC(=NC(=N2)C3=CNC4=C3C=CC=N4)Cl,0.002008932
CC(=C1C(=O)Nc2ccc(cc12)S(=O)(=O)NCc3ccccc3)C,0.001891246
CCN(CC)CCNC(=O)C1=C(NC(=C1C)C=C2C3=C(C=CC(=C3)F)NC2=O)C,0.001883353
CC1(C)OCC(Cc2ccc3OCOc3c2)CO1,0.001801001
CN(CC1=CC(=C(C2=C1C=CC=N2)O)Cl)C3CCCCC3,0.001765552
C1CC1C2C3(CCS(=O)(=O)CC3)C4=C(N2S(=O)(=O)C5=CC=C(C=C5)F)C=CC(=C4)C(=O)NCC6=C(C=C(C=N6)C(F)(F)F)Cl,0.001679919
COc1ccccc1CNC(c1ccc2c(c1)NC(/C(=C/c1cccc(c1)[Cl])O2)=O)=O,0.001656668
CC(=O)c1cccc(NS(=O)(=O)c2ccc3NC(=O)Nc3c2)c1,0.001621621
CCC1CC(CC1C2=NC=C3N2C4=C(NC=C4)N=C3)NS(=O)(=O)C5CC5,0.001600768
CC(C)(C)C1=NN(C(=C1)NC(=O)C(=O)C2=CC=CC3=CC=CC=C32)C4=CC=C(C=C4)OCC(=O)N,0.00142021
CC(C)(C)C1=NN(C(=C1)NC(=O)C(=O)C2=CC=CC3=CC=CC=C32)C4=CC=C(C=C4)OCC(=O)O,0.001343867
CC1=CNC2=NC=CC(=C12)OC3=C(C=C(C=C3F)NC4=CC(=NC(=N4)N)Cl)F,0.001313322
CC(=C1C(=O)Nc2ccc(cc12)S(=O)(=O)NCc3ccc(C)cc3)C,0.001248168
CC(C)(C)C1=NN(C(=C1)NC(=O)NC2=CC=CC3=CC=CC=C32)C4=CC=CC(=C4)C(=O)NCCCO,0.001234857
CC1=NC=CC(=N1)COC(=O)N2CC3C(C2)C3CNC(=O)C4=CC5=NNN=C5C=C4,0.001234466
CC(C)(C)CCOC1=CC(=CC2=C1C(=NN2)N)C3=CC=C(C=C3)C(=O)N,0.001213856
CC(C)(C)C1=NN(C(=C1)NC(=O)C(=O)C2=CC=CC3=CC=CC=C32)C4=CC(=CC=C4)OCC(=O)O,0.001194767
CCN(CCCOC1=CC2=C(C=C1)C(=NC=N2)NC3=NNC(=C3)CC(=O)NC4=CC(=CC=C4)F)CCOP(=O)(O)O,0.001147717
C1C(CN1CC2=C(C=C(C=C2)OCC3=CC=CC=C3)Cl)C(=O)O,0.001049015
CC1(CCC(=C(C1)C2=CC=C(C=C2)Cl)CN3CCN(CC3)C4=CC(=C(C=C4)C(=O)NS(=O)(=O)C5=CC(=C(C=C5)NCC6CCC(CC6)OC)[N+](=O)[O-])OC7=CN=C8C(=C7)C=CN8)C,0.001043267
CC(C)(C)C1=NC2=C(N1)C3=C(C=C(C=C3)F)C4=C2C=CNC4=O,0.000993949
C1=CC=C(C=C1)CC(=O)NC2=CC(=C(C=C2)OC3=CC(=CC=C3)Cl)S(=O)(=O)N,0.000984843
C1CCC(CC1)NC2=NC(=CC(=N2)Cl)C3=CNC4=C3C=CC=N4,0.000873181
C1CCC(C(C1)N)NC2=NC(=CC(=N2)Cl)C3=CNC4=C3C=CC=N4,0.000763402
CC(C)(CNC1=NC=CC(=N1)C2=C(N=C3N2C=CN=C3OC)C4=CC=C(C=C4)F)CO,0.000739624
CC(=C1C(=O)Nc2ccc(cc12)S(=O)(=O)NCc3cccc(C)c3)C,0.000700746
CC1=C(C(NC(=O)N1C2=CC=CC(=C2)C(F)(F)F)C3=CN=C(C=C3)C#N)C(=O)C,0.000698472
CC(=C1C(=O)Nc2ccc(cc12)S(=O)(=O)NCCc3ccccc3)C,0.000697337
CN1C2=C(C=C(C=C2)N)C(C3=C1C=CC(=C3)N)C4=CC=CC=C4,0.000618423
CN1C=C(C2=C(C=CN=C21)OC3=C(C=C(C=C3F)NC4=CC(=NC(=N4)N)Cl)F)Cl,0.000564058
CC(C)(C)C1=NN(C(=C1)NC(=O)NC2=CC=CC3=CC=CC=C32)C4=CC=CC(=C4)C(=O)NCCCCN(C)C,0.000533814
CN(C)CC(=O)N1CCC2=CC(=C(C=C21)NC3=NC4=C(C=CN4)C(=N3)NC5=C(C(=CC=C5)F)C(=O)N)OC,0.000512221
CC1=CC(=CC=C1)NC2=NC(=CN=C2C(=O)N)NC3CCCCC3N,0.000481641
CC1=NC=CN2C1=NC(=C2C3=NC(=NC=C3)NCC(C)(C)CO)C4=C(C=C(C=C4)F)F,0.000449226
C1CCC(C(C1)N)NC2=NC(=C(C=C2)C(=O)N)NC3=CC(=CC=C3)Cl,0.000446759
CC(=C1C(=O)Nc2ccc(cc12)S(=O)(=O)Nc3cccc4CCCCc34)C,0.000437683
CC(=C1C(=O)Nc2ccc(cc12)S(=O)(=O)Nc3cc(C)cc(C)c3)C,0.000407496
CS(=O)(=O)NCCNC1=NC(=CC(=C1)C2=CNC3=C2C=CC=N3)Cl,0.000390226
CC(C)(C)C1=NN(C(=C1)NC(=O)NC2=CC=CC3=CC=CC=C32)C4=CC=CC(=C4)C(=O)N(C)CCCN(C)C,0.00036612
C1=CC(=C(C=C1C=CC2=CC(=CC(=C2)O)O)O)O,0.00036199
C1C2=C(C=CC=C2Br)C(=O)N1,0.000310078
CS(=O)(=O)N1CCCC(C1)NC(=O)C(CCC2CCCCC2)NC(=O)C3=CC=C(C=C3)CNC4=C5C(=NC=N4)N(N=N5)C6=CC=CC=C6,0.00020757
CN(C)C1CCC(CC1)NC2=NC(=CC(=N2)Cl)C3=CNC4=C3C=CC=N4,0.000180912
CC1=CN2CC(=O)NN=C2C=C1,0.000160512
CC(C)CNC1CCC(CC1)NC2=NC(=CC(=N2)Cl)C3=CNC4=C3C=CC=N4,0.000156138
CN(C)C1CCCC(C1)NC2=NC(=CC(=N2)Cl)C3=CNC4=C3C=CC=N4,0.000149216
CC(C)COC1=NC=CN2C1=NC(=C2C3=NC(=NC=C3)NCC(C)(C)CO)C4=CC=C(C=C4)F,0.000139086
CC1=NC2=CC(=NN2C(=C1)C(=O)N)C(C)(C)C,0.000132476
C1CCC(CC1)CCCNC(=O)C2=CC=C(C=C2)CNC(=O)C3=C(N(N=C3)C4=CC=CC=C4)C(F)(F)F,9.90E-05
C1=CC=C(C=C1)NC(=O)NN=CC2=CC(=C(C(=C2)Br)O)Br,6.65E-05
CC1=C2C=C(C=CC2=NN1)C3C(=C(NC(=C3C#N)C4=CC=C(C=C4)Cl)C)C#N,5.96E-05
CC(C)(CN)CNC1=NC(=CC(=C1)C2=CNC3=C2C=CC=N3)F,3.22E-05
C1CCN(C1)CCCCNC(=O)NC2=C(C(=NS2)OCC3=C(C=C(C=C3F)Br)F)C(=O)N,3.20E-05
C1CC(CCC1NS(=O)(=O)C(F)(F)F)(C2=C(C=CC(=C2)F)F)S(=O)(=O)C3=CC=C(C=C3)Cl,2.65E-05
CC1=NOC(=N1)C2CC(CN(C2)C(=O)N3CCS(=O)(=O)C3)C4=CC=C(C=C4)C(F)(F)F,2.50E-05
CC(=C1C(=O)Nc2ccc(cc12)S(=O)(=O)NC3CCCCC3)C,2.39E-05
CC(C)(CN)CNC1=NC(=CC(=C1)C2=CNC3=C2C=CC=N3)Cl,1.67E-05
CCCCC#CC1=CC=C(C=C1)CN2CC(C2)C(=O)O,1.25E-05
C1C(C(C(=O)C(=C1C2=CC=CC=C2)C#N)C(=O)C3=CC=CC=C3)C4=CC=C(C=C4)Cl,1.08E-05
CC1=CC(=CC(=C1)N2C=CN3C2=CC(=N3)C4=CN=CC=C4)NC(=O)C5=CC(=CC=C5)S(F)(F)(F)(F)F,8.57E-06
CC(C)(C1=CC(=C(C(=C1)I)O)Br)C2=CC(=C(C(=C2)I)O)Br,3.02E-06
CC(C(F)(F)F)N(CC1=CC=C(C=C1)F)C(=O)CN2C(=O)C3(CCC4=C3C=CC(=C4)NC(=O)NC)OC2=O,1.66E-06
CC(C(F)(F)F)N(CC1=CC=C(C=C1)F)C(=O)CN2C(=O)C3(CCC4=C3C=C(C=C4)NC(=O)NC)OC2=O,7.11E-07
CCOC1=CC(=C(C=C1)C=C2C(=O)N=C(S2)N)O,5.57E-07
C1C(=O)NN=C2N1C3=CC=CC=C3OC2,2.91E-09
